{
  "type": "FeatureCollection",
  "features": [
    {
      "type": "Feature",
      "properties": {
        "indoor": "room",
        "level": [
          4
        ],
        "ref": "27419A",
        "name": "전산기계실",
        "room_type": "facility",
        "_idx": 1,
        "_centroid": [
          126.9764726,
          37.2955741
        ],
        "_area_m2": 61.4
      },
      "geometry": {
        "type": "Polygon",
        "coordinates": [
          [
            [
              126.97649111450511,
              37.29554783225876
            ],
            [
              126.9764869750043,
              37.29552262777209
            ],
            [
              126.97643085162989,
              37.29552877254717
            ],
            [
              126.97644888718256,
              37.29563858693486
            ],
            [
              126.97650506084616,
              37.29563274838368
            ],
            [
              126.97649111450511,
              37.29554783225876
            ]
          ]
        ]
      }
    },
    {
      "type": "Feature",
      "properties": {
        "indoor": "room",
        "level": [
          4
        ],
        "ref": "27419B",
        "name": "ICT명품인재사업단",
        "room_type": "lab",
        "_idx": 2,
        "_centroid": [
          126.9763625,
          37.295568
        ],
        "_area_m2": 191.3
      },
      "geometry": {
        "type": "Polygon",
        "coordinates": [
          [
            [
              126.97644888718256,
              37.29563858693486
            ],
            [
              126.97643085162989,
              37.29552877254717
            ],
            [
              126.97638630820734,
              37.29553364946906
            ],
            [
              126.97638632236959,
              37.295533726746726
            ],
            [
              126.97635724881455,
              37.29553694730064
            ],
            [
              126.97625497684143,
              37.2955475580883
            ],
            [
              126.97627294930136,
              37.29565687351669
            ],
            [
              126.97644888718256,
              37.29563858693486
            ]
          ]
        ]
      }
    },
    {
      "type": "Feature",
      "properties": {
        "indoor": "room",
        "level": [
          4
        ],
        "ref": "",
        "name": "",
        "room_type": "",
        "_idx": 3,
        "_centroid": [
          126.9765779,
          37.2955484
        ],
        "_area_m2": 55.2
      },
      "geometry": {
        "type": "Polygon",
        "coordinates": [
          [
            [
              126.97656236123102,
              37.29559584247966
            ],
            [
              126.97663165341348,
              37.29558854471694
            ],
            [
              126.97661829091287,
              37.29550825039846
            ],
            [
              126.97654894876017,
              37.295515842456794
            ],
            [
              126.97655314923055,
              37.295540896582274
            ],
            [
              126.97655316199429,
              37.29554089515525
            ],
            [
              126.97656236123102,
              37.29559584247966
            ]
          ]
        ]
      }
    },
    {
      "type": "Feature",
      "properties": {
        "indoor": "room",
        "level": [
          4
        ],
        "ref": "213",
        "name": "",
        "room_type": "",
        "_idx": 4,
        "_centroid": [
          126.9766593,
          37.2955447
        ],
        "_area_m2": 54.8
      },
      "geometry": {
        "type": "Polygon",
        "coordinates": [
          [
            [
              126.97661829091287,
              37.29550825039846
            ],
            [
              126.97663165341348,
              37.29558854471694
            ],
            [
              126.97670025213101,
              37.29558130215707
            ],
            [
              126.9766868458124,
              37.29550074453406
            ],
            [
              126.97661829091287,
              37.29550825039846
            ]
          ]
        ]
      }
    },
    {
      "type": "Feature",
      "properties": {
        "indoor": "room",
        "level": [
          4
        ],
        "ref": "27417",
        "name": "IWT연구실",
        "room_type": "lab",
        "_idx": 5,
        "_centroid": [
          126.9767275,
          37.2955374
        ],
        "_area_m2": 54.4
      },
      "geometry": {
        "type": "Polygon",
        "coordinates": [
          [
            [
              126.9766868458124,
              37.29550074453406
            ],
            [
              126.97670025213101,
              37.29558130215707
            ],
            [
              126.9767681191168,
              37.29557413685244
            ],
            [
              126.97675466944823,
              37.295493318733456
            ],
            [
              126.9766868458124,
              37.29550074453406
            ]
          ]
        ]
      }
    },
    {
      "type": "Feature",
      "properties": {
        "indoor": "room",
        "level": [
          4
        ],
        "ref": "27421",
        "name": "조교PC실",
        "room_type": "classroom",
        "_idx": 6,
        "_centroid": [
          126.9763114,
          37.2955325
        ],
        "_area_m2": 21
      },
      "geometry": {
        "type": "Polygon",
        "coordinates": [
          [
            [
              126.97634465459306,
              37.29551531657415
            ],
            [
              126.97625126897238,
              37.295525005399554
            ],
            [
              126.97625497684143,
              37.2955475580883
            ],
            [
              126.97635724881455,
              37.29553694730064
            ],
            [
              126.9763487602778,
              37.29553775512501
            ],
            [
              126.97634465459306,
              37.29551531657415
            ]
          ]
        ]
      }
    },
    {
      "type": "Feature",
      "properties": {
        "indoor": "room",
        "level": [
          4
        ],
        "ref": "",
        "name": "",
        "room_type": "",
        "_idx": 7,
        "_centroid": [
          126.97652,
          37.2955318
        ],
        "_area_m2": 15.5
      },
      "geometry": {
        "type": "Polygon",
        "coordinates": [
          [
            [
              126.9764869750043,
              37.29552262777209
            ],
            [
              126.97649111450511,
              37.29554783225876
            ],
            [
              126.97655314923055,
              37.295540896582274
            ],
            [
              126.97654894876017,
              37.295515842456794
            ],
            [
              126.9764869750043,
              37.29552262777209
            ]
          ]
        ]
      }
    },
    {
      "type": "Feature",
      "properties": {
        "indoor": "room",
        "level": [
          4
        ],
        "ref": "27415",
        "name": "박장호교수LAB",
        "room_type": "lab",
        "_idx": 8,
        "_centroid": [
          126.9767949,
          37.2955301
        ],
        "_area_m2": 53.9
      },
      "geometry": {
        "type": "Polygon",
        "coordinates": [
          [
            [
              126.97675466944823,
              37.295493318733456
            ],
            [
              126.9767681191168,
              37.29557413685244
            ],
            [
              126.97683508663991,
              37.295567066511865
            ],
            [
              126.9768215941953,
              37.29548599134941
            ],
            [
              126.97675466944823,
              37.295493318733456
            ]
          ]
        ]
      }
    },
    {
      "type": "Feature",
      "properties": {
        "indoor": "room",
        "level": [
          4
        ],
        "ref": "27413",
        "name": "계량기술경영연구실",
        "room_type": "lab",
        "_idx": 9,
        "_centroid": [
          126.9768633,
          37.2955228
        ],
        "_area_m2": 56.5
      },
      "geometry": {
        "type": "Polygon",
        "coordinates": [
          [
            [
              126.9768215941953,
              37.29548599134941
            ],
            [
              126.97683508663991,
              37.295567066511865
            ],
            [
              126.97690505004108,
              37.295559679870536
            ],
            [
              126.97689151290756,
              37.29547833616535
            ],
            [
              126.9768215941953,
              37.29548599134941
            ]
          ]
        ]
      }
    },
    {
      "type": "Feature",
      "properties": {
        "indoor": "room",
        "level": [
          4
        ],
        "ref": "27411",
        "name": "테크노매트릭스 연구실",
        "room_type": "lab",
        "_idx": 10,
        "_centroid": [
          126.9769321,
          37.2955154
        ],
        "_area_m2": 54.9
      },
      "geometry": {
        "type": "Polygon",
        "coordinates": [
          [
            [
              126.97689151290756,
              37.29547833616535
            ],
            [
              126.97690505004108,
              37.295559679870536
            ],
            [
              126.97697280862643,
              37.29555252601068
            ],
            [
              126.97695922821228,
              37.29547092222559
            ],
            [
              126.97689151290756,
              37.29547833616535
            ]
          ]
        ]
      }
    },
    {
      "type": "Feature",
      "properties": {
        "indoor": "room",
        "level": [
          4
        ],
        "ref": "27409",
        "name": "인공지능 및 스마트헬스케어 연구실",
        "room_type": "lab",
        "_idx": 11,
        "_centroid": [
          126.9770007,
          37.295508
        ],
        "_area_m2": 56.3
      },
      "geometry": {
        "type": "Polygon",
        "coordinates": [
          [
            [
              126.97695922821228,
              37.29547092222559
            ],
            [
              126.97697280862643,
              37.29555252601068
            ],
            [
              126.97704211218873,
              37.295545209034245
            ],
            [
              126.97702848750656,
              37.29546333923918
            ],
            [
              126.97695922821228,
              37.29547092222559
            ]
          ]
        ]
      }
    },
    {
      "type": "Feature",
      "properties": {
        "indoor": "room",
        "level": [
          4
        ],
        "ref": "27423A",
        "name": "",
        "room_type": "",
        "_idx": 12,
        "_centroid": [
          126.9762956,
          37.2955064
        ],
        "_area_m2": 25.4
      },
      "geometry": {
        "type": "Polygon",
        "coordinates": [
          [
            [
              126.97633964108044,
              37.29548791652638
            ],
            [
              126.97624675562201,
              37.2954975534631
            ],
            [
              126.97625126897238,
              37.295525005399554
            ],
            [
              126.97634465459306,
              37.29551531657415
            ],
            [
              126.97633964108044,
              37.29548791652638
            ]
          ]
        ]
      }
    },
    {
      "type": "Feature",
      "properties": {
        "indoor": "room",
        "level": [
          4
        ],
        "ref": "27407",
        "name": "",
        "room_type": "",
        "_idx": 13,
        "_centroid": [
          126.9770691,
          37.2955006
        ],
        "_area_m2": 55.1
      },
      "geometry": {
        "type": "Polygon",
        "coordinates": [
          [
            [
              126.97702848750656,
              37.29546333923918
            ],
            [
              126.97704211218873,
              37.295545209034245
            ],
            [
              126.97710971976822,
              37.295538071117385
            ],
            [
              126.97709605190155,
              37.295455941822055
            ],
            [
              126.97702848750656,
              37.29546333923918
            ]
          ]
        ]
      }
    },
    {
      "type": "Feature",
      "properties": {
        "indoor": "room",
        "level": [
          4
        ],
        "ref": "27405",
        "name": "E-Manufacturing연구실",
        "room_type": "lab",
        "_idx": 14,
        "_centroid": [
          126.9771374,
          37.2954933
        ],
        "_area_m2": 56.5
      },
      "geometry": {
        "type": "Polygon",
        "coordinates": [
          [
            [
              126.97709605190155,
              37.295455941822055
            ],
            [
              126.97710971976822,
              37.295538071117385
            ],
            [
              126.97717876621687,
              37.295530781286665
            ],
            [
              126.97716505424688,
              37.29544838696818
            ],
            [
              126.97709605190155,
              37.295455941822055
            ]
          ]
        ]
      }
    },
    {
      "type": "Feature",
      "properties": {
        "indoor": "room",
        "level": [
          4
        ],
        "ref": "27403",
        "name": "스마트품질연구실",
        "room_type": "lab",
        "_idx": 15,
        "_centroid": [
          126.9772061,
          37.2954859
        ],
        "_area_m2": 56.2
      },
      "geometry": {
        "type": "Polygon",
        "coordinates": [
          [
            [
              126.97716505424688,
              37.29544838696818
            ],
            [
              126.97717876621687,
              37.295530781286665
            ],
            [
              126.97724724758702,
              37.29552355111616
            ],
            [
              126.97723349187454,
              37.29544089394351
            ],
            [
              126.97716505424688,
              37.29544838696818
            ]
          ]
        ]
      }
    },
    {
      "type": "Feature",
      "properties": {
        "indoor": "room",
        "level": [
          4
        ],
        "ref": "27423B",
        "name": "",
        "room_type": "",
        "_idx": 16,
        "_centroid": [
          126.976291,
          37.2954801
        ],
        "_area_m2": 23.3
      },
      "geometry": {
        "type": "Polygon",
        "coordinates": [
          [
            [
              126.97633501011657,
              37.29546260719922
            ],
            [
              126.97624258665626,
              37.29547219620651
            ],
            [
              126.97624675562201,
              37.2954975534631
            ],
            [
              126.97633964108044,
              37.29548791652638
            ],
            [
              126.97633501011657,
              37.29546260719922
            ]
          ]
        ]
      }
    },
    {
      "type": "Feature",
      "properties": {
        "indoor": "room",
        "level": [
          4
        ],
        "ref": "27401",
        "name": "시스템경영공학과/산업공학과사무실/품질혁신센터",
        "room_type": "lab",
        "_idx": 17,
        "_centroid": [
          126.9772844,
          37.2954749
        ],
        "_area_m2": 61.1
      },
      "geometry": {
        "type": "Polygon",
        "coordinates": [
          [
            [
              126.9773124672676,
              37.295461749066725
            ],
            [
              126.97730744363868,
              37.29543279719305
            ],
            [
              126.97723349187454,
              37.29544089394351
            ],
            [
              126.97724724758702,
              37.29552355111616
            ],
            [
              126.9773215036315,
              37.295515711263356
            ],
            [
              126.9773124672676,
              37.295461749066725
            ]
          ]
        ]
      }
    },
    {
      "type": "Feature",
      "properties": {
        "indoor": "room",
        "level": [
          4
        ],
        "ref": "27420B",
        "name": "노상도교수실",
        "room_type": "office",
        "_idx": 18,
        "_centroid": [
          126.9765545,
          37.2954654
        ],
        "_area_m2": 19.2
      },
      "geometry": {
        "type": "Polygon",
        "coordinates": [
          [
            [
              126.9765441404846,
              37.295487009399885
            ],
            [
              126.97654463368468,
              37.29549014946044
            ],
            [
              126.97657887650757,
              37.29548640144628
            ],
            [
              126.97656947066686,
              37.2954299835343
            ],
            [
              126.97653519864234,
              37.29543359950049
            ],
            [
              126.9765441404846,
              37.295487009399885
            ]
          ]
        ]
      }
    },
    {
      "type": "Feature",
      "properties": {
        "indoor": "room",
        "level": [
          4
        ],
        "ref": "27420A",
        "name": "손미애교수실",
        "room_type": "office",
        "_idx": 19,
        "_centroid": [
          126.9765915,
          37.2954563
        ],
        "_area_m2": 19.4
      },
      "geometry": {
        "type": "Polygon",
        "coordinates": [
          [
            [
              126.97656947066686,
              37.2954299835343
            ],
            [
              126.97657887650757,
              37.29548640144628
            ],
            [
              126.97661352981669,
              37.295482608502766
            ],
            [
              126.97660414373854,
              37.295426309124835
            ],
            [
              126.97656947066686,
              37.2954299835343
            ]
          ]
        ]
      }
    },
    {
      "type": "Feature",
      "properties": {
        "indoor": "room",
        "level": [
          4
        ],
        "ref": "27423C",
        "name": "",
        "room_type": "",
        "_idx": 20,
        "_centroid": [
          126.9762864,
          37.2954536
        ],
        "_area_m2": 25.3
      },
      "geometry": {
        "type": "Polygon",
        "coordinates": [
          [
            [
              126.97632996942782,
              37.29543505862744
            ],
            [
              126.97623804884093,
              37.2954445954647
            ],
            [
              126.97624258665626,
              37.29547219620651
            ],
            [
              126.97633501011657,
              37.29546260719922
            ],
            [
              126.97632996942782,
              37.29543505862744
            ]
          ]
        ]
      }
    },
    {
      "type": "Feature",
      "properties": {
        "indoor": "room",
        "level": [
          4
        ],
        "ref": "27418B",
        "name": "신준석교수실",
        "room_type": "office",
        "_idx": 21,
        "_centroid": [
          126.976626,
          37.2954526
        ],
        "_area_m2": 19.2
      },
      "geometry": {
        "type": "Polygon",
        "coordinates": [
          [
            [
              126.97660414373854,
              37.295426309124835
            ],
            [
              126.97661352981669,
              37.295482608502766
            ],
            [
              126.97664789214218,
              37.29547884740856
            ],
            [
              126.97663852566014,
              37.295422665569426
            ],
            [
              126.97660414373854,
              37.295426309124835
            ]
          ]
        ]
      }
    },
    {
      "type": "Feature",
      "properties": {
        "indoor": "room",
        "level": [
          4
        ],
        "ref": "27418A",
        "name": "예비(시스템경영)",
        "room_type": "reserved",
        "_idx": 22,
        "_centroid": [
          126.9766598,
          37.295449
        ],
        "_area_m2": 18.6
      },
      "geometry": {
        "type": "Polygon",
        "coordinates": [
          [
            [
              126.97663852566014,
              37.295422665569426
            ],
            [
              126.97664789214218,
              37.29547884740856
            ],
            [
              126.97668115709168,
              37.295475206426566
            ],
            [
              126.97667180958004,
              37.29541913837255
            ],
            [
              126.97663852566014,
              37.295422665569426
            ]
          ]
        ]
      }
    },
    {
      "type": "Feature",
      "properties": {
        "indoor": "room",
        "level": [
          4
        ],
        "ref": "",
        "name": "",
        "room_type": "",
        "_idx": 23,
        "_centroid": [
          126.9773416,
          37.2954466
        ],
        "_area_m2": 16.9
      },
      "geometry": {
        "type": "Polygon",
        "coordinates": [
          [
            [
              126.97730744363868,
              37.29543279719305
            ],
            [
              126.9773124672676,
              37.295461749066725
            ],
            [
              126.97731181784786,
              37.295457857717416
            ],
            [
              126.97736181596531,
              37.29545208819158
            ],
            [
              126.97738033032685,
              37.295449940317695
            ],
            [
              126.97737581549195,
              37.29542531136981
            ],
            [
              126.97730744363868,
              37.29543279719305
            ]
          ]
        ]
      }
    },
    {
      "type": "Feature",
      "properties": {
        "indoor": "room",
        "level": [
          4
        ],
        "ref": "27416",
        "name": "",
        "room_type": "",
        "_idx": 24,
        "_centroid": [
          126.9767104,
          37.2954435
        ],
        "_area_m2": 37.8
      },
      "geometry": {
        "type": "Polygon",
        "coordinates": [
          [
            [
              126.97667180958004,
              37.29541913837255
            ],
            [
              126.97668115709168,
              37.295475206426566
            ],
            [
              126.97674906221502,
              37.29546777393875
            ],
            [
              126.97673975342863,
              37.29541193815901
            ],
            [
              126.97667180958004,
              37.29541913837255
            ]
          ]
        ]
      }
    },
    {
      "type": "Feature",
      "properties": {
        "indoor": "room",
        "level": [
          4
        ],
        "ref": "",
        "name": "",
        "room_type": "",
        "_idx": 25,
        "_centroid": [
          126.9774206,
          37.2954431
        ],
        "_area_m2": 77.3
      },
      "geometry": {
        "type": "Polygon",
        "coordinates": [
          [
            [
              126.97737581549195,
              37.29542531136981
            ],
            [
              126.97738033032685,
              37.295449940317695
            ],
            [
              126.97736181596531,
              37.29545208819158
            ],
            [
              126.97738033032687,
              37.295449940317695
            ],
            [
              126.97738991503957,
              37.2954995930276
            ],
            [
              126.97749408537481,
              37.295487237997584
            ],
            [
              126.97748157308328,
              37.29541388838472
            ],
            [
              126.97748136217116,
              37.29541391348144
            ],
            [
              126.97748136180006,
              37.29541391148736
            ],
            [
              126.97737967662103,
              37.295424888626705
            ],
            [
              126.97737581549195,
              37.29542531136981
            ]
          ]
        ]
      }
    },
    {
      "type": "Feature",
      "properties": {
        "indoor": "room",
        "level": [
          4
        ],
        "ref": "27422",
        "name": "SSIT 강의실",
        "room_type": "classroom",
        "_idx": 26,
        "_centroid": [
          126.9764383,
          37.2954386
        ],
        "_area_m2": 187.1
      },
      "geometry": {
        "type": "Polygon",
        "coordinates": [
          [
            [
              126.9764827532596,
              37.2954969225209
            ],
            [
              126.97648226139701,
              37.29549392768051
            ],
            [
              126.97648226139702,
              37.29549392768051
            ],
            [
              126.97645262228481,
              37.29531346181169
            ],
            [
              126.97634836445447,
              37.295325662462325
            ],
            [
              126.97638160637081,
              37.29550799345312
            ],
            [
              126.9764827532596,
              37.2954969225209
            ]
          ]
        ]
      }
    },
    {
      "type": "Feature",
      "properties": {
        "indoor": "room",
        "level": [
          4
        ],
        "ref": "27414",
        "name": "",
        "room_type": "",
        "_idx": 27,
        "_centroid": [
          126.9767786,
          37.2954362
        ],
        "_area_m2": 37.8
      },
      "geometry": {
        "type": "Polygon",
        "coordinates": [
          [
            [
              126.97673975342863,
              37.29541193815901
            ],
            [
              126.97674906221502,
              37.29546777393875
            ],
            [
              126.97681734905628,
              37.29546029967038
            ],
            [
              126.97680807921257,
              37.295404697470644
            ],
            [
              126.97673975342863,
              37.29541193815901
            ]
          ]
        ]
      }
    },
    {
      "type": "Feature",
      "properties": {
        "indoor": "room",
        "level": [
          4
        ],
        "ref": "26421",
        "name": "첨단e+강의실",
        "room_type": "classroom",
        "_idx": 28,
        "_centroid": [
          126.977523,
          37.2954307
        ],
        "_area_m2": 76.8
      },
      "geometry": {
        "type": "Polygon",
        "coordinates": [
          [
            [
              126.97762209168718,
              37.29542013036572
            ],
            [
              126.9775181676609,
              37.29543248852985
            ],
            [
              126.97751394875554,
              37.29541003595976
            ],
            [
              126.97748218850481,
              37.29541381515488
            ],
            [
              126.97748218963038,
              37.29541382096875
            ],
            [
              126.9774815730833,
              37.29541388838472
            ],
            [
              126.97748157308328,
              37.29541388838472
            ],
            [
              126.97749408537481,
              37.295487237997584
            ],
            [
              126.97763161146953,
              37.29547092683736
            ],
            [
              126.97762209168718,
              37.29542013036572
            ]
          ]
        ]
      }
    },
    {
      "type": "Feature",
      "properties": {
        "indoor": "room",
        "level": [
          4
        ],
        "ref": "27412",
        "name": "",
        "room_type": "",
        "_idx": 29,
        "_centroid": [
          126.9768466,
          37.2954288
        ],
        "_area_m2": 37.4
      },
      "geometry": {
        "type": "Polygon",
        "coordinates": [
          [
            [
              126.97680807921257,
              37.295404697470644
            ],
            [
              126.97681734905628,
              37.29546029967038
            ],
            [
              126.97688517503275,
              37.29545287584551
            ],
            [
              126.97687594386899,
              37.29539750564934
            ],
            [
              126.97680807921257,
              37.295404697470644
            ]
          ]
        ]
      }
    },
    {
      "type": "Feature",
      "properties": {
        "indoor": "room",
        "level": [
          4
        ],
        "ref": "27423D",
        "name": "",
        "room_type": "",
        "_idx": 30,
        "_centroid": [
          126.9762818,
          37.2954271
        ],
        "_area_m2": 23.1
      },
      "geometry": {
        "type": "Polygon",
        "coordinates": [
          [
            [
              126.97632533032944,
              37.295409704843266
            ],
            [
              126.9762338725522,
              37.295419193666994
            ],
            [
              126.97623804884093,
              37.2954445954647
            ],
            [
              126.97632996942782,
              37.29543505862744
            ],
            [
              126.97632533032944,
              37.295409704843266
            ]
          ]
        ]
      }
    },
    {
      "type": "Feature",
      "properties": {
        "indoor": "room",
        "level": [
          4
        ],
        "ref": "",
        "name": "",
        "room_type": "",
        "_idx": 31,
        "_centroid": [
          126.976915,
          37.2954215
        ],
        "_area_m2": 37.9
      },
      "geometry": {
        "type": "Polygon",
        "coordinates": [
          [
            [
              126.97687594386899,
              37.29539750564934
            ],
            [
              126.97688517503275,
              37.29545287584551
            ],
            [
              126.97695412345998,
              37.29544532916391
            ],
            [
              126.97694493161617,
              37.29539019481074
            ],
            [
              126.97687594386899,
              37.29539750564934
            ]
          ]
        ]
      }
    },
    {
      "type": "Feature",
      "properties": {
        "indoor": "room",
        "level": [
          4
        ],
        "ref": "27410B",
        "name": "임동준교수실",
        "room_type": "office",
        "_idx": 32,
        "_centroid": [
          126.9769663,
          37.295416
        ],
        "_area_m2": 18.3
      },
      "geometry": {
        "type": "Polygon",
        "coordinates": [
          [
            [
              126.97694493161617,
              37.29539019481074
            ],
            [
              126.97695412345998,
              37.29544532916391
            ],
            [
              126.97698760134472,
              37.29544166487529
            ],
            [
              126.97697842859282,
              37.295386645035606
            ],
            [
              126.97694493161617,
              37.29539019481074
            ]
          ]
        ]
      }
    },
    {
      "type": "Feature",
      "properties": {
        "indoor": "room",
        "level": [
          4
        ],
        "ref": "27410A",
        "name": "이동희교수실",
        "room_type": "office",
        "_idx": 33,
        "_centroid": [
          126.9770002,
          37.2954123
        ],
        "_area_m2": 18.8
      },
      "geometry": {
        "type": "Polygon",
        "coordinates": [
          [
            [
              126.97697842859282,
              37.295386645035606
            ],
            [
              126.97698760134472,
              37.29544166487529
            ],
            [
              126.97702194392733,
              37.29543790594203
            ],
            [
              126.97701279076041,
              37.29538300357358
            ],
            [
              126.97697842859282,
              37.295386645035606
            ]
          ]
        ]
      }
    },
    {
      "type": "Feature",
      "properties": {
        "indoor": "room",
        "level": [
          4
        ],
        "ref": "27408",
        "name": "",
        "room_type": "",
        "_idx": 34,
        "_centroid": [
          126.9770521,
          37.2954067
        ],
        "_area_m2": 37.8
      },
      "geometry": {
        "type": "Polygon",
        "coordinates": [
          [
            [
              126.97701279076041,
              37.29538300357358
            ],
            [
              126.97702194392733,
              37.29543790594203
            ],
            [
              126.9770913700222,
              37.29543030697779
            ],
            [
              126.9770822564477,
              37.295375642086235
            ],
            [
              126.97701279076041,
              37.29538300357358
            ]
          ]
        ]
      }
    },
    {
      "type": "Feature",
      "properties": {
        "indoor": "room",
        "level": [
          4
        ],
        "ref": "27406",
        "name": "",
        "room_type": "",
        "_idx": 35,
        "_centroid": [
          126.9771206,
          37.2953993
        ],
        "_area_m2": 36.7
      },
      "geometry": {
        "type": "Polygon",
        "coordinates": [
          [
            [
              126.9770822564477,
              37.295375642086235
            ],
            [
              126.9770913700222,
              37.29543030697779
            ],
            [
              126.97715895340109,
              37.2954229097062
            ],
            [
              126.97714987836797,
              37.29536847598841
            ],
            [
              126.9770822564477,
              37.295375642086235
            ]
          ]
        ]
      }
    },
    {
      "type": "Feature",
      "properties": {
        "indoor": "room",
        "level": [
          4
        ],
        "ref": "",
        "name": "",
        "room_type": "",
        "_idx": 36,
        "_centroid": [
          126.977346,
          37.2953943
        ],
        "_area_m2": 7.9
      },
      "geometry": {
        "type": "Polygon",
        "coordinates": [
          [
            [
              126.97730153647187,
              37.29539545972238
            ],
            [
              126.9773034756328,
              37.295407091168904
            ],
            [
              126.97737076675843,
              37.2953997258856
            ],
            [
              126.97736832377936,
              37.29538774151854
            ],
            [
              126.97736832377936,
              37.295387741518546
            ],
            [
              126.97736371830028,
              37.295388335652106
            ],
            [
              126.97730153647187,
              37.29539545972238
            ]
          ]
        ]
      }
    },
    {
      "type": "Feature",
      "properties": {
        "indoor": "room",
        "level": [
          4
        ],
        "ref": "27404",
        "name": "",
        "room_type": "",
        "_idx": 37,
        "_centroid": [
          126.9771888,
          37.295392
        ],
        "_area_m2": 37.2
      },
      "geometry": {
        "type": "Polygon",
        "coordinates": [
          [
            [
              126.97714987836797,
              37.29536847598841
            ],
            [
              126.97715895340109,
              37.2954229097062
            ],
            [
              126.97722772488994,
              37.295415382391205
            ],
            [
              126.97721868907597,
              37.29536118391118
            ],
            [
              126.97714987836797,
              37.29536847598841
            ]
          ]
        ]
      }
    },
    {
      "type": "Feature",
      "properties": {
        "indoor": "room",
        "level": [
          4
        ],
        "ref": "27402",
        "name": "공동연구실",
        "room_type": "lab",
        "_idx": 38,
        "_centroid": [
          126.9772745,
          37.295388
        ],
        "_area_m2": 40.7
      },
      "geometry": {
        "type": "Polygon",
        "coordinates": [
          [
            [
              126.97721868907597,
              37.29536118391118
            ],
            [
              126.97722772488994,
              37.295415382391205
            ],
            [
              126.9773034756328,
              37.295407091168904
            ],
            [
              126.97730153647187,
              37.29539545972238
            ],
            [
              126.97730137434674,
              37.29539547829679
            ],
            [
              126.97729429148448,
              37.29535317209707
            ],
            [
              126.97721868907597,
              37.29536118391118
            ]
          ]
        ]
      }
    },
    {
      "type": "Feature",
      "properties": {
        "indoor": "room",
        "level": [
          4
        ],
        "ref": "",
        "name": "",
        "room_type": "",
        "_idx": 39,
        "_centroid": [
          126.9775434,
          37.2953781
        ],
        "_area_m2": 119
      },
      "geometry": {
        "type": "Polygon",
        "coordinates": [
          [
            [
              126.97750876696044,
              37.295382458982616
            ],
            [
              126.97751394875554,
              37.29541003595976
            ],
            [
              126.9775181676609,
              37.29543248852985
            ],
            [
              126.97762209168718,
              37.29542013036572
            ],
            [
              126.97760060258342,
              37.295305466961665
            ],
            [
              126.97749663250411,
              37.295317880622534
            ],
            [
              126.97750876696044,
              37.295382458982616
            ]
          ]
        ]
      }
    },
    {
      "type": "Feature",
      "properties": {
        "indoor": "room",
        "level": [
          4
        ],
        "ref": "",
        "name": "",
        "room_type": "",
        "_idx": 40,
        "_centroid": [
          126.9774076,
          37.2953664
        ],
        "_area_m2": 69.8
      },
      "geometry": {
        "type": "Polygon",
        "coordinates": [
          [
            [
              126.97736832377936,
              37.29538774151854
            ],
            [
              126.97737076675843,
              37.2953997258856
            ],
            [
              126.97747658863756,
              37.29538826322892
            ],
            [
              126.97746421077895,
              37.2953217516622
            ],
            [
              126.97735803258837,
              37.29533442896377
            ],
            [
              126.97736832377936,
              37.29538774151854
            ]
          ]
        ]
      }
    },
    {
      "type": "Feature",
      "properties": {
        "indoor": "room",
        "level": [
          4
        ],
        "ref": "27425",
        "name": "일반강의실",
        "room_type": "classroom",
        "_idx": 41,
        "_centroid": [
          126.9762676,
          37.2953453
        ],
        "_area_m2": 124.1
      },
      "geometry": {
        "type": "Polygon",
        "coordinates": [
          [
            [
              126.97621116455477,
              37.29528068025142
            ],
            [
              126.9762338725522,
              37.295419193666994
            ],
            [
              126.97632533032944,
              37.295409704843266
            ],
            [
              126.97630003202136,
              37.2952714435279
            ],
            [
              126.97621116455477,
              37.29528068025142
            ]
          ]
        ]
      }
    },
    {
      "type": "Feature",
      "properties": {
        "indoor": "room",
        "level": [
          4
        ],
        "ref": "26420",
        "name": "기술경영연구실",
        "room_type": "lab",
        "_idx": 42,
        "_centroid": [
          126.977406,
          37.2953013
        ],
        "_area_m2": 56.9
      },
      "geometry": {
        "type": "Polygon",
        "coordinates": [
          [
            [
              126.97745423719441,
              37.29526815929584
            ],
            [
              126.97734769575769,
              37.29528087997678
            ],
            [
              126.97735803258837,
              37.29533442896377
            ],
            [
              126.97746421077895,
              37.2953217516622
            ],
            [
              126.97745423719441,
              37.29526815929584
            ]
          ]
        ]
      }
    },
    {
      "type": "Feature",
      "properties": {
        "indoor": "room",
        "level": [
          4
        ],
        "ref": "26419",
        "name": "세미나실",
        "room_type": "classroom",
        "_idx": 43,
        "_centroid": [
          126.9775436,
          37.2952849
        ],
        "_area_m2": 55.6
      },
      "geometry": {
        "type": "Polygon",
        "coordinates": [
          [
            [
              126.9775905603554,
              37.295251882779496
            ],
            [
              126.97748656446379,
              37.29526429953111
            ],
            [
              126.97749663250411,
              37.295317880622534
            ],
            [
              126.97760060258342,
              37.295305466961665
            ],
            [
              126.9775905603554,
              37.295251882779496
            ]
          ]
        ]
      }
    },
    {
      "type": "Feature",
      "properties": {
        "indoor": "room",
        "level": [
          4
        ],
        "ref": "",
        "name": "",
        "room_type": "",
        "_idx": 44,
        "_centroid": [
          126.9764041,
          37.2952841
        ],
        "_area_m2": 60.1
      },
      "geometry": {
        "type": "Polygon",
        "coordinates": [
          [
            [
              126.97633761628563,
              37.29526753708754
            ],
            [
              126.97634836445447,
              37.295325662462325
            ],
            [
              126.97645262228481,
              37.29531346181169
            ],
            [
              126.97644328077045,
              37.29525658343786
            ],
            [
              126.97643875012817,
              37.29525702541912
            ],
            [
              126.97633761628563,
              37.29526753708754
            ]
          ]
        ]
      }
    },
    {
      "type": "Feature",
      "properties": {
        "indoor": "room",
        "level": [
          4
        ],
        "ref": "26418B",
        "name": "인공지능고장진단연구실",
        "room_type": "lab",
        "_idx": 45,
        "_centroid": [
          126.9773961,
          37.2952486
        ],
        "_area_m2": 55.3
      },
      "geometry": {
        "type": "Polygon",
        "coordinates": [
          [
            [
              126.97744458246088,
              37.295216280253214
            ],
            [
              126.97733768939081,
              37.29522904292674
            ],
            [
              126.97734769575769,
              37.29528087997678
            ],
            [
              126.97745423719441,
              37.29526815929584
            ],
            [
              126.97744458246088,
              37.295216280253214
            ]
          ]
        ]
      }
    },
    {
      "type": "Feature",
      "properties": {
        "indoor": "room",
        "level": [
          4
        ],
        "ref": "26417",
        "name": "예비",
        "room_type": "reserved",
        "_idx": 46,
        "_centroid": [
          126.9775337,
          37.2952322
        ],
        "_area_m2": 53.9
      },
      "geometry": {
        "type": "Polygon",
        "coordinates": [
          [
            [
              126.97758083917287,
              37.295200011659475
            ],
            [
              126.97747681829418,
              37.295212431402994
            ],
            [
              126.97748656446379,
              37.29526429953111
            ],
            [
              126.9775905603554,
              37.295251882779496
            ],
            [
              126.97758083917287,
              37.295200011659475
            ]
          ]
        ]
      }
    },
    {
      "type": "Feature",
      "properties": {
        "indoor": "room",
        "level": [
          4
        ],
        "ref": "26418A",
        "name": "시스템경영공학과학생회실",
        "room_type": "",
        "_idx": 47,
        "_centroid": [
          126.9773886,
          37.2952091
        ],
        "_area_m2": 29
      },
      "geometry": {
        "type": "Polygon",
        "coordinates": [
          [
            [
              126.97743952618838,
              37.29518911072284
            ],
            [
              126.9773324489647,
              37.29520189538827
            ],
            [
              126.97733768939081,
              37.29522904292674
            ],
            [
              126.97744458246088,
              37.295216280253214
            ],
            [
              126.97743952618838,
              37.29518911072284
            ]
          ]
        ]
      }
    },
    {
      "type": "Feature",
      "properties": {
        "indoor": "room",
        "level": [
          4
        ],
        "ref": "26415B",
        "name": "",
        "room_type": "",
        "_idx": 48,
        "_centroid": [
          126.9775263,
          37.2951926
        ],
        "_area_m2": 28.2
      },
      "geometry": {
        "type": "Polygon",
        "coordinates": [
          [
            [
              126.97757574810043,
              37.295172846278255
            ],
            [
              126.97747171413577,
              37.29518526758866
            ],
            [
              126.97747681829418,
              37.295212431402994
            ],
            [
              126.97758083917287,
              37.295200011659475
            ],
            [
              126.97757574810043,
              37.295172846278255
            ]
          ]
        ]
      }
    },
    {
      "type": "Feature",
      "properties": {
        "indoor": "room",
        "level": [
          4
        ],
        "ref": "26416",
        "name": "인간공학 공동실험실",
        "room_type": "lab",
        "_idx": 49,
        "_centroid": [
          126.9773811,
          37.2951695
        ],
        "_area_m2": 55.8
      },
      "geometry": {
        "type": "Polygon",
        "coordinates": [
          [
            [
              126.97742983638064,
              37.295137043211504
            ],
            [
              126.97732240624623,
              37.295149870022165
            ],
            [
              126.9773324489647,
              37.29520189538827
            ],
            [
              126.97743952618838,
              37.29518911072284
            ],
            [
              126.97742983638064,
              37.295137043211504
            ]
          ]
        ]
      }
    },
    {
      "type": "Feature",
      "properties": {
        "indoor": "room",
        "level": [
          4
        ],
        "ref": "26415A",
        "name": "",
        "room_type": "",
        "_idx": 50,
        "_centroid": [
          126.9775212,
          37.2951658
        ],
        "_area_m2": 27.6
      },
      "geometry": {
        "type": "Polygon",
        "coordinates": [
          [
            [
              126.97757077808457,
              37.295146326841035
            ],
            [
              126.97746671014096,
              37.29515875942816
            ],
            [
              126.97747171413577,
              37.29518526758866
            ],
            [
              126.97757574810043,
              37.295172846278255
            ],
            [
              126.97757077808457,
              37.295146326841035
            ]
          ]
        ]
      }
    },
    {
      "type": "Feature",
      "properties": {
        "indoor": "room",
        "level": [
          4
        ],
        "ref": "26413",
        "name": "혁신제도 연구실",
        "room_type": "lab",
        "_idx": 51,
        "_centroid": [
          126.9775164,
          37.2951398
        ],
        "_area_m2": 26.5
      },
      "geometry": {
        "type": "Polygon",
        "coordinates": [
          [
            [
              126.97746671014096,
              37.29515875942816
            ],
            [
              126.97757077808457,
              37.295146326841035
            ],
            [
              126.97756599160232,
              37.29512078671831
            ],
            [
              126.97746193255979,
              37.2951332110315
            ],
            [
              126.97746671014096,
              37.29515875942816
            ]
          ]
        ]
      }
    },
    {
      "type": "Feature",
      "properties": {
        "indoor": "room",
        "level": [
          4
        ],
        "ref": "26414",
        "name": "",
        "room_type": "",
        "_idx": 52,
        "_centroid": [
          126.9773706,
          37.2951146
        ],
        "_area_m2": 62.1
      },
      "geometry": {
        "type": "Polygon",
        "coordinates": [
          [
            [
              126.97741904682472,
              37.29507906627936
            ],
            [
              126.97731127999684,
              37.29509223153416
            ],
            [
              126.97732240624623,
              37.295149870022165
            ],
            [
              126.97742983638064,
              37.295137043211504
            ],
            [
              126.97741904682472,
              37.29507906627936
            ]
          ]
        ]
      }
    },
    {
      "type": "Feature",
      "properties": {
        "indoor": "room",
        "level": [
          4
        ],
        "ref": "26411B",
        "name": "",
        "room_type": "",
        "_idx": 53,
        "_centroid": [
          126.9775113,
          37.2951131
        ],
        "_area_m2": 28.9
      },
      "geometry": {
        "type": "Polygon",
        "coordinates": [
          [
            [
              126.97745662581917,
              37.29510556543782
            ],
            [
              126.9774619325598,
              37.2951332110315
            ],
            [
              126.97756599160232,
              37.29512078671831
            ],
            [
              126.97756076798639,
              37.29509291410011
            ],
            [
              126.97745662581917,
              37.29510556543782
            ]
          ]
        ]
      }
    },
    {
      "type": "Feature",
      "properties": {
        "indoor": "room",
        "level": [
          4
        ],
        "ref": "",
        "name": "",
        "room_type": "",
        "_idx": 54,
        "_centroid": [
          126.977363,
          37.2950744
        ],
        "_area_m2": 24.2
      },
      "geometry": {
        "type": "Polygon",
        "coordinates": [
          [
            [
              126.97731127999684,
              37.29509223153416
            ],
            [
              126.97741904682472,
              37.29507906627936
            ],
            [
              126.9774148895875,
              37.295056727652806
            ],
            [
              126.97730691507864,
              37.29506961947378
            ],
            [
              126.97731127999684,
              37.29509223153416
            ]
          ]
        ]
      }
    },
    {
      "type": "Feature",
      "properties": {
        "indoor": "room",
        "level": [
          4
        ],
        "ref": "26411A",
        "name": "",
        "room_type": "",
        "_idx": 55,
        "_centroid": [
          126.9775038,
          37.295073
        ],
        "_area_m2": 54.6
      },
      "geometry": {
        "type": "Polygon",
        "coordinates": [
          [
            [
              126.97745662581917,
              37.29510556543782
            ],
            [
              126.97756076798639,
              37.29509291410011
            ],
            [
              126.97755094193742,
              37.29504048342481
            ],
            [
              126.97744684421163,
              37.29505291236994
            ],
            [
              126.97745662581917,
              37.29510556543782
            ]
          ]
        ]
      }
    },
    {
      "type": "Feature",
      "properties": {
        "indoor": "room",
        "level": [
          4
        ],
        "ref": "",
        "name": "",
        "room_type": "",
        "_idx": 56,
        "_centroid": [
          126.9773682,
          37.2950356
        ],
        "_area_m2": 43.6
      },
      "geometry": {
        "type": "Polygon",
        "coordinates": [
          [
            [
              126.97732148126782,
              37.29501443590907
            ],
            [
              126.97733134207674,
              37.29506670296608
            ],
            [
              126.9774148895875,
              37.295056727652806
            ],
            [
              126.97740515973304,
              37.29500444495313
            ],
            [
              126.97732148126782,
              37.29501443590907
            ]
          ]
        ]
      }
    },
    {
      "type": "Feature",
      "properties": {
        "indoor": "room",
        "level": [
          4
        ],
        "ref": "",
        "name": "",
        "room_type": "",
        "_idx": 57,
        "_centroid": [
          126.9774884,
          37.2950266
        ],
        "_area_m2": 43.7
      },
      "geometry": {
        "type": "Polygon",
        "coordinates": [
          [
            [
              126.9775069380704,
              37.295045737350094
            ],
            [
              126.97753056260905,
              37.29504291665347
            ],
            [
              126.97752070180296,
              37.294990649579326
            ],
            [
              126.97743702220967,
              37.295000640669755
            ],
            [
              126.97744684421163,
              37.29505291236994
            ],
            [
              126.9775069380704,
              37.295045737350094
            ]
          ]
        ]
      }
    },
    {
      "type": "Feature",
      "properties": {
        "indoor": "room",
        "level": [
          4
        ],
        "ref": "",
        "name": "",
        "room_type": "",
        "_idx": 58,
        "_centroid": [
          126.9773485,
          37.2949976
        ],
        "_area_m2": 28.9
      },
      "geometry": {
        "type": "Polygon",
        "coordinates": [
          [
            [
              126.97729171637499,
              37.29499088401707
            ],
            [
              126.97729683085494,
              37.29501737909364
            ],
            [
              126.97740515973304,
              37.29500444495313
            ],
            [
              126.97740017033684,
              37.294977634777865
            ],
            [
              126.97729171637499,
              37.29499088401707
            ]
          ]
        ]
      }
    },
    {
      "type": "Feature",
      "properties": {
        "indoor": "room",
        "level": [
          4
        ],
        "ref": "26408A",
        "name": "에너지저장및환경소재연구실",
        "room_type": "lab",
        "_idx": 59,
        "_centroid": [
          126.9773409,
          37.2949575
        ],
        "_area_m2": 58.1
      },
      "geometry": {
        "type": "Polygon",
        "coordinates": [
          [
            [
              126.97729171637499,
              37.29499088401707
            ],
            [
              126.97740017033684,
              37.294977634777865
            ],
            [
              126.97739024049969,
              37.2949242774851
            ],
            [
              126.97728136825069,
              37.294937276515
            ],
            [
              126.97729171637499,
              37.29499088401707
            ]
          ]
        ]
      }
    },
    {
      "type": "Feature",
      "properties": {
        "indoor": "room",
        "level": [
          4
        ],
        "ref": "26409",
        "name": "신기능성전기화학시스템연구실",
        "room_type": "lab",
        "_idx": 60,
        "_centroid": [
          126.977479,
          37.2949405
        ],
        "_area_m2": 112.1
      },
      "geometry": {
        "type": "Polygon",
        "coordinates": [
          [
            [
              126.9775209483427,
              37.294880441028006
            ],
            [
              126.97741677352238,
              37.29489287920573
            ],
            [
              126.97743702220967,
              37.295000640669755
            ],
            [
              126.97754114511697,
              37.29498820870944
            ],
            [
              126.9775209483427,
              37.294880441028006
            ]
          ]
        ]
      }
    },
    {
      "type": "Feature",
      "properties": {
        "indoor": "room",
        "level": [
          4
        ],
        "ref": "26406",
        "name": "세포및조직공학연구실",
        "room_type": "lab",
        "_idx": 61,
        "_centroid": [
          126.9773301,
          37.2949005
        ],
        "_area_m2": 66.1
      },
      "geometry": {
        "type": "Polygon",
        "coordinates": [
          [
            [
              126.97737892256062,
              37.294863461322656
            ],
            [
              126.97726969514447,
              37.294876805084975
            ],
            [
              126.97728136825069,
              37.294937276515
            ],
            [
              126.97739024049969,
              37.2949242774851
            ],
            [
              126.97737892256062,
              37.294863461322656
            ]
          ]
        ]
      }
    },
    {
      "type": "Feature",
      "properties": {
        "indoor": "room",
        "level": [
          4
        ],
        "ref": "",
        "name": "",
        "room_type": "",
        "_idx": 62,
        "_centroid": [
          126.9773226,
          37.2948609
        ],
        "_area_m2": 20.2
      },
      "geometry": {
        "type": "Polygon",
        "coordinates": [
          [
            [
              126.97726610398833,
              37.294858201427985
            ],
            [
              126.97726969514447,
              37.294876805084975
            ],
            [
              126.97737892256062,
              37.294863461322656
            ],
            [
              126.97737551263779,
              37.294845138338346
            ],
            [
              126.97726610398833,
              37.294858201427985
            ]
          ]
        ]
      }
    },
    {
      "type": "Feature",
      "properties": {
        "indoor": "room",
        "level": [
          4
        ],
        "ref": "26407",
        "name": "",
        "room_type": "",
        "_idx": 63,
        "_centroid": [
          126.977464,
          37.2948609
        ],
        "_area_m2": 53.6
      },
      "geometry": {
        "type": "Polygon",
        "coordinates": [
          [
            [
              126.97751129397474,
              37.29482892642288
            ],
            [
              126.97740709433884,
              37.29484136757073
            ],
            [
              126.97741677352238,
              37.29489287920573
            ],
            [
              126.9775209483427,
              37.294880441028006
            ],
            [
              126.97751129397474,
              37.29482892642288
            ]
          ]
        ]
      }
    },
    {
      "type": "Feature",
      "properties": {
        "indoor": "room",
        "level": [
          4
        ],
        "ref": "",
        "name": "",
        "room_type": "",
        "_idx": 64,
        "_centroid": [
          126.9774574,
          37.2948254
        ],
        "_area_m2": 20.3
      },
      "geometry": {
        "type": "Polygon",
        "coordinates": [
          [
            [
              126.97750764021441,
              37.29480943037496
            ],
            [
              126.97740341661564,
              37.29482187542524
            ],
            [
              126.97740709433884,
              37.29484136757073
            ],
            [
              126.97751129397474,
              37.29482892642288
            ],
            [
              126.97750764021441,
              37.29480943037496
            ]
          ]
        ]
      }
    },
    {
      "type": "Feature",
      "properties": {
        "indoor": "room",
        "level": [
          4
        ],
        "ref": "26404B",
        "name": "에너지저장및환경소재연구실",
        "room_type": "lab",
        "_idx": 65,
        "_centroid": [
          126.9773157,
          37.2948248
        ],
        "_area_m2": 58.7
      },
      "geometry": {
        "type": "Polygon",
        "coordinates": [
          [
            [
              126.97736552530547,
              37.29479147209917
            ],
            [
              126.97725575290899,
              37.29480457862717
            ],
            [
              126.97726610398833,
              37.294858201427985
            ],
            [
              126.97737551263779,
              37.294845138338346
            ],
            [
              126.97736552530547,
              37.29479147209917
            ]
          ]
        ]
      }
    },
    {
      "type": "Feature",
      "properties": {
        "indoor": "room",
        "level": [
          4
        ],
        "ref": "25402",
        "name": "고분자물리및응용연구실",
        "room_type": "lab",
        "_idx": 66,
        "_centroid": [
          126.9762481,
          37.2948007
        ],
        "_area_m2": 53.2
      },
      "geometry": {
        "type": "Polygon",
        "coordinates": [
          [
            [
              126.97628902479607,
              37.29483684287868
            ],
            [
              126.97627340962156,
              37.294756491446826
            ],
            [
              126.97620827204776,
              37.29476443476446
            ],
            [
              126.97622154714648,
              37.29484483680634
            ],
            [
              126.97628902479607,
              37.29483684287868
            ]
          ]
        ]
      }
    },
    {
      "type": "Feature",
      "properties": {
        "indoor": "room",
        "level": [
          4
        ],
        "ref": "25404",
        "name": "다기능유연소자연구실",
        "room_type": "lab",
        "_idx": 67,
        "_centroid": [
          126.9763147,
          37.2947926
        ],
        "_area_m2": 53.9
      },
      "geometry": {
        "type": "Polygon",
        "coordinates": [
          [
            [
              126.97627340962156,
              37.294756491446826
            ],
            [
              126.97628902479607,
              37.29483684287868
            ],
            [
              126.97635600694841,
              37.29482890765148
            ],
            [
              126.97634034753017,
              37.29474832858415
            ],
            [
              126.97627340962156,
              37.294756491446826
            ]
          ]
        ]
      }
    },
    {
      "type": "Feature",
      "properties": {
        "indoor": "room",
        "level": [
          4
        ],
        "ref": "25406",
        "name": "나노소재및소자연구실",
        "room_type": "lab",
        "_idx": 68,
        "_centroid": [
          126.9763824,
          37.2947845
        ],
        "_area_m2": 55.3
      },
      "geometry": {
        "type": "Polygon",
        "coordinates": [
          [
            [
              126.97634034753017,
              37.29474832858415
            ],
            [
              126.97635600694841,
              37.29482890765148
            ],
            [
              126.97642454280535,
              37.29482078836033
            ],
            [
              126.97640883812477,
              37.29473997637641
            ],
            [
              126.97634034753017,
              37.29474832858415
            ]
          ]
        ]
      }
    },
    {
      "type": "Feature",
      "properties": {
        "indoor": "room",
        "level": [
          4
        ],
        "ref": "25408",
        "name": "차세대광전자연구실",
        "room_type": "lab",
        "_idx": 69,
        "_centroid": [
          126.9764504,
          37.2947763
        ],
        "_area_m2": 54.5
      },
      "geometry": {
        "type": "Polygon",
        "coordinates": [
          [
            [
              126.97640883812477,
              37.29473997637641
            ],
            [
              126.97642454280535,
              37.29482078836033
            ],
            [
              126.97649193934262,
              37.29481280404187
            ],
            [
              126.97647619015272,
              37.29473176301322
            ],
            [
              126.97640883812477,
              37.29473997637641
            ]
          ]
        ]
      }
    },
    {
      "type": "Feature",
      "properties": {
        "indoor": "room",
        "level": [
          4
        ],
        "ref": "26404A",
        "name": "나노공정연구실",
        "room_type": "lab",
        "_idx": 70,
        "_centroid": [
          126.9773056,
          37.2947715
        ],
        "_area_m2": 58.3
      },
      "geometry": {
        "type": "Polygon",
        "coordinates": [
          [
            [
              126.97735564216418,
              37.29473836572335
            ],
            [
              126.97724550981569,
              37.29475151523795
            ],
            [
              126.97725575290899,
              37.29480457862717
            ],
            [
              126.97736552530547,
              37.29479147209917
            ],
            [
              126.97735564216418,
              37.29473836572335
            ]
          ]
        ]
      }
    },
    {
      "type": "Feature",
      "properties": {
        "indoor": "room",
        "level": [
          4
        ],
        "ref": "25410",
        "name": "전산재료연구실",
        "room_type": "lab",
        "_idx": 71,
        "_centroid": [
          126.9765193,
          37.2947681
        ],
        "_area_m2": 57.1
      },
      "geometry": {
        "type": "Polygon",
        "coordinates": [
          [
            [
              126.97647619015272,
              37.29473176301322
            ],
            [
              126.97649193934262,
              37.29481280404187
            ],
            [
              126.97656235542712,
              37.29480446200433
            ],
            [
              126.97654655973291,
              37.29472318166923
            ],
            [
              126.97647619015272,
              37.29473176301322
            ]
          ]
        ]
      }
    },
    {
      "type": "Feature",
      "properties": {
        "indoor": "room",
        "level": [
          4
        ],
        "ref": "26405",
        "name": "",
        "room_type": "",
        "_idx": 72,
        "_centroid": [
          126.9774353,
          37.2947649
        ],
        "_area_m2": 118.9
      },
      "geometry": {
        "type": "Polygon",
        "coordinates": [
          [
            [
              126.97739746863934,
              37.294790350795964
            ],
            [
              126.97740341661564,
              37.29482187542524
            ],
            [
              126.97750764021441,
              37.29480943037496
            ],
            [
              126.9774862720585,
              37.29469541233477
            ],
            [
              126.97738185232267,
              37.29470758332377
            ],
            [
              126.97739746863934,
              37.294790350795964
            ]
          ]
        ]
      }
    },
    {
      "type": "Feature",
      "properties": {
        "indoor": "room",
        "level": [
          4
        ],
        "ref": "25412",
        "name": "엄숭호교수LAB",
        "room_type": "lab",
        "_idx": 73,
        "_centroid": [
          126.9765865,
          37.29476
        ],
        "_area_m2": 52.1
      },
      "geometry": {
        "type": "Polygon",
        "coordinates": [
          [
            [
              126.97654655973291,
              37.29472318166923
            ],
            [
              126.97656235542712,
              37.29480446200433
            ],
            [
              126.97662642145721,
              37.294796872243666
            ],
            [
              126.97661058345305,
              37.294715374182466
            ],
            [
              126.97654655973291,
              37.29472318166923
            ]
          ]
        ]
      }
    },
    {
      "type": "Feature",
      "properties": {
        "indoor": "room",
        "level": [
          4
        ],
        "ref": "",
        "name": "",
        "room_type": "",
        "_idx": 74,
        "_centroid": [
          126.976654,
          37.2947519
        ],
        "_area_m2": 57.9
      },
      "geometry": {
        "type": "Polygon",
        "coordinates": [
          [
            [
              126.97661058345305,
              37.294715374182466
            ],
            [
              126.97662642145721,
              37.294796872243666
            ],
            [
              126.9766974155888,
              37.29478846172617
            ],
            [
              126.97668153069823,
              37.29470672239409
            ],
            [
              126.97661058345305,
              37.294715374182466
            ]
          ]
        ]
      }
    },
    {
      "type": "Feature",
      "properties": {
        "indoor": "room",
        "level": [
          4
        ],
        "ref": "",
        "name": "",
        "room_type": "",
        "_idx": 75,
        "_centroid": [
          126.9767223,
          37.2947436
        ],
        "_area_m2": 53.7
      },
      "geometry": {
        "type": "Polygon",
        "coordinates": [
          [
            [
              126.97668153069823,
              37.29470672239409
            ],
            [
              126.9766974155888,
              37.29478846172617
            ],
            [
              126.9767631273545,
              37.29478067699886
            ],
            [
              126.97674719906634,
              37.294698714347795
            ],
            [
              126.97668153069823,
              37.29470672239409
            ]
          ]
        ]
      }
    },
    {
      "type": "Feature",
      "properties": {
        "indoor": "room",
        "level": [
          4
        ],
        "ref": "25414",
        "name": "유기전자재료연구실",
        "room_type": "lab",
        "_idx": 76,
        "_centroid": [
          126.9768248,
          37.2947313
        ],
        "_area_m2": 114.4
      },
      "geometry": {
        "type": "Polygon",
        "coordinates": [
          [
            [
              126.97674719906634,
              37.294698714347795
            ],
            [
              126.9767631273545,
              37.29478067699886
            ],
            [
              126.97690236745085,
              37.29476418153311
            ],
            [
              126.976886347206,
              37.29468174567968
            ],
            [
              126.97674719906634,
              37.294698714347795
            ]
          ]
        ]
      }
    },
    {
      "type": "Feature",
      "properties": {
        "indoor": "room",
        "level": [
          4
        ],
        "ref": "25416",
        "name": "나노생체재료재생의학연구실",
        "room_type": "lab",
        "_idx": 77,
        "_centroid": [
          126.9769102,
          37.2947211
        ],
        "_area_m2": 26.1
      },
      "geometry": {
        "type": "Polygon",
        "coordinates": [
          [
            [
              126.976886347206,
              37.29468174567968
            ],
            [
              126.97690236745085,
              37.29476418153311
            ],
            [
              126.9769339901742,
              37.29476043525913
            ],
            [
              126.97691794904584,
              37.29467789193695
            ],
            [
              126.976886347206,
              37.29468174567968
            ]
          ]
        ]
      }
    },
    {
      "type": "Feature",
      "properties": {
        "indoor": "room",
        "level": [
          4
        ],
        "ref": "26402",
        "name": "박사과정연구실",
        "room_type": "lab",
        "_idx": 78,
        "_centroid": [
          126.9772954,
          37.2947175
        ],
        "_area_m2": 60.4
      },
      "geometry": {
        "type": "Polygon",
        "coordinates": [
          [
            [
              126.97734543841517,
              37.29468353658413
            ],
            [
              126.97723493443814,
              37.294696730481235
            ],
            [
              126.97724550981569,
              37.29475151523795
            ],
            [
              126.97735564216418,
              37.29473836572335
            ],
            [
              126.97734543841517,
              37.29468353658413
            ]
          ]
        ]
      }
    },
    {
      "type": "Feature",
      "properties": {
        "indoor": "room",
        "level": [
          4
        ],
        "ref": "25418",
        "name": "다상유동및분체공정연구실",
        "room_type": "lab",
        "_idx": 79,
        "_centroid": [
          126.9769784,
          37.2947129
        ],
        "_area_m2": 86.6
      },
      "geometry": {
        "type": "Polygon",
        "coordinates": [
          [
            [
              126.97691794904584,
              37.29467789193695
            ],
            [
              126.9769339901742,
              37.29476043525913
            ],
            [
              126.97703879767258,
              37.294748018946976
            ],
            [
              126.97702268732812,
              37.294665119440275
            ],
            [
              126.97691794904584,
              37.29467789193695
            ]
          ]
        ]
      }
    },
    {
      "type": "Feature",
      "properties": {
        "indoor": "room",
        "level": [
          4
        ],
        "ref": "",
        "name": "",
        "room_type": "",
        "_idx": 80,
        "_centroid": [
          126.9762311,
          37.294706
        ],
        "_area_m2": 34.7
      },
      "geometry": {
        "type": "Polygon",
        "coordinates": [
          [
            [
              126.97626815498802,
              37.2947294525349
            ],
            [
              126.97625753965896,
              37.29467482894498
            ],
            [
              126.97619475231743,
              37.294682551085394
            ],
            [
              126.9762037920836,
              37.29473730138693
            ],
            [
              126.97626815498802,
              37.2947294525349
            ]
          ]
        ]
      }
    },
    {
      "type": "Feature",
      "properties": {
        "indoor": "room",
        "level": [
          4
        ],
        "ref": "25420",
        "name": "에너지촉매실험실",
        "room_type": "lab",
        "_idx": 81,
        "_centroid": [
          126.977064,
          37.2947026
        ],
        "_area_m2": 55.3
      },
      "geometry": {
        "type": "Polygon",
        "coordinates": [
          [
            [
              126.97702268732812,
              37.294665119440275
            ],
            [
              126.97703879767258,
              37.294748018946976
            ],
            [
              126.97710541252769,
              37.294740127232664
            ],
            [
              126.97708925818965,
              37.29465700133781
            ],
            [
              126.97702268732812,
              37.294665119440275
            ]
          ]
        ]
      }
    },
    {
      "type": "Feature",
      "properties": {
        "indoor": "room",
        "level": [
          4
        ],
        "ref": "25401",
        "name": "김덕준교수실",
        "room_type": "office",
        "_idx": 82,
        "_centroid": [
          126.9762798,
          37.2947001
        ],
        "_area_m2": 18.5
      },
      "geometry": {
        "type": "Polygon",
        "coordinates": [
          [
            [
              126.97629149036497,
              37.29467066883568
            ],
            [
              126.97625753965896,
              37.29467482894498
            ],
            [
              126.97626815498802,
              37.2947294525349
            ],
            [
              126.97630207108827,
              37.29472531657406
            ],
            [
              126.97629149036497,
              37.29467066883568
            ]
          ]
        ]
      }
    },
    {
      "type": "Feature",
      "properties": {
        "indoor": "room",
        "level": [
          4
        ],
        "ref": "25403",
        "name": "최우석교수실",
        "room_type": "office",
        "_idx": 83,
        "_centroid": [
          126.9763139,
          37.2946959
        ],
        "_area_m2": 18.8
      },
      "geometry": {
        "type": "Polygon",
        "coordinates": [
          [
            [
              126.97629149036497,
              37.29467066883568
            ],
            [
              126.97630207108827,
              37.29472531657406
            ],
            [
              126.9763363701924,
              37.29472113390711
            ],
            [
              126.97632577792194,
              37.29466642652297
            ],
            [
              126.97629149036497,
              37.29467066883568
            ]
          ]
        ]
      }
    },
    {
      "type": "Feature",
      "properties": {
        "indoor": "room",
        "level": [
          4
        ],
        "ref": "25422",
        "name": "배종욱교수 Lab",
        "room_type": "lab",
        "_idx": 84,
        "_centroid": [
          126.9771352,
          37.294694
        ],
        "_area_m2": 63.1
      },
      "geometry": {
        "type": "Polygon",
        "coordinates": [
          [
            [
              126.97708925818965,
              37.29465700133781
            ],
            [
              126.97710541252769,
              37.294740127232664
            ],
            [
              126.97718121112483,
              37.29473114754078
            ],
            [
              126.97716500672867,
              37.29464776404709
            ],
            [
              126.97708925818965,
              37.29465700133781
            ]
          ]
        ]
      }
    },
    {
      "type": "Feature",
      "properties": {
        "indoor": "room",
        "level": [
          4
        ],
        "ref": "25405",
        "name": "유필진교수실",
        "room_type": "office",
        "_idx": 85,
        "_centroid": [
          126.9763487,
          37.2946916
        ],
        "_area_m2": 19.3
      },
      "geometry": {
        "type": "Polygon",
        "coordinates": [
          [
            [
              126.97632577792194,
              37.29466642652297
            ],
            [
              126.9763363701924,
              37.29472113390711
            ],
            [
              126.97637159336156,
              37.29471683855336
            ],
            [
              126.97636098923178,
              37.294662069916654
            ],
            [
              126.97632577792194,
              37.29466642652297
            ]
          ]
        ]
      }
    },
    {
      "type": "Feature",
      "properties": {
        "indoor": "room",
        "level": [
          4
        ],
        "ref": "25407",
        "name": "박남규교수실",
        "room_type": "office",
        "_idx": 86,
        "_centroid": [
          126.9763819,
          37.2946875
        ],
        "_area_m2": 17.1
      },
      "geometry": {
        "type": "Polygon",
        "coordinates": [
          [
            [
              126.97636098923178,
              37.294662069916654
            ],
            [
              126.97637159336156,
              37.29471683855336
            ],
            [
              126.97640284885799,
              37.29471302704472
            ],
            [
              126.97639223420502,
              37.29465820405514
            ],
            [
              126.97636098923178,
              37.294662069916654
            ]
          ]
        ]
      }
    },
    {
      "type": "Feature",
      "properties": {
        "indoor": "room",
        "level": [
          4
        ],
        "ref": "26403",
        "name": "조성민교수실",
        "room_type": "office",
        "_idx": 87,
        "_centroid": [
          126.9774315,
          37.2946875
        ],
        "_area_m2": 29.1
      },
      "geometry": {
        "type": "Polygon",
        "coordinates": [
          [
            [
              126.97737673529551,
              37.294679799815285
            ],
            [
              126.97738185232267,
              37.29470758332377
            ],
            [
              126.9774862720585,
              37.29469541233477
            ],
            [
              126.97748101276544,
              37.294667349347485
            ],
            [
              126.97737673529551,
              37.294679799815285
            ]
          ]
        ]
      }
    },
    {
      "type": "Feature",
      "properties": {
        "indoor": "room",
        "level": [
          4
        ],
        "ref": "25409",
        "name": "이상욱교수실",
        "room_type": "office",
        "_idx": 88,
        "_centroid": [
          126.9764158,
          37.2946834
        ],
        "_area_m2": 20
      },
      "geometry": {
        "type": "Polygon",
        "coordinates": [
          [
            [
              126.97639223420502,
              37.29465820405514
            ],
            [
              126.97640284885799,
              37.29471302704472
            ],
            [
              126.97643927527041,
              37.294708584959274
            ],
            [
              126.97642864835356,
              37.294653698624636
            ],
            [
              126.97639223420502,
              37.29465820405514
            ]
          ]
        ]
      }
    },
    {
      "type": "Feature",
      "properties": {
        "indoor": "room",
        "level": [
          4
        ],
        "ref": "25411",
        "name": "박성준교수실",
        "room_type": "office",
        "_idx": 89,
        "_centroid": [
          126.9764504,
          37.2946791
        ],
        "_area_m2": 18
      },
      "geometry": {
        "type": "Polygon",
        "coordinates": [
          [
            [
              126.97642864835356,
              37.294653698624636
            ],
            [
              126.97643927527041,
              37.294708584959274
            ],
            [
              126.97647212597089,
              37.29470457892055
            ],
            [
              126.97646148799382,
              37.294649635458995
            ],
            [
              126.97642864835356,
              37.294653698624636
            ]
          ]
        ]
      }
    },
    {
      "type": "Feature",
      "properties": {
        "indoor": "room",
        "level": [
          4
        ],
        "ref": "25413",
        "name": "김명준교수실",
        "room_type": "office",
        "_idx": 90,
        "_centroid": [
          126.9764844,
          37.2946749
        ],
        "_area_m2": 19.4
      },
      "geometry": {
        "type": "Polygon",
        "coordinates": [
          [
            [
              126.97646148799382,
              37.294649635458995
            ],
            [
              126.97647212597089,
              37.29470457892055
            ],
            [
              126.97650738463796,
              37.29470027923795
            ],
            [
              126.97649673479015,
              37.29464527446203
            ],
            [
              126.97646148799382,
              37.294649635458995
            ]
          ]
        ]
      }
    },
    {
      "type": "Feature",
      "properties": {
        "indoor": "room",
        "level": [
          4
        ],
        "ref": "25415",
        "name": "박호석교수실",
        "room_type": "office",
        "_idx": 91,
        "_centroid": [
          126.9765184,
          37.2946708
        ],
        "_area_m2": 18
      },
      "geometry": {
        "type": "Polygon",
        "coordinates": [
          [
            [
              126.97649673479015,
              37.29464527446203
            ],
            [
              126.97650738463796,
              37.29470027923795
            ],
            [
              126.97654007337762,
              37.29469629294984
            ],
            [
              126.97652941252419,
              37.29464123132864
            ],
            [
              126.97649673479015,
              37.29464527446203
            ]
          ]
        ]
      }
    },
    {
      "type": "Feature",
      "properties": {
        "indoor": "room",
        "level": [
          4
        ],
        "ref": "",
        "name": "",
        "room_type": "",
        "_idx": 92,
        "_centroid": [
          126.97719,
          37.2946662
        ],
        "_area_m2": 16.6
      },
      "geometry": {
        "type": "Polygon",
        "coordinates": [
          [
            [
              126.97717041645342,
              37.29467560104545
            ],
            [
              126.97717227520882,
              37.29467538661069
            ],
            [
              126.97717158960802,
              37.29467546570482
            ],
            [
              126.97717534205857,
              37.29467503280448
            ],
            [
              126.97721157017237,
              37.294670853358845
            ],
            [
              126.97722953908928,
              37.294668780379986
            ],
            [
              126.97722438802951,
              37.29464052268843
            ],
            [
              126.97716500672867,
              37.29464776404709
            ],
            [
              126.97717041645342,
              37.29467560104545
            ]
          ]
        ]
      }
    },
    {
      "type": "Feature",
      "properties": {
        "indoor": "room",
        "level": [
          4
        ],
        "ref": "",
        "name": "",
        "room_type": "",
        "_idx": 93,
        "_centroid": [
          126.9772586,
          37.2946652
        ],
        "_area_m2": 62.2
      },
      "geometry": {
        "type": "Polygon",
        "coordinates": [
          [
            [
              126.97722438802951,
              37.29464052268843
            ],
            [
              126.97722953908928,
              37.294668780379986
            ],
            [
              126.97721157017237,
              37.294670853358845
            ],
            [
              126.97722953908931,
              37.29466878037999
            ],
            [
              126.97723493443814,
              37.294696730481235
            ],
            [
              126.97734543841517,
              37.29468353658413
            ],
            [
              126.97733492492452,
              37.29462704306959
            ],
            [
              126.97722438802951,
              37.29464052268843
            ]
          ]
        ]
      }
    },
    {
      "type": "Feature",
      "properties": {
        "indoor": "room",
        "level": [
          4
        ],
        "ref": "25417",
        "name": "",
        "room_type": "",
        "_idx": 94,
        "_centroid": [
          126.976569,
          37.2946645
        ],
        "_area_m2": 37.8
      },
      "geometry": {
        "type": "Polygon",
        "coordinates": [
          [
            [
              126.97652941252419,
              37.29464123132864
            ],
            [
              126.97654007337762,
              37.29469629294984
            ],
            [
              126.97660868489832,
              37.29468792599253
            ],
            [
              126.97659800094479,
              37.29463274505683
            ],
            [
              126.97652941252419,
              37.29464123132864
            ]
          ]
        ]
      }
    },
    {
      "type": "Feature",
      "properties": {
        "indoor": "room",
        "level": [
          4
        ],
        "ref": "25419",
        "name": "화학공학/고분자공학부사무실",
        "room_type": "office",
        "_idx": 95,
        "_centroid": [
          126.9766369,
          37.2946562
        ],
        "_area_m2": 37.1
      },
      "geometry": {
        "type": "Polygon",
        "coordinates": [
          [
            [
              126.97659800094479,
              37.29463274505683
            ],
            [
              126.97660868489832,
              37.29468792599253
            ],
            [
              126.9766758883207,
              37.29467973074834
            ],
            [
              126.97666518174107,
              37.29462443294681
            ],
            [
              126.97659800094479,
              37.29463274505683
            ]
          ]
        ]
      }
    },
    {
      "type": "Feature",
      "properties": {
        "indoor": "room",
        "level": [
          4
        ],
        "ref": "",
        "name": "",
        "room_type": "",
        "_idx": 96,
        "_centroid": [
          126.9767051,
          37.2946478
        ],
        "_area_m2": 38.2
      },
      "geometry": {
        "type": "Polygon",
        "coordinates": [
          [
            [
              126.97666518174107,
              37.29462443294681
            ],
            [
              126.9766758883207,
              37.29467973074834
            ],
            [
              126.9767449568821,
              37.29467130805637
            ],
            [
              126.97673422704852,
              37.294615890145536
            ],
            [
              126.97666518174107,
              37.29462443294681
            ]
          ]
        ]
      }
    },
    {
      "type": "Feature",
      "properties": {
        "indoor": "room",
        "level": [
          4
        ],
        "ref": "26401B",
        "name": "지능공정시스템 연구실",
        "room_type": "lab",
        "_idx": 97,
        "_centroid": [
          126.9774239,
          37.2946472
        ],
        "_area_m2": 54.9
      },
      "geometry": {
        "type": "Polygon",
        "coordinates": [
          [
            [
              126.97747113095396,
              37.29461462112971
            ],
            [
              126.97736682808434,
              37.29462707464037
            ],
            [
              126.97737673529551,
              37.294679799815285
            ],
            [
              126.97748101276544,
              37.294667349347485
            ],
            [
              126.97747113095396,
              37.29461462112971
            ]
          ]
        ]
      }
    },
    {
      "type": "Feature",
      "properties": {
        "indoor": "room",
        "level": [
          4
        ],
        "ref": "25421",
        "name": "나노소재및소자연구실",
        "room_type": "lab",
        "_idx": 98,
        "_centroid": [
          126.9767736,
          37.2946394
        ],
        "_area_m2": 37.7
      },
      "geometry": {
        "type": "Polygon",
        "coordinates": [
          [
            [
              126.97673422704852,
              37.294615890145536
            ],
            [
              126.9767449568821,
              37.29467130805637
            ],
            [
              126.97681296826052,
              37.29466301428451
            ],
            [
              126.97680221552905,
              37.29460747810279
            ],
            [
              126.97673422704852,
              37.294615890145536
            ]
          ]
        ]
      }
    },
    {
      "type": "Feature",
      "properties": {
        "indoor": "room",
        "level": [
          4
        ],
        "ref": "25123",
        "name": "이내응교수실",
        "room_type": "office",
        "_idx": 99,
        "_centroid": [
          126.9768254,
          37.2946331
        ],
        "_area_m2": 19.8
      },
      "geometry": {
        "type": "Polygon",
        "coordinates": [
          [
            [
              126.97680221552905,
              37.29460747810279
            ],
            [
              126.97681296826052,
              37.29466301428451
            ],
            [
              126.9768485981809,
              37.29465866932874
            ],
            [
              126.97683783345364,
              37.29460307118706
            ],
            [
              126.97680221552905,
              37.29460747810279
            ]
          ]
        ]
      }
    },
    {
      "type": "Feature",
      "properties": {
        "indoor": "room",
        "level": [
          4
        ],
        "ref": "25425",
        "name": "",
        "room_type": "",
        "_idx": 100,
        "_centroid": [
          126.9768766,
          37.2946268
        ],
        "_area_m2": 37.2
      },
      "geometry": {
        "type": "Polygon",
        "coordinates": [
          [
            [
              126.97683783345364,
              37.29460307118706
            ],
            [
              126.9768485981809,
              37.29465866932874
            ],
            [
              126.97691539485282,
              37.294650523686485
            ],
            [
              126.97690460763641,
              37.294594809386304
            ],
            [
              126.97683783345364,
              37.29460307118706
            ]
          ]
        ]
      }
    },
    {
      "type": "Feature",
      "properties": {
        "indoor": "room",
        "level": [
          4
        ],
        "ref": "25427",
        "name": "김지용교수실",
        "room_type": "office",
        "_idx": 101,
        "_centroid": [
          126.9769283,
          37.2946204
        ],
        "_area_m2": 20.4
      },
      "geometry": {
        "type": "Polygon",
        "coordinates": [
          [
            [
              126.97690460763641,
              37.294594809386304
            ],
            [
              126.97691539485282,
              37.294650523686485
            ],
            [
              126.9769519299797,
              37.29464606834365
            ],
            [
              126.97694113046255,
              37.2945902905094
            ],
            [
              126.97690460763641,
              37.294594809386304
            ]
          ]
        ]
      }
    },
    {
      "type": "Feature",
      "properties": {
        "indoor": "room",
        "level": [
          4
        ],
        "ref": "25429",
        "name": "화공대학원생연구실2",
        "room_type": "lab",
        "_idx": 102,
        "_centroid": [
          126.9769792,
          37.2946142
        ],
        "_area_m2": 36.5
      },
      "geometry": {
        "type": "Polygon",
        "coordinates": [
          [
            [
              126.97694113046255,
              37.2945902905094
            ],
            [
              126.9769519299797,
              37.29464606834365
            ],
            [
              126.97701734961436,
              37.29463809062672
            ],
            [
              126.97700652807187,
              37.29458219902859
            ],
            [
              126.97694113046255,
              37.2945902905094
            ]
          ]
        ]
      }
    },
    {
      "type": "Feature",
      "properties": {
        "indoor": "room",
        "level": [
          4
        ],
        "ref": "25431",
        "name": "이준엽교수실",
        "room_type": "office",
        "_idx": 103,
        "_centroid": [
          126.9770301,
          37.2946079
        ],
        "_area_m2": 20.3
      },
      "geometry": {
        "type": "Polygon",
        "coordinates": [
          [
            [
              126.97700652807187,
              37.29458219902859
            ],
            [
              126.97701734961436,
              37.29463809062672
            ],
            [
              126.97705368136576,
              37.294633660084884
            ],
            [
              126.97704284759112,
              37.294577705306324
            ],
            [
              126.97700652807187,
              37.29458219902859
            ]
          ]
        ]
      }
    },
    {
      "type": "Feature",
      "properties": {
        "indoor": "room",
        "level": [
          4
        ],
        "ref": "25433A",
        "name": "에너지촉매연구실",
        "room_type": "lab",
        "_idx": 104,
        "_centroid": [
          126.9770639,
          37.2946038
        ],
        "_area_m2": 17.6
      },
      "geometry": {
        "type": "Polygon",
        "coordinates": [
          [
            [
              126.97704284759112,
              37.294577705306324
            ],
            [
              126.97705368136576,
              37.294633660084884
            ],
            [
              126.97708503744144,
              37.29462983631092
            ],
            [
              126.97707419310983,
              37.29457382700458
            ],
            [
              126.97704284759112,
              37.294577705306324
            ]
          ]
        ]
      }
    },
    {
      "type": "Feature",
      "properties": {
        "indoor": "room",
        "level": [
          4
        ],
        "ref": "25433B",
        "name": "TNRC연구소",
        "room_type": "lab",
        "_idx": 105,
        "_centroid": [
          126.9770981,
          37.2945996
        ],
        "_area_m2": 20.7
      },
      "geometry": {
        "type": "Polygon",
        "coordinates": [
          [
            [
              126.97707419310983,
              37.29457382700458
            ],
            [
              126.97708503744144,
              37.29462983631092
            ],
            [
              126.97712202665052,
              37.294625325594204
            ],
            [
              126.97711116986552,
              37.294569251964106
            ],
            [
              126.97707419310983,
              37.29457382700458
            ]
          ]
        ]
      }
    },
    {
      "type": "Feature",
      "properties": {
        "indoor": "room",
        "level": [
          4
        ],
        "ref": "25435",
        "name": "",
        "room_type": "",
        "_idx": 106,
        "_centroid": [
          126.977138,
          37.2945935
        ],
        "_area_m2": 20.7
      },
      "geometry": {
        "type": "Polygon",
        "coordinates": [
          [
            [
              126.97711116986552,
              37.294569251964106
            ],
            [
              126.97712202665052,
              37.294625325594204
            ],
            [
              126.97715994621052,
              37.294620701424144
            ],
            [
              126.9771534053318,
              37.29458691879056
            ],
            [
              126.97714351231785,
              37.29456525031428
            ],
            [
              126.97711116986552,
              37.294569251964106
            ]
          ]
        ]
      }
    },
    {
      "type": "Feature",
      "properties": {
        "indoor": "room",
        "level": [
          4
        ],
        "ref": "26402A",
        "name": "",
        "room_type": "",
        "_idx": 107,
        "_centroid": [
          126.9773954,
          37.2945893
        ],
        "_area_m2": 60.4
      },
      "geometry": {
        "type": "Polygon",
        "coordinates": [
          [
            [
              126.97736682808434,
              37.29462707464037
            ],
            [
              126.97747113095396,
              37.29461462112971
            ],
            [
              126.97746010562268,
              37.294555791220915
            ],
            [
              126.97739179725272,
              37.29456525640195
            ],
            [
              126.97735578563405,
              37.294569752750974
            ],
            [
              126.97736100014237,
              37.29459618353492
            ],
            [
              126.9773610001424,
              37.29459618353511
            ],
            [
              126.97736682808434,
              37.29462707464037
            ]
          ]
        ]
      }
    },
    {
      "type": "Feature",
      "properties": {
        "indoor": "room",
        "level": [
          4
        ],
        "ref": "",
        "name": "",
        "room_type": "",
        "_idx": 108,
        "_centroid": [
          126.9772092,
          37.2945804
        ],
        "_area_m2": 94.8
      },
      "geometry": {
        "type": "Polygon",
        "coordinates": [
          [
            [
              126.97730748727554,
              37.2945231530782
            ],
            [
              126.97720413525141,
              37.29453717816791
            ],
            [
              126.97721420476272,
              37.294589342331776
            ],
            [
              126.97715582580155,
              37.294596077210514
            ],
            [
              126.97715447052276,
              37.294589251857616
            ],
            [
              126.9771534053318,
              37.29458691879056
            ],
            [
              126.97715994621052,
              37.294620701424144
            ],
            [
              126.97732411129778,
              37.2946006820125
            ],
            [
              126.97730748727554,
              37.2945231530782
            ]
          ]
        ]
      }
    },
    {
      "type": "Feature",
      "properties": {
        "indoor": "room",
        "level": [
          4
        ],
        "ref": "",
        "name": "",
        "room_type": "",
        "_idx": 109,
        "_centroid": [
          126.9773533,
          37.2945729
        ],
        "_area_m2": 47.8
      },
      "geometry": {
        "type": "Polygon",
        "coordinates": [
          [
            [
              126.97736100014237,
              37.29459618353492
            ],
            [
              126.97735578563405,
              37.294569752750974
            ],
            [
              126.97739179725272,
              37.29456525640195
            ],
            [
              126.9773917565475,
              37.29456505007921
            ],
            [
              126.97738067180784,
              37.29451326375912
            ],
            [
              126.97730748727554,
              37.2945231530782
            ],
            [
              126.97732411129778,
              37.2946006820125
            ],
            [
              126.9773298880105,
              37.29459997756071
            ],
            [
              126.97732987127623,
              37.2945998876402
            ],
            [
              126.97736100013996,
              37.29459618353521
            ],
            [
              126.97736100014237,
              37.29459618353492
            ]
          ]
        ]
      }
    }
  ]
}