{
  "type": "FeatureCollection",
  "features": [
    {
      "type": "Feature",
      "properties": {
        "indoor": "room",
        "level": [
          2
        ],
        "ref": "27229",
        "name": "부총장실(비서실포함)",
        "room_type": "office",
        "_idx": 1,
        "_centroid": [
          126.9763309,
          37.2955769
        ],
        "_area_m2": 120.5
      },
      "geometry": {
        "type": "Polygon",
        "coordinates": [
          [
            [
              126.9763487602778,
              37.29553775512501
            ],
            [
              126.97625525609125,
              37.295549143585724
            ],
            [
              126.97627294930136,
              37.29565687351669
            ],
            [
              126.97638433536437,
              37.295644819245645
            ],
            [
              126.97636710910191,
              37.29553578728986
            ],
            [
              126.9763569638601,
              37.29553687532489
            ],
            [
              126.9763487602778,
              37.29553775512501
            ]
          ]
        ]
      }
    },
    {
      "type": "Feature",
      "properties": {
        "indoor": "room",
        "level": [
          2
        ],
        "ref": "27227",
        "name": "캠퍼스회의실(제1회의실)",
        "room_type": "lounge",
        "_idx": 2,
        "_centroid": [
          126.9764527,
          37.2955606
        ],
        "_area_m2": 146.5
      },
      "geometry": {
        "type": "Polygon",
        "coordinates": [
          [
            [
              126.97638433536437,
              37.295644819245645
            ],
            [
              126.97650506084616,
              37.29563274838368
            ],
            [
              126.97649111450511,
              37.29554783225876
            ],
            [
              126.97655286483092,
              37.29554092837905
            ],
            [
              126.97654861247615,
              37.29551566559488
            ],
            [
              126.97638630820734,
              37.29553364946906
            ],
            [
              126.97638632236959,
              37.295533726746726
            ],
            [
              126.97636710910191,
              37.29553578728986
            ],
            [
              126.97638433536437,
              37.295644819245645
            ]
          ]
        ]
      }
    },
    {
      "type": "Feature",
      "properties": {
        "indoor": "room",
        "level": [
          2
        ],
        "ref": "",
        "name": "",
        "room_type": "",
        "_idx": 3,
        "_centroid": [
          126.9765727,
          37.2955483
        ],
        "_area_m2": 50.8
      },
      "geometry": {
        "type": "Polygon",
        "coordinates": [
          [
            [
              126.9766258381729,
              37.29558914536917
            ],
            [
              126.97661228219347,
              37.29550861077005
            ],
            [
              126.97654861247615,
              37.29551566559488
            ],
            [
              126.97655286483092,
              37.29554092837905
            ],
            [
              126.97655316199429,
              37.29554089515525
            ],
            [
              126.97655390524015,
              37.29554710933888
            ],
            [
              126.97656236123102,
              37.29559584247966
            ],
            [
              126.9766258381729,
              37.29558914536917
            ]
          ]
        ]
      }
    },
    {
      "type": "Feature",
      "properties": {
        "indoor": "room",
        "level": [
          2
        ],
        "ref": "",
        "name": "",
        "room_type": "",
        "_idx": 4,
        "_centroid": [
          126.9766538,
          37.2955451
        ],
        "_area_m2": 55.9
      },
      "geometry": {
        "type": "Polygon",
        "coordinates": [
          [
            [
              126.97669544621282,
              37.29558180139952
            ],
            [
              126.9766818292854,
              37.295500904711794
            ],
            [
              126.97661228219347,
              37.29550861077005
            ],
            [
              126.9766258381729,
              37.29558914536917
            ],
            [
              126.97669544621282,
              37.29558180139952
            ]
          ]
        ]
      }
    },
    {
      "type": "Feature",
      "properties": {
        "indoor": "room",
        "level": [
          2
        ],
        "ref": "27223B",
        "name": "건설환경공학부학생회실",
        "room_type": "",
        "_idx": 5,
        "_centroid": [
          126.9767747,
          37.2955322
        ],
        "_area_m2": 28
      },
      "geometry": {
        "type": "Polygon",
        "coordinates": [
          [
            [
              126.97679885839104,
              37.29557089093718
            ],
            [
              126.97678520407632,
              37.295489772120284
            ],
            [
              126.97675047125449,
              37.29549359262647
            ],
            [
              126.9767640997639,
              37.29557455813285
            ],
            [
              126.97679885839104,
              37.29557089093718
            ]
          ]
        ]
      }
    },
    {
      "type": "Feature",
      "properties": {
        "indoor": "room",
        "level": [
          2
        ],
        "ref": "27225",
        "name": "공간정보분석실",
        "room_type": "lab",
        "_idx": 6,
        "_centroid": [
          126.9767285,
          37.2955289
        ],
        "_area_m2": 55.2
      },
      "geometry": {
        "type": "Polygon",
        "coordinates": [
          [
            [
              126.97675047125448,
              37.29549359262647
            ],
            [
              126.9766818292854,
              37.295500904711794
            ],
            [
              126.97669544621282,
              37.29558180139952
            ],
            [
              126.9767640997639,
              37.29557455813285
            ],
            [
              126.97675047125449,
              37.29549359262647
            ],
            [
              126.97675047125448,
              37.29549359262647
            ]
          ]
        ]
      }
    },
    {
      "type": "Feature",
      "properties": {
        "indoor": "room",
        "level": [
          2
        ],
        "ref": "27223A",
        "name": "지반공학연구실Ⅰ",
        "room_type": "lab",
        "_idx": 7,
        "_centroid": [
          126.9768258,
          37.2955267
        ],
        "_area_m2": 54.6
      },
      "geometry": {
        "type": "Polygon",
        "coordinates": [
          [
            [
              126.97686645770095,
              37.29556375889782
            ],
            [
              126.97685275319877,
              37.29548234191948
            ],
            [
              126.97678520407632,
              37.295489772120284
            ],
            [
              126.97679885839104,
              37.29557089093718
            ],
            [
              126.97686645770095,
              37.29556375889782
            ]
          ]
        ]
      }
    },
    {
      "type": "Feature",
      "properties": {
        "indoor": "room",
        "level": [
          2
        ],
        "ref": "27221",
        "name": "건설환경공학부PC실",
        "room_type": "classroom",
        "_idx": 8,
        "_centroid": [
          126.9768939,
          37.2955194
        ],
        "_area_m2": 55.7
      },
      "geometry": {
        "type": "Polygon",
        "coordinates": [
          [
            [
              126.97693512092685,
              37.29555651461041
            ],
            [
              126.97692136544795,
              37.29547479477793
            ],
            [
              126.97685275319877,
              37.29548234191948
            ],
            [
              126.97686645770095,
              37.29556375889782
            ],
            [
              126.97693512092685,
              37.29555651461041
            ]
          ]
        ]
      }
    },
    {
      "type": "Feature",
      "properties": {
        "indoor": "room",
        "level": [
          2
        ],
        "ref": "27231",
        "name": "자산관리처장실",
        "room_type": "office",
        "_idx": 9,
        "_centroid": [
          126.9762969,
          37.2955138
        ],
        "_area_m2": 55
      },
      "geometry": {
        "type": "Polygon",
        "coordinates": [
          [
            [
              126.97625525609125,
              37.295549143585724
            ],
            [
              126.9763487602778,
              37.29553775512501
            ],
            [
              126.97633802003854,
              37.295479057144036
            ],
            [
              126.9762454190896,
              37.29548924832065
            ],
            [
              126.97625525609125,
              37.295549143585724
            ]
          ]
        ]
      }
    },
    {
      "type": "Feature",
      "properties": {
        "indoor": "room",
        "level": [
          2
        ],
        "ref": "27219",
        "name": "지구원격탐사 연구실",
        "room_type": "lab",
        "_idx": 10,
        "_centroid": [
          126.9769457,
          37.2955138
        ],
        "_area_m2": 28.3
      },
      "geometry": {
        "type": "Polygon",
        "coordinates": [
          [
            [
              126.97696995444429,
              37.29555283951346
            ],
            [
              126.97695617310455,
              37.295470966040135
            ],
            [
              126.97692136544795,
              37.29547479477793
            ],
            [
              126.97693512092685,
              37.29555651461041
            ],
            [
              126.97696995444429,
              37.29555283951346
            ]
          ]
        ]
      }
    },
    {
      "type": "Feature",
      "properties": {
        "indoor": "room",
        "level": [
          2
        ],
        "ref": "27217",
        "name": "지구원격탐사 연구실",
        "room_type": "lab",
        "_idx": 11,
        "_centroid": [
          126.9769814,
          37.2955099
        ],
        "_area_m2": 29.9
      },
      "geometry": {
        "type": "Polygon",
        "coordinates": [
          [
            [
              126.9770066301647,
              37.2955489700556
            ],
            [
              126.9769928215965,
              37.29546693481598
            ],
            [
              126.97695617310455,
              37.295470966040135
            ],
            [
              126.97696995444429,
              37.29555283951346
            ],
            [
              126.9770066301647,
              37.2955489700556
            ]
          ]
        ]
      }
    },
    {
      "type": "Feature",
      "properties": {
        "indoor": "room",
        "level": [
          2
        ],
        "ref": "27215",
        "name": "교량공학연구실",
        "room_type": "lab",
        "_idx": 12,
        "_centroid": [
          126.9770333,
          37.2955043
        ],
        "_area_m2": 54.9
      },
      "geometry": {
        "type": "Polygon",
        "coordinates": [
          [
            [
              126.97707378568846,
              37.29554188483773
            ],
            [
              126.9770599272633,
              37.29545955339397
            ],
            [
              126.9769928215965,
              37.29546693481598
            ],
            [
              126.9770066301647,
              37.2955489700556
            ],
            [
              126.97707378568846,
              37.29554188483773
            ]
          ]
        ]
      }
    },
    {
      "type": "Feature",
      "properties": {
        "indoor": "room",
        "level": [
          2
        ],
        "ref": "27213",
        "name": "스마트구조및동역학연구실Ⅱ",
        "room_type": "lab",
        "_idx": 13,
        "_centroid": [
          126.977084,
          37.2954989
        ],
        "_area_m2": 28.1
      },
      "geometry": {
        "type": "Polygon",
        "coordinates": [
          [
            [
              126.97710812134662,
              37.295538262267236
            ],
            [
              126.97709423743004,
              37.29545577937857
            ],
            [
              126.9770599272633,
              37.29545955339397
            ],
            [
              126.97707378568846,
              37.29554188483773
            ],
            [
              126.97710812134662,
              37.295538262267236
            ]
          ]
        ]
      }
    },
    {
      "type": "Feature",
      "properties": {
        "indoor": "room",
        "level": [
          2
        ],
        "ref": "27211",
        "name": "수리공학연구실Ⅱ",
        "room_type": "lab",
        "_idx": 14,
        "_centroid": [
          126.9771192,
          37.2954951
        ],
        "_area_m2": 29.5
      },
      "geometry": {
        "type": "Polygon",
        "coordinates": [
          [
            [
              126.97714410928309,
              37.295534465373755
            ],
            [
              126.97713019864878,
              37.2954518237524
            ],
            [
              126.97709423743004,
              37.29545577937857
            ],
            [
              126.97710812134662,
              37.295538262267236
            ],
            [
              126.97714410928309,
              37.295534465373755
            ]
          ]
        ]
      }
    },
    {
      "type": "Feature",
      "properties": {
        "indoor": "room",
        "level": [
          2
        ],
        "ref": "27209",
        "name": "콘크리트구해석연구실",
        "room_type": "lab",
        "_idx": 15,
        "_centroid": [
          126.9771549,
          37.2954912
        ],
        "_area_m2": 29.2
      },
      "geometry": {
        "type": "Polygon",
        "coordinates": [
          [
            [
              126.97717966701273,
              37.29553071386908
            ],
            [
              126.97716572997983,
              37.295447915412595
            ],
            [
              126.97713019864878,
              37.2954518237524
            ],
            [
              126.97714410928309,
              37.295534465373755
            ],
            [
              126.97717966701273,
              37.29553071386908
            ]
          ]
        ]
      }
    },
    {
      "type": "Feature",
      "properties": {
        "indoor": "room",
        "level": [
          2
        ],
        "ref": "27207",
        "name": "지반공학연구실Ⅱ",
        "room_type": "lab",
        "_idx": 16,
        "_centroid": [
          126.9771897,
          37.2954875
        ],
        "_area_m2": 28
      },
      "geometry": {
        "type": "Polygon",
        "coordinates": [
          [
            [
              126.97721360515331,
              37.29552713323852
            ],
            [
              126.97719964292469,
              37.29544418509041
            ],
            [
              126.97716572997983,
              37.295447915412595
            ],
            [
              126.97717966701273,
              37.29553071386908
            ],
            [
              126.97721360515331,
              37.29552713323852
            ]
          ]
        ]
      }
    },
    {
      "type": "Feature",
      "properties": {
        "indoor": "room",
        "level": [
          2
        ],
        "ref": "27205",
        "name": "수질환경연구실",
        "room_type": "lab",
        "_idx": 17,
        "_centroid": [
          126.977224,
          37.2954838
        ],
        "_area_m2": 28.7
      },
      "geometry": {
        "type": "Polygon",
        "coordinates": [
          [
            [
              126.97724842232606,
              37.29552345986602
            ],
            [
              126.97723443424822,
              37.29544035814921
            ],
            [
              126.97719964292469,
              37.29544418509041
            ],
            [
              126.97721360515331,
              37.29552713323852
            ],
            [
              126.97724842232606,
              37.29552345986602
            ]
          ]
        ]
      }
    },
    {
      "type": "Feature",
      "properties": {
        "indoor": "room",
        "level": [
          2
        ],
        "ref": "27203",
        "name": "예비",
        "room_type": "reserved",
        "_idx": 18,
        "_centroid": [
          126.9772592,
          37.29548
        ],
        "_area_m2": 29.5
      },
      "geometry": {
        "type": "Polygon",
        "coordinates": [
          [
            [
              126.97728407778406,
              37.29551969805055
            ],
            [
              126.97727006323571,
              37.29543643906748
            ],
            [
              126.97723443424822,
              37.29544035814921
            ],
            [
              126.97724842232606,
              37.29552345986602
            ],
            [
              126.97728407778406,
              37.29551969805055
            ]
          ]
        ]
      }
    },
    {
      "type": "Feature",
      "properties": {
        "indoor": "room",
        "level": [
          2
        ],
        "ref": "27201",
        "name": "예비",
        "room_type": "reserved",
        "_idx": 19,
        "_centroid": [
          126.9773678,
          37.2954672
        ],
        "_area_m2": 125.5
      },
      "geometry": {
        "type": "Polygon",
        "coordinates": [
          [
            [
              126.97728407778406,
              37.29551969805055
            ],
            [
              126.9773215036315,
              37.29551571126334
            ],
            [
              126.97731181784786,
              37.295457857717416
            ],
            [
              126.97738033032687,
              37.295449940317695
            ],
            [
              126.97738991503957,
              37.2954995930276
            ],
            [
              126.97749332171956,
              37.29548732857023
            ],
            [
              126.97748136180006,
              37.29541391148736
            ],
            [
              126.97737783113344,
              37.29542458492207
            ],
            [
              126.97727006323571,
              37.29543643906748
            ],
            [
              126.97728407778406,
              37.29551969805055
            ]
          ]
        ]
      }
    },
    {
      "type": "Feature",
      "properties": {
        "indoor": "room",
        "level": [
          2
        ],
        "ref": "27240",
        "name": "소회의실(제2회의실)",
        "room_type": "lounge",
        "_idx": 20,
        "_centroid": [
          126.9764878,
          37.2954663
        ],
        "_area_m2": 71.3
      },
      "geometry": {
        "type": "Polygon",
        "coordinates": [
          [
            [
              126.9764734471071,
              37.29543847645255
            ],
            [
              126.97637082357083,
              37.295449053060494
            ],
            [
              126.97638160637081,
              37.29550799345312
            ],
            [
              126.97656262640828,
              37.29548819991826
            ],
            [
              126.9765526486186,
              37.2954317635817
            ],
            [
              126.97653519864234,
              37.29543359950049
            ],
            [
              126.9765441404846,
              37.295487009399885
            ],
            [
              126.97648226139702,
              37.295493927680525
            ],
            [
              126.9764734471071,
              37.29543847645255
            ]
          ]
        ]
      }
    },
    {
      "type": "Feature",
      "properties": {
        "indoor": "room",
        "level": [
          2
        ],
        "ref": "27228A",
        "name": "이제찬 교수실",
        "room_type": "office",
        "_idx": 21,
        "_centroid": [
          126.9765756,
          37.2954581
        ],
        "_area_m2": 20.2
      },
      "geometry": {
        "type": "Polygon",
        "coordinates": [
          [
            [
              126.97659855443277,
              37.295484271388496
            ],
            [
              126.97658860242358,
              37.29542798086789
            ],
            [
              126.9765526486186,
              37.2954317635817
            ],
            [
              126.97656262640828,
              37.29548819991826
            ],
            [
              126.97659855443277,
              37.295484271388496
            ]
          ]
        ]
      }
    },
    {
      "type": "Feature",
      "properties": {
        "indoor": "room",
        "level": [
          2
        ],
        "ref": "27233",
        "name": "산학협력단장실",
        "room_type": "office",
        "_idx": 22,
        "_centroid": [
          126.9762871,
          37.2954575
        ],
        "_area_m2": 48.8
      },
      "geometry": {
        "type": "Polygon",
        "coordinates": [
          [
            [
              126.9763282874379,
              37.29542586614951
            ],
            [
              126.97623666548117,
              37.29543594959051
            ],
            [
              126.9762454190896,
              37.29548924832065
            ],
            [
              126.97633802003854,
              37.295479057144036
            ],
            [
              126.9763282874379,
              37.29542586614951
            ]
          ]
        ]
      }
    },
    {
      "type": "Feature",
      "properties": {
        "indoor": "room",
        "level": [
          2
        ],
        "ref": "27226",
        "name": "유충식교수실",
        "room_type": "office",
        "_idx": 23,
        "_centroid": [
          126.976611,
          37.2954543
        ],
        "_area_m2": 19.5
      },
      "geometry": {
        "type": "Polygon",
        "coordinates": [
          [
            [
              126.97663330311671,
              37.295480471813065
            ],
            [
              126.97662337604162,
              37.29542432232201
            ],
            [
              126.97658860242358,
              37.29542798086789
            ],
            [
              126.97659855443277,
              37.295484271388496
            ],
            [
              126.97663330311671,
              37.295480471813065
            ]
          ]
        ]
      }
    },
    {
      "type": "Feature",
      "properties": {
        "indoor": "room",
        "level": [
          2
        ],
        "ref": "27224",
        "name": "이광명교수실",
        "room_type": "office",
        "_idx": 24,
        "_centroid": [
          126.9766449,
          37.2954506
        ],
        "_area_m2": 18.5
      },
      "geometry": {
        "type": "Polygon",
        "coordinates": [
          [
            [
              126.97666643620876,
              37.29547684889362
            ],
            [
              126.97665653290841,
              37.295420833875156
            ],
            [
              126.97662337604162,
              37.29542432232201
            ],
            [
              126.97663330311671,
              37.295480471813065
            ],
            [
              126.97666643620876,
              37.29547684889362
            ]
          ]
        ]
      }
    },
    {
      "type": "Feature",
      "properties": {
        "indoor": "room",
        "level": [
          2
        ],
        "ref": "27222B",
        "name": "염익태교수실",
        "room_type": "office",
        "_idx": 25,
        "_centroid": [
          126.9766795,
          37.2954469
        ],
        "_area_m2": 20
      },
      "geometry": {
        "type": "Polygon",
        "coordinates": [
          [
            [
              126.97670238363322,
              37.29547291824258
            ],
            [
              126.97669250612732,
              37.295417049118804
            ],
            [
              126.97665653290841,
              37.295420833875156
            ],
            [
              126.97666643620876,
              37.29547684889362
            ],
            [
              126.97670238363322,
              37.29547291824258
            ]
          ]
        ]
      }
    },
    {
      "type": "Feature",
      "properties": {
        "indoor": "room",
        "level": [
          2
        ],
        "ref": "27222A",
        "name": "김형수교수실",
        "room_type": "office",
        "_idx": 26,
        "_centroid": [
          126.9767142,
          37.2954432
        ],
        "_area_m2": 18.6
      },
      "geometry": {
        "type": "Polygon",
        "coordinates": [
          [
            [
              126.9767359153309,
              37.29546925173783
            ],
            [
              126.9767260618856,
              37.29541351870442
            ],
            [
              126.97669250612732,
              37.295417049118804
            ],
            [
              126.97670238363322,
              37.29547291824258
            ],
            [
              126.9767359153309,
              37.29546925173783
            ]
          ]
        ]
      }
    },
    {
      "type": "Feature",
      "properties": {
        "indoor": "room",
        "level": [
          2
        ],
        "ref": "27220",
        "name": "최민하교수실",
        "room_type": "office",
        "_idx": 27,
        "_centroid": [
          126.976748,
          37.2954396
        ],
        "_area_m2": 18.8
      },
      "geometry": {
        "type": "Polygon",
        "coordinates": [
          [
            [
              126.97676986548626,
              37.29546553947706
            ],
            [
              126.97676003640183,
              37.295409944232354
            ],
            [
              126.9767260618856,
              37.29541351870442
            ],
            [
              126.9767359153309,
              37.29546925173783
            ],
            [
              126.97676986548626,
              37.29546553947706
            ]
          ]
        ]
      }
    },
    {
      "type": "Feature",
      "properties": {
        "indoor": "room",
        "level": [
          2
        ],
        "ref": "27218",
        "name": "지구원격탐사 연구실",
        "room_type": "lab",
        "_idx": 28,
        "_centroid": [
          126.9767985,
          37.2954341
        ],
        "_area_m2": 37
      },
      "geometry": {
        "type": "Polygon",
        "coordinates": [
          [
            [
              126.97683693938386,
              37.2954582053192
            ],
            [
              126.97682715842886,
              37.29540288229777
            ],
            [
              126.97676003640183,
              37.295409944232354
            ],
            [
              126.97676986548626,
              37.29546553947706
            ],
            [
              126.97683693938386,
              37.2954582053192
            ]
          ]
        ]
      }
    },
    {
      "type": "Feature",
      "properties": {
        "indoor": "room",
        "level": [
          2
        ],
        "ref": "27216",
        "name": "예비",
        "room_type": "reserved",
        "_idx": 29,
        "_centroid": [
          126.97685,
          37.2954286
        ],
        "_area_m2": 19.8
      },
      "geometry": {
        "type": "Polygon",
        "coordinates": [
          [
            [
              126.97687288676727,
              37.29545427467264
            ],
            [
              126.97686313160648,
              37.29539909754576
            ],
            [
              126.97682715842886,
              37.29540288229777
            ],
            [
              126.97683693938386,
              37.2954582053192
            ],
            [
              126.97687288676727,
              37.29545427467264
            ]
          ]
        ]
      }
    },
    {
      "type": "Feature",
      "properties": {
        "indoor": "room",
        "level": [
          2
        ],
        "ref": "",
        "name": "",
        "room_type": "",
        "_idx": 30,
        "_centroid": [
          126.9769018,
          37.2954231
        ],
        "_area_m2": 37
      },
      "geometry": {
        "type": "Polygon",
        "coordinates": [
          [
            [
              126.9769403598471,
              37.29544689686643
            ],
            [
              126.97693065310214,
              37.29539199358294
            ],
            [
              126.97686313160648,
              37.29539909754576
            ],
            [
              126.97687288676727,
              37.29545427467264
            ],
            [
              126.9769403598471,
              37.29544689686643
            ]
          ]
        ]
      }
    },
    {
      "type": "Feature",
      "properties": {
        "indoor": "room",
        "level": [
          2
        ],
        "ref": "27235A",
        "name": "",
        "room_type": "",
        "_idx": 31,
        "_centroid": [
          126.9762802,
          37.2954177
        ],
        "_area_m2": 24.1
      },
      "geometry": {
        "type": "Polygon",
        "coordinates": [
          [
            [
              126.97632344830757,
              37.295399419142726
            ],
            [
              126.97623231311393,
              37.29540944901661
            ],
            [
              126.97623666548117,
              37.29543594959051
            ],
            [
              126.9763282874379,
              37.29542586614951
            ],
            [
              126.97632344830757,
              37.295399419142726
            ]
          ]
        ]
      }
    },
    {
      "type": "Feature",
      "properties": {
        "indoor": "room",
        "level": [
          2
        ],
        "ref": "27214",
        "name": "윤홍식교수실",
        "room_type": "office",
        "_idx": 32,
        "_centroid": [
          126.9769529,
          37.2954176
        ],
        "_area_m2": 19
      },
      "geometry": {
        "type": "Polygon",
        "coordinates": [
          [
            [
              126.97697510849022,
              37.29544309729546
            ],
            [
              126.97696542667921,
              37.295388335041366
            ],
            [
              126.97693065310214,
              37.29539199358294
            ],
            [
              126.9769403598471,
              37.29544689686643
            ],
            [
              126.97697510849022,
              37.29544309729546
            ]
          ]
        ]
      }
    },
    {
      "type": "Feature",
      "properties": {
        "indoor": "room",
        "level": [
          2
        ],
        "ref": "27212",
        "name": "건설환경공학부사무실",
        "room_type": "office",
        "_idx": 33,
        "_centroid": [
          126.9770052,
          37.295412
        ],
        "_area_m2": 38
      },
      "geometry": {
        "type": "Polygon",
        "coordinates": [
          [
            [
              126.97704497736264,
              37.29543545752264
            ],
            [
              126.97703534568625,
              37.29538097883544
            ],
            [
              126.97696542667921,
              37.295388335041366
            ],
            [
              126.97697510849022,
              37.29544309729546
            ],
            [
              126.97704497736264,
              37.29543545752264
            ]
          ]
        ]
      }
    },
    {
      "type": "Feature",
      "properties": {
        "indoor": "room",
        "level": [
          2
        ],
        "ref": "26223",
        "name": "첨단e+강의실",
        "room_type": "classroom",
        "_idx": 34,
        "_centroid": [
          126.9775152,
          37.2954095
        ],
        "_area_m2": 178.7
      },
      "geometry": {
        "type": "Polygon",
        "coordinates": [
          [
            [
              126.97763161146953,
              37.29547092683736
            ],
            [
              126.97760417454141,
              37.295322580572396
            ],
            [
              126.97749980885534,
              37.29533479636245
            ],
            [
              126.97751394875554,
              37.29541003595976
            ],
            [
              126.97748218850481,
              37.29541381515488
            ],
            [
              126.97748218963038,
              37.29541382096875
            ],
            [
              126.9774815730833,
              37.29541388838472
            ],
            [
              126.97748136217116,
              37.29541391348144
            ],
            [
              126.97748136180006,
              37.29541391148736
            ],
            [
              126.97749332171956,
              37.29548732857023
            ],
            [
              126.97763161146953,
              37.29547092683736
            ]
          ]
        ]
      }
    },
    {
      "type": "Feature",
      "properties": {
        "indoor": "room",
        "level": [
          2
        ],
        "ref": "27210",
        "name": "박승희교수실",
        "room_type": "office",
        "_idx": 35,
        "_centroid": [
          126.9770573,
          37.2954064
        ],
        "_area_m2": 18.6
      },
      "geometry": {
        "type": "Polygon",
        "coordinates": [
          [
            [
              126.97707932781248,
              37.29543170149189
            ],
            [
              126.97706972078466,
              37.29537736221796
            ],
            [
              126.97703534568625,
              37.29538097883544
            ],
            [
              126.97704497736264,
              37.29543545752264
            ],
            [
              126.97707932781248,
              37.29543170149189
            ]
          ]
        ]
      }
    },
    {
      "type": "Feature",
      "properties": {
        "indoor": "room",
        "level": [
          2
        ],
        "ref": "27208B",
        "name": "예비",
        "room_type": "reserved",
        "_idx": 36,
        "_centroid": [
          126.9770909,
          37.2954028
        ],
        "_area_m2": 17.7
      },
      "geometry": {
        "type": "Polygon",
        "coordinates": [
          [
            [
              126.97711206077548,
              37.29542812232434
            ],
            [
              126.97710247723532,
              37.29537391589905
            ],
            [
              126.97706972078466,
              37.29537736221796
            ],
            [
              126.97707932781248,
              37.29543170149189
            ],
            [
              126.97711206077548,
              37.29542812232434
            ]
          ]
        ]
      }
    },
    {
      "type": "Feature",
      "properties": {
        "indoor": "room",
        "level": [
          2
        ],
        "ref": "27208A",
        "name": "전경수교수실",
        "room_type": "office",
        "_idx": 37,
        "_centroid": [
          126.9771254,
          37.2953991
        ],
        "_area_m2": 19.6
      },
      "geometry": {
        "type": "Polygon",
        "coordinates": [
          [
            [
              126.97714840697044,
              37.29542414806996
            ],
            [
              126.97713884951028,
              37.29537008915785
            ],
            [
              126.97710247723532,
              37.29537391589905
            ],
            [
              126.97711206077548,
              37.29542812232434
            ],
            [
              126.97714840697044,
              37.29542414806996
            ]
          ]
        ]
      }
    },
    {
      "type": "Feature",
      "properties": {
        "indoor": "room",
        "level": [
          2
        ],
        "ref": "27206",
        "name": "박솔뫼교수실",
        "room_type": "office",
        "_idx": 38,
        "_centroid": [
          126.9771614,
          37.2953952
        ],
        "_area_m2": 19.1
      },
      "geometry": {
        "type": "Polygon",
        "coordinates": [
          [
            [
              126.97718393659575,
              37.29542026310293
            ],
            [
              126.97717440463046,
              37.29536634838983
            ],
            [
              126.97713884951028,
              37.29537008915785
            ],
            [
              126.97714840697044,
              37.29542414806996
            ],
            [
              126.97718393659575,
              37.29542026310293
            ]
          ]
        ]
      }
    },
    {
      "type": "Feature",
      "properties": {
        "indoor": "room",
        "level": [
          2
        ],
        "ref": "27235B",
        "name": "",
        "room_type": "",
        "_idx": 39,
        "_centroid": [
          126.9762756,
          37.2953915
        ],
        "_area_m2": 23.5
      },
      "geometry": {
        "type": "Polygon",
        "coordinates": [
          [
            [
              126.97631870962593,
              37.295373521112175
            ],
            [
              126.97622805109135,
              37.29538349853078
            ],
            [
              126.97623231311393,
              37.29540944901661
            ],
            [
              126.97632344830757,
              37.295399419142726
            ],
            [
              126.97631870962593,
              37.295373521112175
            ]
          ]
        ]
      }
    },
    {
      "type": "Feature",
      "properties": {
        "indoor": "room",
        "level": [
          2
        ],
        "ref": "27204",
        "name": "장암교수실",
        "room_type": "office",
        "_idx": 40,
        "_centroid": [
          126.9771969,
          37.2953914
        ],
        "_area_m2": 19
      },
      "geometry": {
        "type": "Polygon",
        "coordinates": [
          [
            [
              126.97721948228505,
              37.29541637637939
            ],
            [
              126.97720997582536,
              37.29536260593057
            ],
            [
              126.97717440463046,
              37.29536634838983
            ],
            [
              126.97718393659575,
              37.29542026310293
            ],
            [
              126.97721948228505,
              37.29541637637939
            ]
          ]
        ]
      }
    },
    {
      "type": "Feature",
      "properties": {
        "indoor": "room",
        "level": [
          2
        ],
        "ref": "27232",
        "name": "",
        "room_type": "",
        "_idx": 41,
        "_centroid": [
          126.9764107,
          37.2953777
        ],
        "_area_m2": 136.5
      },
      "geometry": {
        "type": "Polygon",
        "coordinates": [
          [
            [
              126.9764734471071,
              37.29543847645255
            ],
            [
              126.97645185168,
              37.29530586934473
            ],
            [
              126.97634674515429,
              37.29531743684498
            ],
            [
              126.97637082357083,
              37.295449053060494
            ],
            [
              126.9764734471071,
              37.29543847645255
            ]
          ]
        ]
      }
    },
    {
      "type": "Feature",
      "properties": {
        "indoor": "room",
        "level": [
          2
        ],
        "ref": "27202",
        "name": "SWAT 연구실",
        "room_type": "lab",
        "_idx": 42,
        "_centroid": [
          126.9773373,
          37.2953739
        ],
        "_area_m2": 106.2
      },
      "geometry": {
        "type": "Polygon",
        "coordinates": [
          [
            [
              126.97729429148448,
              37.29535317209707
            ],
            [
              126.97720997582536,
              37.29536260593057
            ],
            [
              126.97721948228505,
              37.29541637637939
            ],
            [
              126.97747658863756,
              37.29538826322892
            ],
            [
              126.97746730568628,
              37.29533838193258
            ],
            [
              126.97736092196743,
              37.29534939712246
            ],
            [
              126.97736832377936,
              37.295387741518546
            ],
            [
              126.97730137434674,
              37.29539547829679
            ],
            [
              126.97729429148448,
              37.29535317209707
            ]
          ]
        ]
      }
    },
    {
      "type": "Feature",
      "properties": {
        "indoor": "room",
        "level": [
          2
        ],
        "ref": "27237A",
        "name": "",
        "room_type": "",
        "_idx": 43,
        "_centroid": [
          126.9762711,
          37.2953651
        ],
        "_area_m2": 24.1
      },
      "geometry": {
        "type": "Polygon",
        "coordinates": [
          [
            [
              126.97631381418593,
              37.29534676635962
            ],
            [
              126.97622364807854,
              37.29535668958759
            ],
            [
              126.97622805109135,
              37.29538349853078
            ],
            [
              126.97631870962593,
              37.295373521112175
            ],
            [
              126.97631381418593,
              37.29534676635962
            ]
          ]
        ]
      }
    },
    {
      "type": "Feature",
      "properties": {
        "indoor": "room",
        "level": [
          2
        ],
        "ref": "27237B",
        "name": "",
        "room_type": "",
        "_idx": 44,
        "_centroid": [
          126.9762665,
          37.2953391
        ],
        "_area_m2": 22.6
      },
      "geometry": {
        "type": "Polygon",
        "coordinates": [
          [
            [
              126.9763092036141,
              37.29532156847975
            ],
            [
              126.97621950127949,
              37.295331440671525
            ],
            [
              126.97622364807854,
              37.29535668958759
            ],
            [
              126.97631381418593,
              37.29534676635962
            ],
            [
              126.9763092036141,
              37.29532156847975
            ]
          ]
        ]
      }
    },
    {
      "type": "Feature",
      "properties": {
        "indoor": "room",
        "level": [
          2
        ],
        "ref": "26220",
        "name": "스마트건설IT연구실",
        "room_type": "lab",
        "_idx": 45,
        "_centroid": [
          126.9774063,
          37.2953026
        ],
        "_area_m2": 87.7
      },
      "geometry": {
        "type": "Polygon",
        "coordinates": [
          [
            [
              126.9774519373529,
              37.29525580125656
            ],
            [
              126.97734499222689,
              37.29526687458773
            ],
            [
              126.97736092196743,
              37.29534939712246
            ],
            [
              126.97746730568628,
              37.29533838193258
            ],
            [
              126.9774519373529,
              37.29525580125656
            ]
          ]
        ]
      }
    },
    {
      "type": "Feature",
      "properties": {
        "indoor": "room",
        "level": [
          2
        ],
        "ref": "",
        "name": "",
        "room_type": "",
        "_idx": 46,
        "_centroid": [
          126.97626,
          37.2953013
        ],
        "_area_m2": 44.8
      },
      "geometry": {
        "type": "Polygon",
        "coordinates": [
          [
            [
              126.97621950127949,
              37.295331440671525
            ],
            [
              126.9763092036141,
              37.29532156847975
            ],
            [
              126.97630003202136,
              37.2952714435279
            ],
            [
              126.97621116455477,
              37.29528068025142
            ],
            [
              126.97621950127949,
              37.295331440671525
            ]
          ]
        ]
      }
    },
    {
      "type": "Feature",
      "properties": {
        "indoor": "room",
        "level": [
          2
        ],
        "ref": "26223A",
        "name": "방재안전공학연구실",
        "room_type": "lab",
        "_idx": 47,
        "_centroid": [
          126.9775468,
          37.2953013
        ],
        "_area_m2": 57.1
      },
      "geometry": {
        "type": "Polygon",
        "coordinates": [
          [
            [
              126.97749980885534,
              37.29533479636245
            ],
            [
              126.97760417454141,
              37.295322580572396
            ],
            [
              126.97759382950956,
              37.295267775944005
            ],
            [
              126.97748950835431,
              37.29527998653081
            ],
            [
              126.97749980885534,
              37.29533479636245
            ]
          ]
        ]
      }
    },
    {
      "type": "Feature",
      "properties": {
        "indoor": "room",
        "level": [
          2
        ],
        "ref": "",
        "name": "",
        "room_type": "",
        "_idx": 48,
        "_centroid": [
          126.9764036,
          37.2952809
        ],
        "_area_m2": 52
      },
      "geometry": {
        "type": "Polygon",
        "coordinates": [
          [
            [
              126.97645185168,
              37.29530586934473
            ],
            [
              126.97644328077045,
              37.29525658343786
            ],
            [
              126.97643875012817,
              37.29525702541912
            ],
            [
              126.97633761628563,
              37.29526753708754
            ],
            [
              126.97634674515429,
              37.29531743684498
            ],
            [
              126.97645185168,
              37.29530586934473
            ]
          ]
        ]
      }
    },
    {
      "type": "Feature",
      "properties": {
        "indoor": "room",
        "level": [
          2
        ],
        "ref": "26221",
        "name": "수질환경연구실",
        "room_type": "lab",
        "_idx": 49,
        "_centroid": [
          126.9775366,
          37.2952471
        ],
        "_area_m2": 55.8
      },
      "geometry": {
        "type": "Polygon",
        "coordinates": [
          [
            [
              126.97748950835431,
              37.29527998653081
            ],
            [
              126.97759382950956,
              37.295267775944005
            ],
            [
              126.97758371990277,
              37.29521421852135
            ],
            [
              126.97747944226492,
              37.29522642402322
            ],
            [
              126.97748950835431,
              37.29527998653081
            ]
          ]
        ]
      }
    },
    {
      "type": "Feature",
      "properties": {
        "indoor": "room",
        "level": [
          2
        ],
        "ref": "26218",
        "name": "측지정보학연구실",
        "room_type": "lab",
        "_idx": 50,
        "_centroid": [
          126.977391,
          37.2952219
        ],
        "_area_m2": 84.2
      },
      "geometry": {
        "type": "Polygon",
        "coordinates": [
          [
            [
              126.97743725718189,
              37.29517691837348
            ],
            [
              126.97732977578742,
              37.29518804724277
            ],
            [
              126.97734499222689,
              37.29526687458773
            ],
            [
              126.9774519373529,
              37.29525580125656
            ],
            [
              126.97743725718189,
              37.29517691837348
            ]
          ]
        ]
      }
    },
    {
      "type": "Feature",
      "properties": {
        "indoor": "room",
        "level": [
          2
        ],
        "ref": "26219",
        "name": "남학생휴게실",
        "room_type": "lounge",
        "_idx": 51,
        "_centroid": [
          126.977529,
          37.2952065
        ],
        "_area_m2": 28.8
      },
      "geometry": {
        "type": "Polygon",
        "coordinates": [
          [
            [
              126.97747944226492,
              37.29522642402322
            ],
            [
              126.97758371990277,
              37.29521421852135
            ],
            [
              126.9775785059814,
              37.2951865968545
            ],
            [
              126.9774742507872,
              37.295198799733875
            ],
            [
              126.97747944226492,
              37.29522642402322
            ]
          ]
        ]
      }
    },
    {
      "type": "Feature",
      "properties": {
        "indoor": "room",
        "level": [
          2
        ],
        "ref": "26217B",
        "name": "강구조해석연구실",
        "room_type": "lab",
        "_idx": 52,
        "_centroid": [
          126.9775209,
          37.2951637
        ],
        "_area_m2": 60.4
      },
      "geometry": {
        "type": "Polygon",
        "coordinates": [
          [
            [
              126.9774742507872,
              37.295198799733875
            ],
            [
              126.9775785059814,
              37.2951865968545
            ],
            [
              126.97756755571474,
              37.295128585888115
            ],
            [
              126.9774633476566,
              37.295140783259676
            ],
            [
              126.9774742507872,
              37.295198799733875
            ]
          ]
        ]
      }
    },
    {
      "type": "Feature",
      "properties": {
        "indoor": "room",
        "level": [
          2
        ],
        "ref": "26216",
        "name": "환경공학연구실",
        "room_type": "lab",
        "_idx": 53,
        "_centroid": [
          126.9773783,
          37.2951548
        ],
        "_area_m2": 59.3
      },
      "geometry": {
        "type": "Polygon",
        "coordinates": [
          [
            [
              126.97742695374257,
              37.29512155355527
            ],
            [
              126.97731909596223,
              37.2951327214047
            ],
            [
              126.97732977578742,
              37.29518804724277
            ],
            [
              126.97743725718189,
              37.29517691837348
            ],
            [
              126.97742695374257,
              37.29512155355527
            ]
          ]
        ]
      }
    },
    {
      "type": "Feature",
      "properties": {
        "indoor": "room",
        "level": [
          2
        ],
        "ref": "26214",
        "name": "환경공학실험실",
        "room_type": "lab",
        "_idx": 54,
        "_centroid": [
          126.9773678,
          37.2950998
        ],
        "_area_m2": 58.8
      },
      "geometry": {
        "type": "Polygon",
        "coordinates": [
          [
            [
              126.97741678438753,
              37.295066909229675
            ],
            [
              126.97730855511963,
              37.29507811555308
            ],
            [
              126.97731909596223,
              37.2951327214047
            ],
            [
              126.97742695374257,
              37.29512155355527
            ],
            [
              126.97741678438753,
              37.295066909229675
            ]
          ]
        ]
      }
    },
    {
      "type": "Feature",
      "properties": {
        "indoor": "room",
        "level": [
          2
        ],
        "ref": "26217A",
        "name": "대학원공동연구실",
        "room_type": "lab",
        "_idx": 55,
        "_centroid": [
          126.9775082,
          37.2950964
        ],
        "_area_m2": 79.6
      },
      "geometry": {
        "type": "Polygon",
        "coordinates": [
          [
            [
              126.9774633476566,
              37.295140783259676
            ],
            [
              126.97756755571474,
              37.295128585888115
            ],
            [
              126.97755324637147,
              37.29505277962171
            ],
            [
              126.9774488406108,
              37.29506359004982
            ],
            [
              126.9774633476566,
              37.295140783259676
            ]
          ]
        ]
      }
    },
    {
      "type": "Feature",
      "properties": {
        "indoor": "room",
        "level": [
          2
        ],
        "ref": "",
        "name": "",
        "room_type": "",
        "_idx": 56,
        "_centroid": [
          126.9773574,
          37.2950447
        ],
        "_area_m2": 60.2
      },
      "geometry": {
        "type": "Polygon",
        "coordinates": [
          [
            [
              126.97740641453984,
              37.29501118757066
            ],
            [
              126.97729780646014,
              37.295022433125446
            ],
            [
              126.97730855511963,
              37.29507811555308
            ],
            [
              126.97741678438753,
              37.295066909229675
            ],
            [
              126.97740641453984,
              37.29501118757066
            ]
          ]
        ]
      }
    },
    {
      "type": "Feature",
      "properties": {
        "indoor": "room",
        "level": [
          2
        ],
        "ref": "26215A",
        "name": "스마트건설IT연구실",
        "room_type": "lab",
        "_idx": 57,
        "_centroid": [
          126.9774958,
          37.2950303
        ],
        "_area_m2": 57.9
      },
      "geometry": {
        "type": "Polygon",
        "coordinates": [
          [
            [
              126.97754280494527,
              37.29499706536372
            ],
            [
              126.97743837069532,
              37.29500787874964
            ],
            [
              126.9774488406108,
              37.29506359004982
            ],
            [
              126.97755324637147,
              37.29505277962171
            ],
            [
              126.97754280494527,
              37.29499706536372
            ]
          ]
        ]
      }
    },
    {
      "type": "Feature",
      "properties": {
        "indoor": "room",
        "level": [
          2
        ],
        "ref": "26212",
        "name": "응용전자소재연구실",
        "room_type": "lab",
        "_idx": 58,
        "_centroid": [
          126.9773471,
          37.2949903
        ],
        "_area_m2": 57.5
      },
      "geometry": {
        "type": "Polygon",
        "coordinates": [
          [
            [
              126.97739654214966,
              37.29495813896515
            ],
            [
              126.97728757343037,
              37.2949694218694
            ],
            [
              126.97729780646014,
              37.295022433125446
            ],
            [
              126.97740641453984,
              37.29501118757066
            ],
            [
              126.97739654214966,
              37.29495813896515
            ]
          ]
        ]
      }
    },
    {
      "type": "Feature",
      "properties": {
        "indoor": "room",
        "level": [
          2
        ],
        "ref": "26215",
        "name": "대학원공동연구실",
        "room_type": "lab",
        "_idx": 59,
        "_centroid": [
          126.9774881,
          37.2949891
        ],
        "_area_m2": 27.9
      },
      "geometry": {
        "type": "Polygon",
        "coordinates": [
          [
            [
              126.97753767990508,
              37.294969718734414
            ],
            [
              126.97743363144103,
              37.29498158940504
            ],
            [
              126.97743837069532,
              37.29500787874964
            ],
            [
              126.97754280494527,
              37.29499706536372
            ],
            [
              126.97753767990508,
              37.294969718734414
            ]
          ]
        ]
      }
    },
    {
      "type": "Feature",
      "properties": {
        "indoor": "room",
        "level": [
          2
        ],
        "ref": "26215B",
        "name": "",
        "room_type": "",
        "_idx": 60,
        "_centroid": [
          126.9774831,
          37.2949625
        ],
        "_area_m2": 27.3
      },
      "geometry": {
        "type": "Polygon",
        "coordinates": [
          [
            [
              126.97743363144103,
              37.29498158940504
            ],
            [
              126.97753767990508,
              37.294969718734414
            ],
            [
              126.9775328644103,
              37.29494402380417
            ],
            [
              126.97742840303776,
              37.294954840006035
            ],
            [
              126.97743363144103,
              37.29498158940504
            ]
          ]
        ]
      }
    },
    {
      "type": "Feature",
      "properties": {
        "indoor": "room",
        "level": [
          2
        ],
        "ref": "26210",
        "name": "전자재료실험실",
        "room_type": "lab",
        "_idx": 61,
        "_centroid": [
          126.9773369,
          37.2949364
        ],
        "_area_m2": 59.5
      },
      "geometry": {
        "type": "Polygon",
        "coordinates": [
          [
            [
              126.97738635360562,
              37.294903391528784
            ],
            [
              126.97727701269761,
              37.29491471297867
            ],
            [
              126.97728757343037,
              37.2949694218694
            ],
            [
              126.97739654214966,
              37.29495813896515
            ],
            [
              126.97738635360562,
              37.294903391528784
            ]
          ]
        ]
      }
    },
    {
      "type": "Feature",
      "properties": {
        "indoor": "room",
        "level": [
          2
        ],
        "ref": "26213A",
        "name": "대학원공동연구실",
        "room_type": "lab",
        "_idx": 62,
        "_centroid": [
          126.9774755,
          37.2949221
        ],
        "_area_m2": 57
      },
      "geometry": {
        "type": "Polygon",
        "coordinates": [
          [
            [
              126.97752260553922,
              37.29488928363938
            ],
            [
              126.9774181161755,
              37.2949001027474
            ],
            [
              126.97742840303776,
              37.294954840006035
            ],
            [
              126.9775328644103,
              37.29494402380417
            ],
            [
              126.97752260553922,
              37.29488928363938
            ]
          ]
        ]
      }
    },
    {
      "type": "Feature",
      "properties": {
        "indoor": "room",
        "level": [
          2
        ],
        "ref": "26211",
        "name": "세미나실Ⅰ",
        "room_type": "classroom",
        "_idx": 63,
        "_centroid": [
          126.9774628,
          37.2948543
        ],
        "_area_m2": 84.1
      },
      "geometry": {
        "type": "Polygon",
        "coordinates": [
          [
            [
              126.9775073171543,
              37.294807730030826
            ],
            [
              126.9774030779518,
              37.294820083095274
            ],
            [
              126.9774181161755,
              37.2949001027474
            ],
            [
              126.97752260553922,
              37.29488928363938
            ],
            [
              126.9775073171543,
              37.294807730030826
            ]
          ]
        ]
      }
    },
    {
      "type": "Feature",
      "properties": {
        "indoor": "room",
        "level": [
          2
        ],
        "ref": "26208",
        "name": "전자현미경실험실",
        "room_type": "lab",
        "_idx": 64,
        "_centroid": [
          126.9773213,
          37.2948542
        ],
        "_area_m2": 119.9
      },
      "geometry": {
        "type": "Polygon",
        "coordinates": [
          [
            [
              126.97736592121039,
              37.29479359946691
            ],
            [
              126.9772558339046,
              37.294804998217366
            ],
            [
              126.97727701269761,
              37.29491471297867
            ],
            [
              126.97738635360562,
              37.294903391528784
            ],
            [
              126.97736592121039,
              37.29479359946691
            ]
          ]
        ]
      }
    },
    {
      "type": "Feature",
      "properties": {
        "indoor": "room",
        "level": [
          2
        ],
        "ref": "25202A",
        "name": "연성재료 하이브리드 실험실",
        "room_type": "lab",
        "_idx": 65,
        "_centroid": [
          126.9762474,
          37.2948008
        ],
        "_area_m2": 52.2
      },
      "geometry": {
        "type": "Polygon",
        "coordinates": [
          [
            [
              126.97622154714648,
              37.29484483680634
            ],
            [
              126.97628725187361,
              37.29483724561507
            ],
            [
              126.97627252912457,
              37.2947565988206
            ],
            [
              126.97620827204776,
              37.29476443476446
            ],
            [
              126.97622154714648,
              37.29484483680634
            ]
          ]
        ]
      }
    },
    {
      "type": "Feature",
      "properties": {
        "indoor": "room",
        "level": [
          2
        ],
        "ref": "26209B",
        "name": "대학원공동연구실",
        "room_type": "lab",
        "_idx": 66,
        "_centroid": [
          126.9774525,
          37.2947994
        ],
        "_area_m2": 30.2
      },
      "geometry": {
        "type": "Polygon",
        "coordinates": [
          [
            [
              126.9775073171543,
              37.294807730030826
            ],
            [
              126.97750203210813,
              37.29477950616025
            ],
            [
              126.97739748661013,
              37.294790331096294
            ],
            [
              126.9774030779518,
              37.294820083095274
            ],
            [
              126.9775073171543,
              37.294807730030826
            ]
          ]
        ]
      }
    },
    {
      "type": "Feature",
      "properties": {
        "indoor": "room",
        "level": [
          2
        ],
        "ref": "25202B",
        "name": "연성물질물리실험실",
        "room_type": "lab",
        "_idx": 67,
        "_centroid": [
          126.9763472,
          37.2947888
        ],
        "_area_m2": 108.8
      },
      "geometry": {
        "type": "Polygon",
        "coordinates": [
          [
            [
              126.97642194642782,
              37.29482125966028
            ],
            [
              126.97640703235197,
              37.29473999069213
            ],
            [
              126.97627252912457,
              37.2947565988206
            ],
            [
              126.97628725187361,
              37.29483724561507
            ],
            [
              126.97642194642782,
              37.29482125966028
            ]
          ]
        ]
      }
    },
    {
      "type": "Feature",
      "properties": {
        "indoor": "room",
        "level": [
          2
        ],
        "ref": "25202C",
        "name": "학부공동연구실2",
        "room_type": "lab",
        "_idx": 68,
        "_centroid": [
          126.9764322,
          37.2947785
        ],
        "_area_m2": 28.7
      },
      "geometry": {
        "type": "Polygon",
        "coordinates": [
          [
            [
              126.97644249234607,
              37.29473587235236
            ],
            [
              126.97640703235197,
              37.29473999069213
            ],
            [
              126.97642194642782,
              37.29482125966028
            ],
            [
              126.97645731421387,
              37.29481706210506
            ],
            [
              126.97644249234607,
              37.29473587235236
            ]
          ]
        ]
      }
    },
    {
      "type": "Feature",
      "properties": {
        "indoor": "room",
        "level": [
          2
        ],
        "ref": "25204",
        "name": "대학원공동연구실",
        "room_type": "lab",
        "_idx": 69,
        "_centroid": [
          126.9764669,
          37.2947744
        ],
        "_area_m2": 27.6
      },
      "geometry": {
        "type": "Polygon",
        "coordinates": [
          [
            [
              126.97644249234607,
              37.29473587235236
            ],
            [
              126.97645731421387,
              37.29481706210506
            ],
            [
              126.97649129567944,
              37.294813029082526
            ],
            [
              126.97647645399928,
              37.294731730837974
            ],
            [
              126.97644249234607,
              37.29473587235236
            ]
          ]
        ]
      }
    },
    {
      "type": "Feature",
      "properties": {
        "indoor": "room",
        "level": [
          2
        ],
        "ref": "26209A",
        "name": "대학원공동연구실",
        "room_type": "lab",
        "_idx": 70,
        "_centroid": [
          126.9774472,
          37.2947712
        ],
        "_area_m2": 28.5
      },
      "geometry": {
        "type": "Polygon",
        "coordinates": [
          [
            [
              126.97749680264275,
              37.29475160232995
            ],
            [
              126.97739244383176,
              37.29476342350281
            ],
            [
              126.97739748661013,
              37.294790331096294
            ],
            [
              126.97750203210815,
              37.29477950616025
            ],
            [
              126.97749680264275,
              37.29475160232995
            ]
          ]
        ]
      }
    },
    {
      "type": "Feature",
      "properties": {
        "indoor": "room",
        "level": [
          2
        ],
        "ref": "25206",
        "name": "최민재교수연구실",
        "room_type": "lab",
        "_idx": 71,
        "_centroid": [
          126.9765179,
          37.2947683
        ],
        "_area_m2": 55.3
      },
      "geometry": {
        "type": "Polygon",
        "coordinates": [
          [
            [
              126.97647645399928,
              37.294731730837974
            ],
            [
              126.97649129567944,
              37.294813029082526
            ],
            [
              126.97655941856067,
              37.2948049440541
            ],
            [
              126.97654453718441,
              37.294723428312516
            ],
            [
              126.97647645399928,
              37.294731730837974
            ]
          ]
        ]
      }
    },
    {
      "type": "Feature",
      "properties": {
        "indoor": "room",
        "level": [
          2
        ],
        "ref": "26206",
        "name": "에너지 소재 연구실",
        "room_type": "lab",
        "_idx": 72,
        "_centroid": [
          126.9773035,
          37.2947605
        ],
        "_area_m2": 85.4
      },
      "geometry": {
        "type": "Polygon",
        "coordinates": [
          [
            [
              126.97735146046513,
              37.29471589565282
            ],
            [
              126.97724084490665,
              37.294727349111895
            ],
            [
              126.9772558339046,
              37.294804998217366
            ],
            [
              126.97736592121039,
              37.29479359946691
            ],
            [
              126.97735146046513,
              37.29471589565282
            ]
          ]
        ]
      }
    },
    {
      "type": "Feature",
      "properties": {
        "indoor": "room",
        "level": [
          2
        ],
        "ref": "25208",
        "name": "대학원생연구실",
        "room_type": "lab",
        "_idx": 73,
        "_centroid": [
          126.9765851,
          37.2947602
        ],
        "_area_m2": 54
      },
      "geometry": {
        "type": "Polygon",
        "coordinates": [
          [
            [
              126.97654453718441,
              37.294723428312516
            ],
            [
              126.97655941856067,
              37.2948049440541
            ],
            [
              126.97662565910302,
              37.29479708242731
            ],
            [
              126.97661073911118,
              37.29471535520046
            ],
            [
              126.97654453718441,
              37.294723428312516
            ]
          ]
        ]
      }
    },
    {
      "type": "Feature",
      "properties": {
        "indoor": "room",
        "level": [
          2
        ],
        "ref": "",
        "name": "",
        "room_type": "",
        "_idx": 74,
        "_centroid": [
          126.9766536,
          37.294752
        ],
        "_area_m2": 57.9
      },
      "geometry": {
        "type": "Polygon",
        "coordinates": [
          [
            [
              126.97661073911118,
              37.29471535520046
            ],
            [
              126.97662565910302,
              37.29479708242731
            ],
            [
              126.97669656150552,
              37.29478866751694
            ],
            [
              126.97668160019826,
              37.294706713918785
            ],
            [
              126.97661073911118,
              37.29471535520046
            ]
          ]
        ]
      }
    },
    {
      "type": "Feature",
      "properties": {
        "indoor": "room",
        "level": [
          2
        ],
        "ref": "",
        "name": "",
        "room_type": "",
        "_idx": 75,
        "_centroid": [
          126.976722,
          37.2947437
        ],
        "_area_m2": 53.9
      },
      "geometry": {
        "type": "Polygon",
        "coordinates": [
          [
            [
              126.97668160019826,
              37.294706713918785
            ],
            [
              126.97669656150552,
              37.29478866751694
            ],
            [
              126.97676239057961,
              37.29478085472444
            ],
            [
              126.97674739090498,
              37.294698690953695
            ],
            [
              126.97668160019826,
              37.294706713918785
            ]
          ]
        ]
      }
    },
    {
      "type": "Feature",
      "properties": {
        "indoor": "room",
        "level": [
          2
        ],
        "ref": "25210",
        "name": "예비(신소재)",
        "room_type": "reserved",
        "_idx": 76,
        "_centroid": [
          126.9767897,
          37.2947356
        ],
        "_area_m2": 57.2
      },
      "geometry": {
        "type": "Polygon",
        "coordinates": [
          [
            [
              126.97681644270554,
              37.29469016938476
            ],
            [
              126.97674739090498,
              37.294698690953695
            ],
            [
              126.97676239057961,
              37.29478085472444
            ],
            [
              126.9768325036158,
              37.29477253349844
            ],
            [
              126.97681644270554,
              37.29469016938476
            ]
          ]
        ]
      }
    },
    {
      "type": "Feature",
      "properties": {
        "indoor": "room",
        "level": [
          2
        ],
        "ref": "26207",
        "name": "바이오나노소재실험실",
        "room_type": "lab",
        "_idx": 77,
        "_centroid": [
          126.9774399,
          37.2947324
        ],
        "_area_m2": 52.4
      },
      "geometry": {
        "type": "Polygon",
        "coordinates": [
          [
            [
              126.97739244383176,
              37.29476342350281
            ],
            [
              126.97749680264275,
              37.29475160232995
            ],
            [
              126.9774874715467,
              37.294701812666865
            ],
            [
              126.97738288632041,
              37.29471264172768
            ],
            [
              126.97739244383176,
              37.29476342350281
            ]
          ]
        ]
      }
    },
    {
      "type": "Feature",
      "properties": {
        "indoor": "room",
        "level": [
          2
        ],
        "ref": "25212",
        "name": "에너지환경재료실험실",
        "room_type": "lab",
        "_idx": 78,
        "_centroid": [
          126.9768582,
          37.2947273
        ],
        "_area_m2": 55.6
      },
      "geometry": {
        "type": "Polygon",
        "coordinates": [
          [
            [
              126.97681644270554,
              37.29469016938476
            ],
            [
              126.9768325036158,
              37.29477253349844
            ],
            [
              126.97689999555446,
              37.29476452335218
            ],
            [
              126.97688389519176,
              37.2946819569008
            ],
            [
              126.97681644270554,
              37.29469016938476
            ]
          ]
        ]
      }
    },
    {
      "type": "Feature",
      "properties": {
        "indoor": "room",
        "level": [
          2
        ],
        "ref": "25214",
        "name": "전기화학응용실험실",
        "room_type": "lab",
        "_idx": 79,
        "_centroid": [
          126.9769276,
          37.294719
        ],
        "_area_m2": 58.9
      },
      "geometry": {
        "type": "Polygon",
        "coordinates": [
          [
            [
              126.97688389519176,
              37.2946819569008
            ],
            [
              126.97689999555446,
              37.29476452335218
            ],
            [
              126.97697128874681,
              37.294756062061694
            ],
            [
              126.97695514670798,
              37.29467328187685
            ],
            [
              126.97688389519176,
              37.2946819569008
            ]
          ]
        ]
      }
    },
    {
      "type": "Feature",
      "properties": {
        "indoor": "room",
        "level": [
          2
        ],
        "ref": "25216",
        "name": "기능성혁신소재연구실",
        "room_type": "lab",
        "_idx": 80,
        "_centroid": [
          126.9769973,
          37.2947106
        ],
        "_area_m2": 56.5
      },
      "geometry": {
        "type": "Polygon",
        "coordinates": [
          [
            [
              126.97695514670798,
              37.29467328187685
            ],
            [
              126.97697128874681,
              37.294756062061694
            ],
            [
              126.97703948132124,
              37.29474796876186
            ],
            [
              126.97702329941991,
              37.29466498413892
            ],
            [
              126.97695514670798,
              37.29467328187685
            ]
          ]
        ]
      }
    },
    {
      "type": "Feature",
      "properties": {
        "indoor": "room",
        "level": [
          2
        ],
        "ref": "26204",
        "name": "정보재료소자연구실",
        "room_type": "lab",
        "_idx": 81,
        "_centroid": [
          126.9772934,
          37.2947073
        ],
        "_area_m2": 31.7
      },
      "geometry": {
        "type": "Polygon",
        "coordinates": [
          [
            [
              126.97734611371753,
              37.29468716527462
            ],
            [
              126.97723530284156,
              37.2946986389608
            ],
            [
              126.97724084490665,
              37.294727349111895
            ],
            [
              126.97735146046513,
              37.29471589565282
            ],
            [
              126.97734611371753,
              37.29468716527462
            ]
          ]
        ]
      }
    },
    {
      "type": "Feature",
      "properties": {
        "indoor": "room",
        "level": [
          2
        ],
        "ref": "",
        "name": "",
        "room_type": "",
        "_idx": 82,
        "_centroid": [
          126.9762309,
          37.2947061
        ],
        "_area_m2": 34.6
      },
      "geometry": {
        "type": "Polygon",
        "coordinates": [
          [
            [
              126.97626761204525,
              37.29472966453786
            ],
            [
              126.97625759273286,
              37.29467478175576
            ],
            [
              126.97619475231743,
              37.294682551085394
            ],
            [
              126.9762037920836,
              37.29473730138693
            ],
            [
              126.97626761204525,
              37.29472966453786
            ]
          ]
        ]
      }
    },
    {
      "type": "Feature",
      "properties": {
        "indoor": "room",
        "level": [
          2
        ],
        "ref": "25218",
        "name": "나노재료연구실",
        "room_type": "lab",
        "_idx": 83,
        "_centroid": [
          126.9770677,
          37.2947021
        ],
        "_area_m2": 60.3
      },
      "geometry": {
        "type": "Polygon",
        "coordinates": [
          [
            [
              126.97702329941991,
              37.29466498413892
            ],
            [
              126.97703948132124,
              37.29474796876186
            ],
            [
              126.97711212967903,
              37.29473934663627
            ],
            [
              126.97709590530859,
              37.294656144217235
            ],
            [
              126.97702329941991,
              37.29466498413892
            ]
          ]
        ]
      }
    },
    {
      "type": "Feature",
      "properties": {
        "indoor": "room",
        "level": [
          2
        ],
        "ref": "25201A",
        "name": "명예교수실",
        "room_type": "office",
        "_idx": 84,
        "_centroid": [
          126.9762794,
          37.2947002
        ],
        "_area_m2": 18.5
      },
      "geometry": {
        "type": "Polygon",
        "coordinates": [
          [
            [
              126.97625759273286,
              37.29467478175576
            ],
            [
              126.97626761204525,
              37.29472966453786
            ],
            [
              126.97630131915828,
              37.294725631064196
            ],
            [
              126.97629127594149,
              37.29467061730285
            ],
            [
              126.97625759273286,
              37.29467478175576
            ]
          ]
        ]
      }
    },
    {
      "type": "Feature",
      "properties": {
        "indoor": "room",
        "level": [
          2
        ],
        "ref": "25201B",
        "name": "대학원생연구실",
        "room_type": "lab",
        "_idx": 85,
        "_centroid": [
          126.9763128,
          37.2946961
        ],
        "_area_m2": 18.1
      },
      "geometry": {
        "type": "Polygon",
        "coordinates": [
          [
            [
              126.97629127594149,
              37.29467061730285
            ],
            [
              126.97630131915828,
              37.294725631064196
            ],
            [
              126.97633433051726,
              37.294721680846116
            ],
            [
              126.9763242638836,
              37.29466653880982
            ],
            [
              126.97629127594149,
              37.29467061730285
            ]
          ]
        ]
      }
    },
    {
      "type": "Feature",
      "properties": {
        "indoor": "room",
        "level": [
          2
        ],
        "ref": "25201C",
        "name": "",
        "room_type": "",
        "_idx": 86,
        "_centroid": [
          126.9763467,
          37.294692
        ],
        "_area_m2": 19.2
      },
      "geometry": {
        "type": "Polygon",
        "coordinates": [
          [
            [
              126.9763242638836,
              37.29466653880982
            ],
            [
              126.97633433051726,
              37.294721680846116
            ],
            [
              126.97636908423179,
              37.29471752213362
            ],
            [
              126.97635899294508,
              37.294662245051974
            ],
            [
              126.9763242638836,
              37.29466653880982
            ]
          ]
        ]
      }
    },
    {
      "type": "Feature",
      "properties": {
        "indoor": "room",
        "level": [
          2
        ],
        "ref": "25201D",
        "name": "임병권교수실",
        "room_type": "office",
        "_idx": 87,
        "_centroid": [
          126.9763809,
          37.2946878
        ],
        "_area_m2": 18.7
      },
      "geometry": {
        "type": "Polygon",
        "coordinates": [
          [
            [
              126.97635899294508,
              37.294662245051974
            ],
            [
              126.97636908423179,
              37.29471752213362
            ],
            [
              126.97640288907716,
              37.294713476965065
            ],
            [
              126.97639277381033,
              37.29465806852521
            ],
            [
              126.97635899294508,
              37.294662245051974
            ]
          ]
        ]
      }
    },
    {
      "type": "Feature",
      "properties": {
        "indoor": "room",
        "level": [
          2
        ],
        "ref": "26202B",
        "name": "대학원생연구실",
        "room_type": "lab",
        "_idx": 88,
        "_centroid": [
          126.9772135,
          37.2946854
        ],
        "_area_m2": 140.2
      },
      "geometry": {
        "type": "Polygon",
        "coordinates": [
          [
            [
              126.97723530284156,
              37.2946986389608
            ],
            [
              126.97734611371753,
              37.29468716527462
            ],
            [
              126.97733492492452,
              37.29462704306959
            ],
            [
              126.97709590530859,
              37.294656144217235
            ],
            [
              126.97711212967903,
              37.29473934663627
            ],
            [
              126.97718261311307,
              37.294730981450336
            ],
            [
              126.97717158960802,
              37.29467546570482
            ],
            [
              126.97722953908931,
              37.29466878037999
            ],
            [
              126.97723530284156,
              37.2946986389608
            ]
          ]
        ]
      }
    },
    {
      "type": "Feature",
      "properties": {
        "indoor": "room",
        "level": [
          2
        ],
        "ref": "25201E",
        "name": "예비(신소재)",
        "room_type": "reserved",
        "_idx": 89,
        "_centroid": [
          126.9764152,
          37.2946837
        ],
        "_area_m2": 19.2
      },
      "geometry": {
        "type": "Polygon",
        "coordinates": [
          [
            [
              126.97639277381033,
              37.29465806852521
            ],
            [
              126.97640288907716,
              37.294713476965065
            ],
            [
              126.97643764463302,
              37.29470931803222
            ],
            [
              126.9764275047045,
              37.29465377454078
            ],
            [
              126.97639277381033,
              37.29465806852521
            ]
          ]
        ]
      }
    },
    {
      "type": "Feature",
      "properties": {
        "indoor": "room",
        "level": [
          2
        ],
        "ref": "25203",
        "name": "대학원연구실",
        "room_type": "lab",
        "_idx": 90,
        "_centroid": [
          126.9764678,
          37.294683
        ],
        "_area_m2": 38.1
      },
      "geometry": {
        "type": "Polygon",
        "coordinates": [
          [
            [
              126.9764275047045,
              37.29465377454078
            ],
            [
              126.97643764463302,
              37.29470931803222
            ],
            [
              126.97647162014468,
              37.29470525244133
            ],
            [
              126.97650621327999,
              37.29470125571844
            ],
            [
              126.97649599923047,
              37.29464530616025
            ],
            [
              126.9764275047045,
              37.29465377454078
            ]
          ]
        ]
      }
    },
    {
      "type": "Feature",
      "properties": {
        "indoor": "room",
        "level": [
          2
        ],
        "ref": "26205",
        "name": "이차전지연구실",
        "room_type": "lab",
        "_idx": 91,
        "_centroid": [
          126.9774298,
          37.2946784
        ],
        "_area_m2": 60.2
      },
      "geometry": {
        "type": "Polygon",
        "coordinates": [
          [
            [
              126.9774766484315,
              37.294644061759925
            ],
            [
              126.97737203367471,
              37.294654893887845
            ],
            [
              126.97738288632041,
              37.29471264172768
            ],
            [
              126.9774874715467,
              37.294701812666865
            ],
            [
              126.9774766484315,
              37.294644061759925
            ]
          ]
        ]
      }
    },
    {
      "type": "Feature",
      "properties": {
        "indoor": "room",
        "level": [
          2
        ],
        "ref": "25205",
        "name": "예비(신소재)",
        "room_type": "reserved",
        "_idx": 92,
        "_centroid": [
          126.9765179,
          37.2946712
        ],
        "_area_m2": 18.7
      },
      "geometry": {
        "type": "Polygon",
        "coordinates": [
          [
            [
              126.97649599923047,
              37.29464530616025
            ],
            [
              126.97650621327999,
              37.29470125571844
            ],
            [
              126.97653973688291,
              37.294697133692324
            ],
            [
              126.97652951877463,
              37.29464116194214
            ],
            [
              126.97649599923047,
              37.29464530616025
            ]
          ]
        ]
      }
    },
    {
      "type": "Feature",
      "properties": {
        "indoor": "room",
        "level": [
          2
        ],
        "ref": "25207",
        "name": "이후정교수실",
        "room_type": "office",
        "_idx": 93,
        "_centroid": [
          126.9765508,
          37.2946671
        ],
        "_area_m2": 18.1
      },
      "geometry": {
        "type": "Polygon",
        "coordinates": [
          [
            [
              126.97657203481937,
              37.294693162372845
            ],
            [
              126.97656179973707,
              37.29463688117575
            ],
            [
              126.97652951877463,
              37.29464116194214
            ],
            [
              126.97653973688291,
              37.294697133692324
            ],
            [
              126.97657203481937,
              37.294693162372845
            ]
          ]
        ]
      }
    },
    {
      "type": "Feature",
      "properties": {
        "indoor": "room",
        "level": [
          2
        ],
        "ref": "25209",
        "name": "김형섭교수실",
        "room_type": "office",
        "_idx": 94,
        "_centroid": [
          126.9765839,
          37.294663
        ],
        "_area_m2": 19
      },
      "geometry": {
        "type": "Polygon",
        "coordinates": [
          [
            [
              126.97659570074637,
              37.29463297947627
            ],
            [
              126.97656179973707,
              37.29463688117575
            ],
            [
              126.97657203481937,
              37.294693162372845
            ],
            [
              126.97660592684575,
              37.29468899504579
            ],
            [
              126.97659570074637,
              37.29463297947627
            ]
          ]
        ]
      }
    },
    {
      "type": "Feature",
      "properties": {
        "indoor": "room",
        "level": [
          2
        ],
        "ref": "25211",
        "name": "신소재공학부회의실",
        "room_type": "lounge",
        "_idx": 95,
        "_centroid": [
          126.9766362,
          37.2946566
        ],
        "_area_m2": 39.6
      },
      "geometry": {
        "type": "Polygon",
        "coordinates": [
          [
            [
              126.97659570074637,
              37.29463297947627
            ],
            [
              126.97660592684575,
              37.29468899504579
            ],
            [
              126.9766767751281,
              37.294680283617296
            ],
            [
              126.9766665404603,
              37.29462422114638
            ],
            [
              126.97659570074637,
              37.29463297947627
            ]
          ]
        ]
      }
    },
    {
      "type": "Feature",
      "properties": {
        "indoor": "room",
        "level": [
          2
        ],
        "ref": "",
        "name": "",
        "room_type": "",
        "_idx": 96,
        "_centroid": [
          126.9767045,
          37.2946482
        ],
        "_area_m2": 36.8
      },
      "geometry": {
        "type": "Polygon",
        "coordinates": [
          [
            [
              126.9766665404603,
              37.29462422114638
            ],
            [
              126.9766767751281,
              37.294680283617296
            ],
            [
              126.9767425539457,
              37.29467219552473
            ],
            [
              126.9767323113291,
              37.294616089507585
            ],
            [
              126.9766665404603,
              37.29462422114638
            ]
          ]
        ]
      }
    },
    {
      "type": "Feature",
      "properties": {
        "indoor": "room",
        "level": [
          2
        ],
        "ref": "25213",
        "name": "양철웅교수실",
        "room_type": "office",
        "_idx": 97,
        "_centroid": [
          126.9767549,
          37.294642
        ],
        "_area_m2": 19.6
      },
      "geometry": {
        "type": "Polygon",
        "coordinates": [
          [
            [
              126.9767323113291,
              37.294616089507585
            ],
            [
              126.9767425539457,
              37.29467219552473
            ],
            [
              126.9767775332666,
              37.2946678945051
            ],
            [
              126.97676728643029,
              37.29461176533041
            ],
            [
              126.9767323113291,
              37.294616089507585
            ]
          ]
        ]
      }
    },
    {
      "type": "Feature",
      "properties": {
        "indoor": "room",
        "level": [
          2
        ],
        "ref": "25215",
        "name": "김정구교수실",
        "room_type": "office",
        "_idx": 98,
        "_centroid": [
          126.9767901,
          37.2946377
        ],
        "_area_m2": 19.8
      },
      "geometry": {
        "type": "Polygon",
        "coordinates": [
          [
            [
              126.97676728643029,
              37.29461176533041
            ],
            [
              126.9767775332666,
              37.2946678945051
            ],
            [
              126.97681288960797,
              37.294663547127456
            ],
            [
              126.97680263849914,
              37.29460739454651
            ],
            [
              126.97676728643029,
              37.29461176533041
            ]
          ]
        ]
      }
    },
    {
      "type": "Feature",
      "properties": {
        "indoor": "room",
        "level": [
          2
        ],
        "ref": "26203",
        "name": "대학원생연구실",
        "room_type": "lab",
        "_idx": 99,
        "_centroid": [
          126.9774214,
          37.2946339
        ],
        "_area_m2": 32.4
      },
      "geometry": {
        "type": "Polygon",
        "coordinates": [
          [
            [
              126.97747082186828,
              37.29461297188387
            ],
            [
              126.97736619121379,
              37.294623805662255
            ],
            [
              126.97737203367471,
              37.294654893887845
            ],
            [
              126.9774766484315,
              37.294644061759925
            ],
            [
              126.97747082186828,
              37.29461297188387
            ]
          ]
        ]
      }
    },
    {
      "type": "Feature",
      "properties": {
        "indoor": "room",
        "level": [
          2
        ],
        "ref": "25217",
        "name": "회의실",
        "room_type": "lounge",
        "_idx": 100,
        "_centroid": [
          126.9768594,
          37.2946291
        ],
        "_area_m2": 58
      },
      "geometry": {
        "type": "Polygon",
        "coordinates": [
          [
            [
              126.97680263849914,
              37.29460739454651
            ],
            [
              126.97681288960797,
              37.294663547127456
            ],
            [
              126.97691616121315,
              37.29465084896211
            ],
            [
              126.97690589762495,
              37.29459462801432
            ],
            [
              126.97680263849914,
              37.29460739454651
            ]
          ]
        ]
      }
    },
    {
      "type": "Feature",
      "properties": {
        "indoor": "room",
        "level": [
          2
        ],
        "ref": "25219",
        "name": "백정민교수실",
        "room_type": "office",
        "_idx": 101,
        "_centroid": [
          126.9769283,
          37.2946206
        ],
        "_area_m2": 19.4
      },
      "geometry": {
        "type": "Polygon",
        "coordinates": [
          [
            [
              126.97690589762495,
              37.29459462801432
            ],
            [
              126.97691616121315,
              37.29465084896211
            ],
            [
              126.97695072453554,
              37.29464659909321
            ],
            [
              126.9769404567713,
              37.294590355264084
            ],
            [
              126.97690589762495,
              37.29459462801432
            ]
          ]
        ]
      }
    },
    {
      "type": "Feature",
      "properties": {
        "indoor": "room",
        "level": [
          2
        ],
        "ref": "25221",
        "name": "구종민교수실",
        "room_type": "office",
        "_idx": 102,
        "_centroid": [
          126.9769642,
          37.2946162
        ],
        "_area_m2": 20.9
      },
      "geometry": {
        "type": "Polygon",
        "coordinates": [
          [
            [
              126.9769404567713,
              37.294590355264084
            ],
            [
              126.97695072453554,
              37.29464659909321
            ],
            [
              126.9769879228964,
              37.29464202522283
            ],
            [
              126.97697765063732,
              37.29458575676798
            ],
            [
              126.9769404567713,
              37.294590355264084
            ]
          ]
        ]
      }
    },
    {
      "type": "Feature",
      "properties": {
        "indoor": "room",
        "level": [
          2
        ],
        "ref": "25223",
        "name": "윤정호교수실",
        "room_type": "office",
        "_idx": 103,
        "_centroid": [
          126.9769998,
          37.2946118
        ],
        "_area_m2": 19.2
      },
      "geometry": {
        "type": "Polygon",
        "coordinates": [
          [
            [
              126.97697765063732,
              37.29458575676798
            ],
            [
              126.9769879228964,
              37.29464202522283
            ],
            [
              126.97702203661832,
              37.29463783063632
            ],
            [
              126.97701176023693,
              37.29458153959785
            ],
            [
              126.97697765063732,
              37.29458575676798
            ]
          ]
        ]
      }
    },
    {
      "type": "Feature",
      "properties": {
        "indoor": "room",
        "level": [
          2
        ],
        "ref": "25225",
        "name": "주진호교수실",
        "room_type": "office",
        "_idx": 104,
        "_centroid": [
          126.9770343,
          37.2946075
        ],
        "_area_m2": 19.6
      },
      "geometry": {
        "type": "Polygon",
        "coordinates": [
          [
            [
              126.97701176023693,
              37.29458153959785
            ],
            [
              126.97702203661832,
              37.29463783063632
            ],
            [
              126.97705685225966,
              37.29463354974256
            ],
            [
              126.97704657167145,
              37.294577235655744
            ],
            [
              126.97701176023693,
              37.29458153959785
            ]
          ]
        ]
      }
    },
    {
      "type": "Feature",
      "properties": {
        "indoor": "room",
        "level": [
          2
        ],
        "ref": "25227",
        "name": "김병훈교수실",
        "room_type": "office",
        "_idx": 105,
        "_centroid": [
          126.977069,
          37.2946033
        ],
        "_area_m2": 19.4
      },
      "geometry": {
        "type": "Polygon",
        "coordinates": [
          [
            [
              126.97704657167145,
              37.294577235655744
            ],
            [
              126.97705685225966,
              37.29463354974256
            ],
            [
              126.97709137164487,
              37.29462930527613
            ],
            [
              126.97708108688516,
              37.29457296833716
            ],
            [
              126.97704657167145,
              37.294577235655744
            ]
          ]
        ]
      }
    },
    {
      "type": "Feature",
      "properties": {
        "indoor": "room",
        "level": [
          2
        ],
        "ref": "25229",
        "name": "원병묵교수실",
        "room_type": "office",
        "_idx": 106,
        "_centroid": [
          126.9771056,
          37.2945987
        ],
        "_area_m2": 21.8
      },
      "geometry": {
        "type": "Polygon",
        "coordinates": [
          [
            [
              126.97708108688516,
              37.29457296833716
            ],
            [
              126.97709137164487,
              37.29462930527613
            ],
            [
              126.97713009563178,
              37.29462454381641
            ],
            [
              126.97711980619232,
              37.29456818124181
            ],
            [
              126.97708108688516,
              37.29457296833716
            ]
          ]
        ]
      }
    },
    {
      "type": "Feature",
      "properties": {
        "indoor": "room",
        "level": [
          2
        ],
        "ref": "26201",
        "name": "반도체재료/소자실험실",
        "room_type": "lab",
        "_idx": 107,
        "_centroid": [
          126.9774011,
          37.2945877
        ],
        "_area_m2": 58
      },
      "geometry": {
        "type": "Polygon",
        "coordinates": [
          [
            [
              126.9773917565475,
              37.29456505007921
            ],
            [
              126.97735609008353,
              37.29456916313248
            ],
            [
              126.97736158394633,
              37.29459931315061
            ],
            [
              126.97736619121379,
              37.294623805662255
            ],
            [
              126.97747082186828,
              37.29461297188387
            ],
            [
              126.97746010562268,
              37.294555791220915
            ],
            [
              126.9773917565475,
              37.29456505007921
            ]
          ]
        ]
      }
    },
    {
      "type": "Feature",
      "properties": {
        "indoor": "room",
        "level": [
          2
        ],
        "ref": "25231",
        "name": "김영훈교수실",
        "room_type": "office",
        "_idx": 108,
        "_centroid": [
          126.9772213,
          37.294581
        ],
        "_area_m2": 119.3
      },
      "geometry": {
        "type": "Polygon",
        "coordinates": [
          [
            [
              126.97733366421139,
              37.29459943630892
            ],
            [
              126.97731920820877,
              37.29452158988524
            ],
            [
              126.97720413525141,
              37.29453717816791
            ],
            [
              126.97721420476272,
              37.294589342331776
            ],
            [
              126.97715582580155,
              37.294596077210514
            ],
            [
              126.97715447052276,
              37.294589251857616
            ],
            [
              126.97714351231785,
              37.29456525031428
            ],
            [
              126.97711980619232,
              37.29456818124181
            ],
            [
              126.97713009563178,
              37.29462454381641
            ],
            [
              126.9773298880105,
              37.29459997756071
            ],
            [
              126.97732987127623,
              37.2945998876402
            ],
            [
              126.97733366421139,
              37.29459943630892
            ]
          ]
        ]
      }
    },
    {
      "type": "Feature",
      "properties": {
        "indoor": "room",
        "level": [
          2
        ],
        "ref": "",
        "name": "",
        "room_type": "",
        "_idx": 109,
        "_centroid": [
          126.9773584,
          37.2945729
        ],
        "_area_m2": 39.4
      },
      "geometry": {
        "type": "Polygon",
        "coordinates": [
          [
            [
              126.97731920820877,
              37.29452158988524
            ],
            [
              126.97733366421139,
              37.29459943630892
            ],
            [
              126.97736100013996,
              37.29459618353521
            ],
            [
              126.97736100014237,
              37.29459618353492
            ],
            [
              126.9773610001424,
              37.29459618353511
            ],
            [
              126.97736158394633,
              37.29459931315061
            ],
            [
              126.97735609008353,
              37.29456916313248
            ],
            [
              126.9773917565475,
              37.29456505007921
            ],
            [
              126.97738067180784,
              37.29451326375912
            ],
            [
              126.97731920820877,
              37.29452158988524
            ]
          ]
        ]
      }
    }
  ]
}