{
"type": "FeatureCollection",
"name": "Benjin_rooms-L1",
"crs": { "type": "name", "properties": { "name": "urn:ogc:def:crs:OGC:1.3:CRS84" } },
"features": [
{ "type": "Feature", "properties": { "id": null }, "geometry": { "type": "MultiPolygon", "coordinates": [ [ [ [ 126.974085193775551, 37.295895722060884 ], [ 126.974063728783065, 37.295918779908284 ], [ 126.974003890121097, 37.295883527188955 ], [ 126.973957386259457, 37.295939158493006 ], [ 126.974136474405967, 37.296033489559058 ], [ 126.974196643322628, 37.295961511212454 ], [ 126.974085193775551, 37.295895722060884 ] ] ] ] } },
{ "type": "Feature", "properties": { "id": null }, "geometry": { "type": "MultiPolygon", "coordinates": [ [ [ [ 126.974531845339641, 37.294385462425218 ], [ 126.974396846322819, 37.294400766842358 ], [ 126.974391073193488, 37.294368538252343 ], [ 126.974433277161438, 37.294320296943468 ], [ 126.974426649633401, 37.294321018636396 ], [ 126.974293103842399, 37.294335560868738 ], [ 126.974399489760231, 37.294410466386793 ], [ 126.97445390554573, 37.294761645808023 ], [ 126.974487487346309, 37.294758018677967 ], [ 126.974625101275606, 37.294744135515607 ], [ 126.974584904963436, 37.294461588972311 ], [ 126.974546822311936, 37.294466067198357 ], [ 126.974531845339641, 37.294385462425218 ] ] ] ] } },
{ "type": "Feature", "properties": { "id": null }, "geometry": { "type": "MultiPolygon", "coordinates": [ [ [ [ 126.973871568107327, 37.295744541983922 ], [ 126.973913935944779, 37.295699120633031 ], [ 126.973868457673618, 37.295673916781219 ], [ 126.973866188577915, 37.29566833222475 ], [ 126.973821799398635, 37.295715377868255 ], [ 126.973871568107327, 37.295744541983922 ] ] ] ] } },
{ "type": "Feature", "properties": { "id": null }, "geometry": { "type": "MultiPolygon", "coordinates": [ [ [ [ 126.974409565560379, 37.29597227033107 ], [ 126.97435685042295, 37.29602891403129 ], [ 126.974357022282447, 37.296029014739752 ], [ 126.974409565560379, 37.29597227033107 ] ] ] ] } },
{ "type": "Feature", "properties": { "id": null }, "geometry": { "type": "MultiPolygon", "coordinates": [ [ [ [ 126.974297924022281, 37.295994317207416 ], [ 126.974356772310642, 37.29602886825802 ], [ 126.974409565560379, 37.29597227033107 ], [ 126.974349227997394, 37.29593901768974 ], [ 126.974297924022281, 37.295994317207416 ] ] ] ] } },
{ "type": "Feature", "properties": { "id": null }, "geometry": { "type": "MultiPolygon", "coordinates": [ [ [ [ 126.973555071764324, 37.295703000423032 ], [ 126.97356777299099, 37.295763185889044 ], [ 126.973637221905832, 37.295753879707298 ], [ 126.973625121756115, 37.295696542471489 ], [ 126.973555071764324, 37.295703000423032 ] ] ] ] } },
{ "type": "Feature", "properties": { "id": null }, "geometry": { "type": "MultiPolygon", "coordinates": [ [ [ [ 126.973411037715024, 37.295863013653154 ], [ 126.973393383545556, 37.295786538578895 ], [ 126.973376932603728, 37.295720652168185 ], [ 126.973363601668083, 37.295720652168185 ], [ 126.973227438215631, 37.295733485356415 ], [ 126.973330127861857, 37.295818092575999 ], [ 126.973341133301616, 37.295871595470622 ], [ 126.973411037715024, 37.295863013653154 ] ] ] ] } },
{ "type": "Feature", "properties": { "id": null }, "geometry": { "type": "MultiPolygon", "coordinates": [ [ [ [ 126.973536191503086, 37.295784657768834 ], [ 126.973548102899926, 37.29584621958842 ], [ 126.973656116301314, 37.295832940627392 ], [ 126.973644245992887, 37.29577159115204 ], [ 126.973536191503086, 37.295784657768834 ] ] ] ] } },
{ "type": "Feature", "properties": { "id": null }, "geometry": { "type": "MultiPolygon", "coordinates": [ [ [ [ 126.973654366897279, 37.295689845161512 ], [ 126.97365636054522, 37.295689882457374 ], [ 126.973710892690832, 37.295682576918495 ], [ 126.9738637090353, 37.295662047434909 ], [ 126.973757587851139, 37.295393066641743 ], [ 126.973611035710661, 37.295389637656882 ], [ 126.973594155399169, 37.295392662614418 ], [ 126.973654366897279, 37.295689845161512 ] ] ] ] } },
{ "type": "Feature", "properties": { "id": null }, "geometry": { "type": "MultiPolygon", "coordinates": [ [ [ [ 126.974572447616069, 37.296034528563915 ], [ 126.974560813412936, 37.295974340935111 ], [ 126.974440454452733, 37.295989301704864 ], [ 126.974415800088096, 37.295975707895963 ], [ 126.974430696974608, 37.296052086177419 ], [ 126.97447331342282, 37.296046826003057 ], [ 126.974572447616069, 37.296034528563915 ] ] ] ] } },
{ "type": "Feature", "properties": { "id": null }, "geometry": { "type": "MultiPolygon", "coordinates": [ [ [ [ 126.974979081246019, 37.29608102918553 ], [ 126.974964630246703, 37.296006801036199 ], [ 126.974756273900866, 37.296032492291083 ], [ 126.974771064073536, 37.296108462596834 ], [ 126.974979081246019, 37.29608102918553 ] ] ] ] } },
{ "type": "Feature", "properties": { "id": null }, "geometry": { "type": "MultiPolygon", "coordinates": [ [ [ [ 126.97445114311661, 37.296150653936557 ], [ 126.974406516926166, 37.296156401140578 ], [ 126.97445114311661, 37.296150653936571 ], [ 126.97445114311661, 37.296150653936557 ] ] ] ] } },
{ "type": "Feature", "properties": { "id": null }, "geometry": { "type": "MultiPolygon", "coordinates": [ [ [ [ 126.974337139067828, 37.295473656046354 ], [ 126.974397119434002, 37.295391010058296 ], [ 126.974207932562322, 37.295304117496478 ], [ 126.974163421918462, 37.295370524944943 ], [ 126.974182683125136, 37.295381959794447 ], [ 126.974337139067828, 37.295473656046354 ] ] ] ] } },
{ "type": "Feature", "properties": { "id": null }, "geometry": { "type": "MultiPolygon", "coordinates": [ [ [ [ 126.974297851538594, 37.295260275965433 ], [ 126.974260887511576, 37.295305695420133 ], [ 126.974331852851662, 37.295338289443229 ], [ 126.974366541286656, 37.295295666135246 ], [ 126.974297851538594, 37.295260275965433 ] ] ] ] } },
{ "type": "Feature", "properties": { "id": null }, "geometry": { "type": "MultiPolygon", "coordinates": [ [ [ [ 126.973590543379004, 37.295371505059627 ], [ 126.973572913666104, 37.29537351060381 ], [ 126.973593459196721, 37.29538922640667 ], [ 126.973594155399169, 37.295392662614418 ], [ 126.973611035710618, 37.295389637656889 ], [ 126.973611035710633, 37.295389637656889 ], [ 126.973692414821286, 37.295390712036806 ], [ 126.973680711978218, 37.295322439612718 ], [ 126.97358381337618, 37.295333219111626 ], [ 126.973590543379004, 37.295371505059627 ] ] ] ] } },
{ "type": "Feature", "properties": { "id": null }, "geometry": { "type": "MultiPolygon", "coordinates": [ [ [ [ 126.974092706560853, 37.295300512341797 ], [ 126.974102427933332, 37.295356489573088 ], [ 126.974134118293549, 37.2953531281875 ], [ 126.974163421918462, 37.295370524944943 ], [ 126.974207932562322, 37.295304117496478 ], [ 126.974180650280132, 37.295292544835306 ], [ 126.974092706560853, 37.295300512341797 ] ] ] ] } },
{ "type": "Feature", "properties": { "id": null }, "geometry": { "type": "MultiPolygon", "coordinates": [ [ [ [ 126.97526342331895, 37.295195749827755 ], [ 126.975249759696311, 37.29519746591501 ], [ 126.97523601306888, 37.295128198376105 ], [ 126.975146391138239, 37.295139454698827 ], [ 126.975123602093134, 37.295125967479784 ], [ 126.975070208444805, 37.29518678533907 ], [ 126.975066541693423, 37.295249986765775 ], [ 126.975207166757244, 37.295330728092814 ], [ 126.975265862436046, 37.29528500711104 ], [ 126.97526342331895, 37.295195749827755 ] ] ] ] } },
{ "type": "Feature", "properties": { "id": null }, "geometry": { "type": "MultiPolygon", "coordinates": [ [ [ [ 126.974177640467573, 37.295268532590804 ], [ 126.974220312404057, 37.295287059477708 ], [ 126.974255559078287, 37.295238493533148 ], [ 126.974249973814295, 37.295235616843414 ], [ 126.974241908841975, 37.295207943629627 ], [ 126.974168617547903, 37.295215894310495 ], [ 126.974177640467573, 37.295268532590804 ] ] ] ] } },
{ "type": "Feature", "properties": { "id": null }, "geometry": { "type": "MultiPolygon", "coordinates": [ [ [ [ 126.975515640740994, 37.295070249624317 ], [ 126.975495953552709, 37.294992137571462 ], [ 126.975459069045414, 37.294998034356759 ], [ 126.975472520138496, 37.295074884794886 ], [ 126.975258525476121, 37.295090449431036 ], [ 126.975188952634355, 37.295052411662319 ], [ 126.975140289480436, 37.295106609556534 ], [ 126.975155459832521, 37.295115229840242 ], [ 126.975515640740994, 37.295070249624317 ] ] ] ] } },
{ "type": "Feature", "properties": { "id": null }, "geometry": { "type": "MultiPolygon", "coordinates": [ [ [ [ 126.974899070624133, 37.29497209065385 ], [ 126.974945005251115, 37.294919013543478 ], [ 126.974853420889659, 37.294868950275763 ], [ 126.974808252807918, 37.294921141684654 ], [ 126.974899070624133, 37.29497209065385 ] ] ] ] } },
{ "type": "Feature", "properties": { "id": null }, "geometry": { "type": "MultiPolygon", "coordinates": [ [ [ [ 126.974162858967773, 37.294936750368983 ], [ 126.974156361559082, 37.294906175452873 ], [ 126.974114719498175, 37.294911855533442 ], [ 126.974014022999967, 37.294928700902588 ], [ 126.974027417767161, 37.294979374166559 ], [ 126.973999185856329, 37.29498409703757 ], [ 126.973979093401951, 37.294908085984801 ], [ 126.973970822640169, 37.294874036502527 ], [ 126.974001077549929, 37.294831810843029 ], [ 126.973939095529502, 37.294841414866355 ], [ 126.974043364802313, 37.295231776600318 ], [ 126.974097915233955, 37.295221805797013 ], [ 126.974100458718667, 37.29522152987839 ], [ 126.974109777539397, 37.295275894393519 ], [ 126.974177640467573, 37.295268532590804 ], [ 126.974168617547903, 37.295215894310495 ], [ 126.974241908841975, 37.295207943629627 ], [ 126.974162858967773, 37.294936750368983 ] ] ] ] } },
{ "type": "Feature", "properties": { "id": null }, "geometry": { "type": "MultiPolygon", "coordinates": [ [ [ [ 126.974272752265207, 37.294789347197344 ], [ 126.974291470520086, 37.294863206868861 ], [ 126.974397289998137, 37.294847219530041 ], [ 126.974378524356737, 37.294773172862115 ], [ 126.974272752265207, 37.294789347197344 ] ] ] ] } },
{ "type": "Feature", "properties": { "id": null }, "geometry": { "type": "MultiPolygon", "coordinates": [ [ [ [ 126.974817794319918, 37.294428727829974 ], [ 126.974807703196433, 37.294368430506488 ], [ 126.974726857611742, 37.294377937334481 ], [ 126.974736947771774, 37.294438228892965 ], [ 126.974817794319918, 37.294428727829974 ] ] ] ] } },
{ "type": "Feature", "properties": { "id": null }, "geometry": { "type": "MultiPolygon", "coordinates": [ [ [ [ 126.974900679854329, 37.294342090274419 ], [ 126.974893662052907, 37.294342860620759 ], [ 126.974897603635327, 37.294342456540825 ], [ 126.974900679854329, 37.294342090274419 ] ] ] ] } },
{ "type": "Feature", "properties": { "id": null }, "geometry": { "type": "MultiPolygon", "coordinates": [ [ [ [ 126.974953570424191, 37.294352329063194 ], [ 126.974953570091117, 37.294352327142903 ], [ 126.974953552774423, 37.294352328212803 ], [ 126.974953570424191, 37.294352329063194 ] ] ] ] } },
{ "type": "Feature", "properties": { "id": null }, "geometry": { "type": "MultiPolygon", "coordinates": [ [ [ [ 126.974085193775551, 37.295895722060884 ], [ 126.974063728783065, 37.295918779908284 ], [ 126.974003890121097, 37.295883527188955 ], [ 126.973957386259457, 37.295939158493006 ], [ 126.974136474405967, 37.296033489559058 ], [ 126.974196643322628, 37.295961511212454 ], [ 126.974085193775551, 37.295895722060884 ] ] ] ] } },
{ "type": "Feature", "properties": { "id": null }, "geometry": { "type": "MultiPolygon", "coordinates": [ [ [ [ 126.974531845339641, 37.294385462425218 ], [ 126.974396846322819, 37.294400766842358 ], [ 126.974391073193488, 37.294368538252343 ], [ 126.974433277161438, 37.294320296943468 ], [ 126.974426649633401, 37.294321018636396 ], [ 126.974293103842399, 37.294335560868738 ], [ 126.974399489760231, 37.294410466386793 ], [ 126.97445390554573, 37.294761645808023 ], [ 126.974487487346309, 37.294758018677967 ], [ 126.974625101275606, 37.294744135515607 ], [ 126.974584904963436, 37.294461588972311 ], [ 126.974546822311936, 37.294466067198357 ], [ 126.974531845339641, 37.294385462425218 ] ] ] ] } },
{ "type": "Feature", "properties": { "id": null }, "geometry": { "type": "MultiPolygon", "coordinates": [ [ [ [ 126.973871568107327, 37.295744541983922 ], [ 126.973913935944779, 37.295699120633031 ], [ 126.973868457673618, 37.295673916781219 ], [ 126.973866188577915, 37.29566833222475 ], [ 126.973821799398635, 37.295715377868255 ], [ 126.973871568107327, 37.295744541983922 ] ] ] ] } },
{ "type": "Feature", "properties": { "id": null }, "geometry": { "type": "MultiPolygon", "coordinates": [ [ [ [ 126.974409565560379, 37.29597227033107 ], [ 126.97435685042295, 37.29602891403129 ], [ 126.974357022282447, 37.296029014739752 ], [ 126.974409565560379, 37.29597227033107 ] ] ] ] } },
{ "type": "Feature", "properties": { "id": null }, "geometry": { "type": "MultiPolygon", "coordinates": [ [ [ [ 126.974297924022281, 37.295994317207416 ], [ 126.974356772310642, 37.29602886825802 ], [ 126.974409565560379, 37.29597227033107 ], [ 126.974349227997394, 37.29593901768974 ], [ 126.974297924022281, 37.295994317207416 ] ] ] ] } },
{ "type": "Feature", "properties": { "id": null }, "geometry": { "type": "MultiPolygon", "coordinates": [ [ [ [ 126.973555071764324, 37.295703000423032 ], [ 126.97356777299099, 37.295763185889044 ], [ 126.973637221905832, 37.295753879707298 ], [ 126.973625121756115, 37.295696542471489 ], [ 126.973555071764324, 37.295703000423032 ] ] ] ] } },
{ "type": "Feature", "properties": { "id": null }, "geometry": { "type": "MultiPolygon", "coordinates": [ [ [ [ 126.973411037715024, 37.295863013653154 ], [ 126.973393383545556, 37.295786538578895 ], [ 126.973376932603728, 37.295720652168185 ], [ 126.973363601668083, 37.295720652168185 ], [ 126.973227438215631, 37.295733485356415 ], [ 126.973330127861857, 37.295818092575999 ], [ 126.973341133301616, 37.295871595470622 ], [ 126.973411037715024, 37.295863013653154 ] ] ] ] } },
{ "type": "Feature", "properties": { "id": null }, "geometry": { "type": "MultiPolygon", "coordinates": [ [ [ [ 126.973536191503086, 37.295784657768834 ], [ 126.973548102899926, 37.29584621958842 ], [ 126.973656116301314, 37.295832940627392 ], [ 126.973644245992887, 37.29577159115204 ], [ 126.973536191503086, 37.295784657768834 ] ] ] ] } },
{ "type": "Feature", "properties": { "id": null }, "geometry": { "type": "MultiPolygon", "coordinates": [ [ [ [ 126.973654366897279, 37.295689845161512 ], [ 126.97365636054522, 37.295689882457374 ], [ 126.973710892690832, 37.295682576918495 ], [ 126.9738637090353, 37.295662047434909 ], [ 126.973757587851139, 37.295393066641743 ], [ 126.973611035710661, 37.295389637656882 ], [ 126.973594155399169, 37.295392662614418 ], [ 126.973654366897279, 37.295689845161512 ] ] ] ] } },
{ "type": "Feature", "properties": { "id": null }, "geometry": { "type": "MultiPolygon", "coordinates": [ [ [ [ 126.974572447616069, 37.296034528563915 ], [ 126.974560813412936, 37.295974340935111 ], [ 126.974440454452733, 37.295989301704864 ], [ 126.974415800088096, 37.295975707895963 ], [ 126.974430696974608, 37.296052086177419 ], [ 126.97447331342282, 37.296046826003057 ], [ 126.974572447616069, 37.296034528563915 ] ] ] ] } },
{ "type": "Feature", "properties": { "id": null }, "geometry": { "type": "MultiPolygon", "coordinates": [ [ [ [ 126.974979081246019, 37.29608102918553 ], [ 126.974964630246703, 37.296006801036199 ], [ 126.974756273900866, 37.296032492291083 ], [ 126.974771064073536, 37.296108462596834 ], [ 126.974979081246019, 37.29608102918553 ] ] ] ] } },
{ "type": "Feature", "properties": { "id": null }, "geometry": { "type": "MultiPolygon", "coordinates": [ [ [ [ 126.97445114311661, 37.296150653936557 ], [ 126.974406516926166, 37.296156401140578 ], [ 126.97445114311661, 37.296150653936571 ], [ 126.97445114311661, 37.296150653936557 ] ] ] ] } },
{ "type": "Feature", "properties": { "id": null }, "geometry": { "type": "MultiPolygon", "coordinates": [ [ [ [ 126.974337139067828, 37.295473656046354 ], [ 126.974397119434002, 37.295391010058296 ], [ 126.974207932562322, 37.295304117496478 ], [ 126.974163421918462, 37.295370524944943 ], [ 126.974182683125136, 37.295381959794447 ], [ 126.974337139067828, 37.295473656046354 ] ] ] ] } },
{ "type": "Feature", "properties": { "id": null }, "geometry": { "type": "MultiPolygon", "coordinates": [ [ [ [ 126.974297851538594, 37.295260275965433 ], [ 126.974260887511576, 37.295305695420133 ], [ 126.974331852851662, 37.295338289443229 ], [ 126.974366541286656, 37.295295666135246 ], [ 126.974297851538594, 37.295260275965433 ] ] ] ] } },
{ "type": "Feature", "properties": { "id": null }, "geometry": { "type": "MultiPolygon", "coordinates": [ [ [ [ 126.973590543379004, 37.295371505059627 ], [ 126.973572913666104, 37.29537351060381 ], [ 126.973593459196721, 37.29538922640667 ], [ 126.973594155399169, 37.295392662614418 ], [ 126.973611035710618, 37.295389637656889 ], [ 126.973611035710633, 37.295389637656889 ], [ 126.973692414821286, 37.295390712036806 ], [ 126.973680711978218, 37.295322439612718 ], [ 126.97358381337618, 37.295333219111626 ], [ 126.973590543379004, 37.295371505059627 ] ] ] ] } },
{ "type": "Feature", "properties": { "id": null }, "geometry": { "type": "MultiPolygon", "coordinates": [ [ [ [ 126.974092706560853, 37.295300512341797 ], [ 126.974102427933332, 37.295356489573088 ], [ 126.974134118293549, 37.2953531281875 ], [ 126.974163421918462, 37.295370524944943 ], [ 126.974207932562322, 37.295304117496478 ], [ 126.974180650280132, 37.295292544835306 ], [ 126.974092706560853, 37.295300512341797 ] ] ] ] } },
{ "type": "Feature", "properties": { "id": null }, "geometry": { "type": "MultiPolygon", "coordinates": [ [ [ [ 126.97526342331895, 37.295195749827755 ], [ 126.975249759696311, 37.29519746591501 ], [ 126.97523601306888, 37.295128198376105 ], [ 126.975146391138239, 37.295139454698827 ], [ 126.975123602093134, 37.295125967479784 ], [ 126.975070208444805, 37.29518678533907 ], [ 126.975066541693423, 37.295249986765775 ], [ 126.975207166757244, 37.295330728092814 ], [ 126.975265862436046, 37.29528500711104 ], [ 126.97526342331895, 37.295195749827755 ] ] ] ] } },
{ "type": "Feature", "properties": { "id": null }, "geometry": { "type": "MultiPolygon", "coordinates": [ [ [ [ 126.974177640467573, 37.295268532590804 ], [ 126.974220312404057, 37.295287059477708 ], [ 126.974255559078287, 37.295238493533148 ], [ 126.974249973814295, 37.295235616843414 ], [ 126.974241908841975, 37.295207943629627 ], [ 126.974168617547903, 37.295215894310495 ], [ 126.974177640467573, 37.295268532590804 ] ] ] ] } },
{ "type": "Feature", "properties": { "id": null }, "geometry": { "type": "MultiPolygon", "coordinates": [ [ [ [ 126.975515640740994, 37.295070249624317 ], [ 126.975495953552709, 37.294992137571462 ], [ 126.975459069045414, 37.294998034356759 ], [ 126.975472520138496, 37.295074884794886 ], [ 126.975258525476121, 37.295090449431036 ], [ 126.975188952634355, 37.295052411662319 ], [ 126.975140289480436, 37.295106609556534 ], [ 126.975155459832521, 37.295115229840242 ], [ 126.975515640740994, 37.295070249624317 ] ] ] ] } },
{ "type": "Feature", "properties": { "id": null }, "geometry": { "type": "MultiPolygon", "coordinates": [ [ [ [ 126.974899070624133, 37.29497209065385 ], [ 126.974945005251115, 37.294919013543478 ], [ 126.974853420889659, 37.294868950275763 ], [ 126.974808252807918, 37.294921141684654 ], [ 126.974899070624133, 37.29497209065385 ] ] ] ] } },
{ "type": "Feature", "properties": { "id": null }, "geometry": { "type": "MultiPolygon", "coordinates": [ [ [ [ 126.974162858967773, 37.294936750368983 ], [ 126.974156361559082, 37.294906175452873 ], [ 126.974114719498175, 37.294911855533442 ], [ 126.974014022999967, 37.294928700902588 ], [ 126.974027417767161, 37.294979374166559 ], [ 126.973999185856329, 37.29498409703757 ], [ 126.973979093401951, 37.294908085984801 ], [ 126.973970822640169, 37.294874036502527 ], [ 126.974001077549929, 37.294831810843029 ], [ 126.973939095529502, 37.294841414866355 ], [ 126.974043364802313, 37.295231776600318 ], [ 126.974097915233955, 37.295221805797013 ], [ 126.974100458718667, 37.29522152987839 ], [ 126.974109777539397, 37.295275894393519 ], [ 126.974177640467573, 37.295268532590804 ], [ 126.974168617547903, 37.295215894310495 ], [ 126.974241908841975, 37.295207943629627 ], [ 126.974162858967773, 37.294936750368983 ] ] ] ] } },
{ "type": "Feature", "properties": { "id": null }, "geometry": { "type": "MultiPolygon", "coordinates": [ [ [ [ 126.974272752265207, 37.294789347197344 ], [ 126.974291470520086, 37.294863206868861 ], [ 126.974397289998137, 37.294847219530041 ], [ 126.974378524356737, 37.294773172862115 ], [ 126.974272752265207, 37.294789347197344 ] ] ] ] } },
{ "type": "Feature", "properties": { "id": null }, "geometry": { "type": "MultiPolygon", "coordinates": [ [ [ [ 126.974817794319918, 37.294428727829974 ], [ 126.974807703196433, 37.294368430506488 ], [ 126.974726857611742, 37.294377937334481 ], [ 126.974736947771774, 37.294438228892965 ], [ 126.974817794319918, 37.294428727829974 ] ] ] ] } },
{ "type": "Feature", "properties": { "id": null }, "geometry": { "type": "MultiPolygon", "coordinates": [ [ [ [ 126.974900679854329, 37.294342090274419 ], [ 126.974893662052907, 37.294342860620759 ], [ 126.974897603635327, 37.294342456540825 ], [ 126.974900679854329, 37.294342090274419 ] ] ] ] } },
{ "type": "Feature", "properties": { "id": null }, "geometry": { "type": "MultiPolygon", "coordinates": [ [ [ [ 126.974953570424191, 37.294352329063194 ], [ 126.974953570091117, 37.294352327142903 ], [ 126.974953552774423, 37.294352328212803 ], [ 126.974953570424191, 37.294352329063194 ] ] ] ] } },
{ "type": "Feature", "properties": { "id": null }, "geometry": { "type": "MultiPolygon", "coordinates": [ [ [ [ 126.974925977541901, 37.295990673738387 ], [ 126.974914326471932, 37.295930398818356 ], [ 126.974880509625478, 37.2959346022948 ], [ 126.97489215908108, 37.295994868864717 ], [ 126.974925977541901, 37.295990673738387 ] ] ] ] } },
{ "type": "Feature", "properties": { "id": null }, "geometry": { "type": "MultiPolygon", "coordinates": [ [ [ [ 126.97489215908108, 37.295994868864717 ], [ 126.974880509625478, 37.2959346022948 ], [ 126.974843238063727, 37.295939235196684 ], [ 126.974854885740783, 37.295999492563347 ], [ 126.97489215908108, 37.295994868864717 ] ] ] ] } },
{ "type": "Feature", "properties": { "id": null }, "geometry": { "type": "MultiPolygon", "coordinates": [ [ [ [ 126.974854885740783, 37.295999492563347 ], [ 126.974843238063727, 37.295939235196684 ], [ 126.97477586043307, 37.295947610320709 ], [ 126.974787504895644, 37.296007851050113 ], [ 126.974854885740783, 37.295999492563347 ] ] ] ] } },
{ "type": "Feature", "properties": { "id": null }, "geometry": { "type": "MultiPolygon", "coordinates": [ [ [ [ 126.974787504895644, 37.296007851050113 ], [ 126.97477586043307, 37.295947610320709 ], [ 126.974700432255673, 37.295956986137789 ], [ 126.974712073119662, 37.296017208242063 ], [ 126.974787504895644, 37.296007851050113 ] ] ] ] } },
{ "type": "Feature", "properties": { "id": null }, "geometry": { "type": "MultiPolygon", "coordinates": [ [ [ [ 126.974712073119662, 37.296017208242063 ], [ 126.974700432255673, 37.295956986137789 ], [ 126.974631442906912, 37.295965561600397 ], [ 126.974643080479396, 37.296025766669452 ], [ 126.974712073119662, 37.296017208242063 ] ] ] ] } },
{ "type": "Feature", "properties": { "id": null }, "geometry": { "type": "MultiPolygon", "coordinates": [ [ [ [ 126.974643080479396, 37.296025766669452 ], [ 126.974631442906912, 37.295965561600397 ], [ 126.974592385883014, 37.29597041643747 ], [ 126.97460402159237, 37.296030611862328 ], [ 126.974643080479396, 37.296025766669452 ] ] ] ] } },
{ "type": "Feature", "properties": { "id": null }, "geometry": { "type": "MultiPolygon", "coordinates": [ [ [ [ 126.97460402159237, 37.296030611862328 ], [ 126.974592385883014, 37.29597041643747 ], [ 126.974560813412936, 37.295974340935111 ], [ 126.974572447616069, 37.296034528563915 ], [ 126.97460402159237, 37.296030611862328 ] ] ] ] } },
{ "type": "Feature", "properties": { "id": null }, "geometry": { "type": "MultiPolygon", "coordinates": [ [ [ [ 126.974989390814343, 37.295921216315136 ], [ 126.974914326471932, 37.295930398818356 ], [ 126.974925977541901, 37.295990673738387 ], [ 126.9750002399267, 37.29598146160756 ], [ 126.974989390814343, 37.295921216315136 ] ] ] ] } },
{ "type": "Feature", "properties": { "id": null }, "geometry": { "type": "MultiPolygon", "coordinates": [ [ [ [ 126.974925977541901, 37.295990673738387 ], [ 126.974914326471932, 37.295930398818356 ], [ 126.974880509625478, 37.2959346022948 ], [ 126.97489215908108, 37.295994868864717 ], [ 126.974925977541901, 37.295990673738387 ] ] ] ] } },
{ "type": "Feature", "properties": { "id": null }, "geometry": { "type": "MultiPolygon", "coordinates": [ [ [ [ 126.97489215908108, 37.295994868864717 ], [ 126.974880509625478, 37.2959346022948 ], [ 126.974843238063727, 37.295939235196684 ], [ 126.974854885740783, 37.295999492563347 ], [ 126.97489215908108, 37.295994868864717 ] ] ] ] } },
{ "type": "Feature", "properties": { "id": null }, "geometry": { "type": "MultiPolygon", "coordinates": [ [ [ [ 126.974854885740783, 37.295999492563347 ], [ 126.974843238063727, 37.295939235196684 ], [ 126.97477586043307, 37.295947610320709 ], [ 126.974787504895644, 37.296007851050113 ], [ 126.974854885740783, 37.295999492563347 ] ] ] ] } },
{ "type": "Feature", "properties": { "id": null }, "geometry": { "type": "MultiPolygon", "coordinates": [ [ [ [ 126.974787504895644, 37.296007851050113 ], [ 126.97477586043307, 37.295947610320709 ], [ 126.974700432255673, 37.295956986137789 ], [ 126.974712073119662, 37.296017208242063 ], [ 126.974787504895644, 37.296007851050113 ] ] ] ] } },
{ "type": "Feature", "properties": { "id": null }, "geometry": { "type": "MultiPolygon", "coordinates": [ [ [ [ 126.974712073119662, 37.296017208242063 ], [ 126.974700432255673, 37.295956986137789 ], [ 126.974631442906912, 37.295965561600397 ], [ 126.974643080479396, 37.296025766669452 ], [ 126.974712073119662, 37.296017208242063 ] ] ] ] } },
{ "type": "Feature", "properties": { "id": null }, "geometry": { "type": "MultiPolygon", "coordinates": [ [ [ [ 126.974643080479396, 37.296025766669452 ], [ 126.974631442906912, 37.295965561600397 ], [ 126.974592385883014, 37.29597041643747 ], [ 126.97460402159237, 37.296030611862328 ], [ 126.974643080479396, 37.296025766669452 ] ] ] ] } },
{ "type": "Feature", "properties": { "id": null }, "geometry": { "type": "MultiPolygon", "coordinates": [ [ [ [ 126.97460402159237, 37.296030611862328 ], [ 126.974592385883014, 37.29597041643747 ], [ 126.974560813412936, 37.295974340935111 ], [ 126.974572447616069, 37.296034528563915 ], [ 126.97460402159237, 37.296030611862328 ] ] ] ] } },
{ "type": "Feature", "properties": { "id": null }, "geometry": { "type": "MultiPolygon", "coordinates": [ [ [ [ 126.974989390814343, 37.295921216315136 ], [ 126.974914326471932, 37.295930398818356 ], [ 126.974925977541901, 37.295990673738387 ], [ 126.9750002399267, 37.29598146160756 ], [ 126.974989390814343, 37.295921216315136 ] ] ] ] } },
{ "type": "Feature", "properties": { "id": null }, "geometry": { "type": "MultiPolygon", "coordinates": [ [ [ [ 126.974964630246703, 37.296006801036199 ], [ 126.974979081246019, 37.29608102918553 ], [ 126.975017187233306, 37.296076003748404 ], [ 126.975003914584192, 37.296001961029383 ], [ 126.974964630246703, 37.296006801036199 ] ] ] ] } },
{ "type": "Feature", "properties": { "id": null }, "geometry": { "type": "MultiPolygon", "coordinates": [ [ [ [ 126.974771064073536, 37.296108462596834 ], [ 126.974756273900866, 37.296032492291083 ], [ 126.974717011089069, 37.296037333568663 ], [ 126.974731865176281, 37.29611363216749 ], [ 126.974771064073536, 37.296108462596834 ] ] ] ] } },
{ "type": "Feature", "properties": { "id": null }, "geometry": { "type": "MultiPolygon", "coordinates": [ [ [ [ 126.974731865176281, 37.29611363216749 ], [ 126.974717011089069, 37.296037333568663 ], [ 126.974629277403437, 37.296048151518413 ], [ 126.974644274309057, 37.296125183695942 ], [ 126.974731865176281, 37.29611363216749 ] ] ] ] } },
{ "type": "Feature", "properties": { "id": null }, "geometry": { "type": "MultiPolygon", "coordinates": [ [ [ [ 126.974644274309057, 37.296125183695942 ], [ 126.974629277403437, 37.296048151518413 ], [ 126.974539098423648, 37.296059270983697 ], [ 126.97455424212761, 37.296137057186172 ], [ 126.974644274309057, 37.296125183695942 ] ] ] ] } },
{ "type": "Feature", "properties": { "id": null }, "geometry": { "type": "MultiPolygon", "coordinates": [ [ [ [ 126.97455424212761, 37.296137057186172 ], [ 126.974539098423648, 37.296059270983697 ], [ 126.974505567051082, 37.296063405549582 ], [ 126.974520765339079, 37.296141472122194 ], [ 126.97455424212761, 37.296137057186172 ] ] ] ] } },
{ "type": "Feature", "properties": { "id": null }, "geometry": { "type": "MultiPolygon", "coordinates": [ [ [ [ 126.974520765339079, 37.296141472122194 ], [ 126.974505567051082, 37.296063405549582 ], [ 126.974475334335892, 37.296067133376489 ], [ 126.974434705597162, 37.296072544168162 ], [ 126.97445114311661, 37.296150653936571 ], [ 126.974520765339079, 37.296141472122194 ] ] ] ] } },
{ "type": "Feature", "properties": { "id": null }, "geometry": { "type": "MultiPolygon", "coordinates": [ [ [ [ 126.974964630246703, 37.296006801036199 ], [ 126.974979081246019, 37.29608102918553 ], [ 126.975017187233306, 37.296076003748404 ], [ 126.975003914584192, 37.296001961029383 ], [ 126.974964630246703, 37.296006801036199 ] ] ] ] } },
{ "type": "Feature", "properties": { "id": null }, "geometry": { "type": "MultiPolygon", "coordinates": [ [ [ [ 126.974771064073536, 37.296108462596834 ], [ 126.974756273900866, 37.296032492291083 ], [ 126.974717011089069, 37.296037333568663 ], [ 126.974731865176281, 37.29611363216749 ], [ 126.974771064073536, 37.296108462596834 ] ] ] ] } },
{ "type": "Feature", "properties": { "id": null }, "geometry": { "type": "MultiPolygon", "coordinates": [ [ [ [ 126.974731865176281, 37.29611363216749 ], [ 126.974717011089069, 37.296037333568663 ], [ 126.974629277403437, 37.296048151518413 ], [ 126.974644274309057, 37.296125183695942 ], [ 126.974731865176281, 37.29611363216749 ] ] ] ] } },
{ "type": "Feature", "properties": { "id": null }, "geometry": { "type": "MultiPolygon", "coordinates": [ [ [ [ 126.974644274309057, 37.296125183695942 ], [ 126.974629277403437, 37.296048151518413 ], [ 126.974539098423648, 37.296059270983697 ], [ 126.97455424212761, 37.296137057186172 ], [ 126.974644274309057, 37.296125183695942 ] ] ] ] } },
{ "type": "Feature", "properties": { "id": null }, "geometry": { "type": "MultiPolygon", "coordinates": [ [ [ [ 126.97455424212761, 37.296137057186172 ], [ 126.974539098423648, 37.296059270983697 ], [ 126.974505567051082, 37.296063405549582 ], [ 126.974520765339079, 37.296141472122194 ], [ 126.97455424212761, 37.296137057186172 ] ] ] ] } },
{ "type": "Feature", "properties": { "id": null }, "geometry": { "type": "MultiPolygon", "coordinates": [ [ [ [ 126.974520765339079, 37.296141472122194 ], [ 126.974505567051082, 37.296063405549582 ], [ 126.974475334335892, 37.296067133376489 ], [ 126.974434705597162, 37.296072544168162 ], [ 126.97445114311661, 37.296150653936571 ], [ 126.974520765339079, 37.296141472122194 ] ] ] ] } },
{ "type": "Feature", "properties": { "id": null }, "geometry": { "type": "MultiPolygon", "coordinates": [ [ [ [ 126.974340533531731, 37.296046446928671 ], [ 126.974281500646001, 37.296109879203456 ], [ 126.974377302323035, 37.296160392098265 ], [ 126.974406516926166, 37.296156401140578 ], [ 126.974389733693343, 37.296073929455098 ], [ 126.974340533531731, 37.296046446928671 ] ] ] ] } },
{ "type": "Feature", "properties": { "id": null }, "geometry": { "type": "MultiPolygon", "coordinates": [ [ [ [ 126.97435685042295, 37.29602891403129 ], [ 126.974409565560379, 37.29597227033107 ], [ 126.974356772310642, 37.29602886825802 ], [ 126.97435685042295, 37.29602891403129 ] ] ] ] } },
{ "type": "Feature", "properties": { "id": null }, "geometry": { "type": "MultiPolygon", "coordinates": [ [ [ [ 126.974340533531731, 37.296046446928671 ], [ 126.974281500646001, 37.296109879203456 ], [ 126.974377302323035, 37.296160392098265 ], [ 126.974406516926166, 37.296156401140578 ], [ 126.974389733693343, 37.296073929455098 ], [ 126.974340533531731, 37.296046446928671 ] ] ] ] } },
{ "type": "Feature", "properties": { "id": null }, "geometry": { "type": "MultiPolygon", "coordinates": [ [ [ [ 126.97435685042295, 37.29602891403129 ], [ 126.974409565560379, 37.29597227033107 ], [ 126.974356772310642, 37.29602886825802 ], [ 126.97435685042295, 37.29602891403129 ] ] ] ] } },
{ "type": "Feature", "properties": { "id": null }, "geometry": { "type": "MultiPolygon", "coordinates": [ [ [ [ 126.974297924022281, 37.295994317207416 ], [ 126.974349227997394, 37.29593901768974 ], [ 126.974289714522158, 37.29590621921151 ], [ 126.974239652766855, 37.295960179787485 ], [ 126.974297924022281, 37.295994317207416 ] ] ] ] } },
{ "type": "Feature", "properties": { "id": null }, "geometry": { "type": "MultiPolygon", "coordinates": [ [ [ [ 126.974239652766855, 37.295960179787485 ], [ 126.974289714522158, 37.29590621921151 ], [ 126.974260405182179, 37.295890066537758 ], [ 126.974210955200121, 37.295943367709576 ], [ 126.974239652766855, 37.295960179787485 ] ] ] ] } },
{ "type": "Feature", "properties": { "id": null }, "geometry": { "type": "MultiPolygon", "coordinates": [ [ [ [ 126.974210955200121, 37.295943367709576 ], [ 126.974260405182179, 37.295890066537758 ], [ 126.974198398501201, 37.295855894028627 ], [ 126.974150242779871, 37.295907800166539 ], [ 126.974210955200121, 37.295943367709576 ] ] ] ] } },
{ "type": "Feature", "properties": { "id": null }, "geometry": { "type": "MultiPolygon", "coordinates": [ [ [ [ 126.974150242779871, 37.295907800166539 ], [ 126.974198398501201, 37.295855894028627 ], [ 126.97414797735432, 37.295828106424523 ], [ 126.97410087406746, 37.295878878179963 ], [ 126.974150242779871, 37.295907800166539 ] ] ] ] } },
{ "type": "Feature", "properties": { "id": null }, "geometry": { "type": "MultiPolygon", "coordinates": [ [ [ [ 126.97410087406746, 37.295878878179963 ], [ 126.97414797735432, 37.295828106424523 ], [ 126.974115139082812, 37.29581000892091 ], [ 126.974068721226217, 37.295860041876615 ], [ 126.97410087406746, 37.295878878179963 ] ] ] ] } },
{ "type": "Feature", "properties": { "id": null }, "geometry": { "type": "MultiPolygon", "coordinates": [ [ [ [ 126.974068721226217, 37.295860041876615 ], [ 126.974115139082812, 37.29581000892091 ], [ 126.974090836093325, 37.295796615297554 ], [ 126.974044925510952, 37.295846101481501 ], [ 126.974068721226217, 37.295860041876615 ] ] ] ] } },
{ "type": "Feature", "properties": { "id": null }, "geometry": { "type": "MultiPolygon", "coordinates": [ [ [ [ 126.974044925510952, 37.295846101481501 ], [ 126.974090836093325, 37.295796615297554 ], [ 126.974057568688679, 37.295778281294332 ], [ 126.974012352493176, 37.29582701902347 ], [ 126.974044925510952, 37.295846101481501 ] ] ] ] } },
{ "type": "Feature", "properties": { "id": null }, "geometry": { "type": "MultiPolygon", "coordinates": [ [ [ [ 126.974012352493176, 37.29582701902347 ], [ 126.974057568688679, 37.295778281294332 ], [ 126.974003219723528, 37.295748329029848 ], [ 126.973959137948299, 37.295795844008417 ], [ 126.974012352493176, 37.29582701902347 ] ] ] ] } },
{ "type": "Feature", "properties": { "id": null }, "geometry": { "type": "MultiPolygon", "coordinates": [ [ [ [ 126.973959137948299, 37.295795844008417 ], [ 126.974003219723528, 37.295748329029848 ], [ 126.973940920182145, 37.295713995122377 ], [ 126.973898138777201, 37.295760108476308 ], [ 126.973959137948299, 37.295795844008417 ] ] ] ] } },
{ "type": "Feature", "properties": { "id": null }, "geometry": { "type": "MultiPolygon", "coordinates": [ [ [ [ 126.973898138777201, 37.295760108476308 ], [ 126.973940920182145, 37.295713995122377 ], [ 126.973914974129542, 37.295699695990322 ], [ 126.973913935944779, 37.295699120633031 ], [ 126.973871568107327, 37.295744541983922 ], [ 126.973874081779542, 37.295746014978285 ], [ 126.973874299991635, 37.295746142849048 ], [ 126.973898138777201, 37.295760108476308 ] ] ] ] } },
{ "type": "Feature", "properties": { "id": null }, "geometry": { "type": "MultiPolygon", "coordinates": [ [ [ [ 126.974297924022281, 37.295994317207416 ], [ 126.974349227997394, 37.29593901768974 ], [ 126.974289714522158, 37.29590621921151 ], [ 126.974239652766855, 37.295960179787485 ], [ 126.974297924022281, 37.295994317207416 ] ] ] ] } },
{ "type": "Feature", "properties": { "id": null }, "geometry": { "type": "MultiPolygon", "coordinates": [ [ [ [ 126.974239652766855, 37.295960179787485 ], [ 126.974289714522158, 37.29590621921151 ], [ 126.974260405182179, 37.295890066537758 ], [ 126.974210955200121, 37.295943367709576 ], [ 126.974239652766855, 37.295960179787485 ] ] ] ] } },
{ "type": "Feature", "properties": { "id": null }, "geometry": { "type": "MultiPolygon", "coordinates": [ [ [ [ 126.974210955200121, 37.295943367709576 ], [ 126.974260405182179, 37.295890066537758 ], [ 126.974198398501201, 37.295855894028627 ], [ 126.974150242779871, 37.295907800166539 ], [ 126.974210955200121, 37.295943367709576 ] ] ] ] } },
{ "type": "Feature", "properties": { "id": null }, "geometry": { "type": "MultiPolygon", "coordinates": [ [ [ [ 126.974150242779871, 37.295907800166539 ], [ 126.974198398501201, 37.295855894028627 ], [ 126.97414797735432, 37.295828106424523 ], [ 126.97410087406746, 37.295878878179963 ], [ 126.974150242779871, 37.295907800166539 ] ] ] ] } },
{ "type": "Feature", "properties": { "id": null }, "geometry": { "type": "MultiPolygon", "coordinates": [ [ [ [ 126.97410087406746, 37.295878878179963 ], [ 126.97414797735432, 37.295828106424523 ], [ 126.974115139082812, 37.29581000892091 ], [ 126.974068721226217, 37.295860041876615 ], [ 126.97410087406746, 37.295878878179963 ] ] ] ] } },
{ "type": "Feature", "properties": { "id": null }, "geometry": { "type": "MultiPolygon", "coordinates": [ [ [ [ 126.974068721226217, 37.295860041876615 ], [ 126.974115139082812, 37.29581000892091 ], [ 126.974090836093325, 37.295796615297554 ], [ 126.974044925510952, 37.295846101481501 ], [ 126.974068721226217, 37.295860041876615 ] ] ] ] } },
{ "type": "Feature", "properties": { "id": null }, "geometry": { "type": "MultiPolygon", "coordinates": [ [ [ [ 126.974044925510952, 37.295846101481501 ], [ 126.974090836093325, 37.295796615297554 ], [ 126.974057568688679, 37.295778281294332 ], [ 126.974012352493176, 37.29582701902347 ], [ 126.974044925510952, 37.295846101481501 ] ] ] ] } },
{ "type": "Feature", "properties": { "id": null }, "geometry": { "type": "MultiPolygon", "coordinates": [ [ [ [ 126.974012352493176, 37.29582701902347 ], [ 126.974057568688679, 37.295778281294332 ], [ 126.974003219723528, 37.295748329029848 ], [ 126.973959137948299, 37.295795844008417 ], [ 126.974012352493176, 37.29582701902347 ] ] ] ] } },
{ "type": "Feature", "properties": { "id": null }, "geometry": { "type": "MultiPolygon", "coordinates": [ [ [ [ 126.973959137948299, 37.295795844008417 ], [ 126.974003219723528, 37.295748329029848 ], [ 126.973940920182145, 37.295713995122377 ], [ 126.973898138777201, 37.295760108476308 ], [ 126.973959137948299, 37.295795844008417 ] ] ] ] } },
{ "type": "Feature", "properties": { "id": null }, "geometry": { "type": "MultiPolygon", "coordinates": [ [ [ [ 126.973898138777201, 37.295760108476308 ], [ 126.973940920182145, 37.295713995122377 ], [ 126.973914974129542, 37.295699695990322 ], [ 126.973913935944779, 37.295699120633031 ], [ 126.973871568107327, 37.295744541983922 ], [ 126.973874081779542, 37.295746014978285 ], [ 126.973874299991635, 37.295746142849048 ], [ 126.973898138777201, 37.295760108476308 ] ] ] ] } },
{ "type": "Feature", "properties": { "id": null }, "geometry": { "type": "MultiPolygon", "coordinates": [ [ [ [ 126.973964866990912, 37.295824692637453 ], [ 126.973896146179129, 37.295906901516901 ], [ 126.973930442532875, 37.295924966428927 ], [ 126.973997942938311, 37.295844217512816 ], [ 126.973964866990912, 37.295824692637453 ] ] ] ] } },
{ "type": "Feature", "properties": { "id": null }, "geometry": { "type": "MultiPolygon", "coordinates": [ [ [ [ 126.973997942938311, 37.295844217512816 ], [ 126.973930442532875, 37.295924966428927 ], [ 126.973957386259457, 37.295939158493006 ], [ 126.974003890121097, 37.295883527188955 ], [ 126.974023927894891, 37.295859556545516 ], [ 126.973997942938311, 37.295844217512816 ] ] ] ] } },
{ "type": "Feature", "properties": { "id": null }, "geometry": { "type": "MultiPolygon", "coordinates": [ [ [ [ 126.973896146179129, 37.295906901516901 ], [ 126.973964866990912, 37.295824692637453 ], [ 126.973856483722159, 37.295760713523293 ], [ 126.973778283110377, 37.295844550085725 ], [ 126.973896146179129, 37.295906901516901 ] ] ] ] } },
{ "type": "Feature", "properties": { "id": null }, "geometry": { "type": "MultiPolygon", "coordinates": [ [ [ [ 126.974196643322628, 37.295961511212454 ], [ 126.974136474405967, 37.296033489559058 ], [ 126.97416489768807, 37.296048460949144 ], [ 126.97422405518509, 37.295977692553897 ], [ 126.974196643322628, 37.295961511212454 ] ] ] ] } },
{ "type": "Feature", "properties": { "id": null }, "geometry": { "type": "MultiPolygon", "coordinates": [ [ [ [ 126.97422405518509, 37.295977692553897 ], [ 126.97416489768807, 37.296048460949144 ], [ 126.974281500646001, 37.296109879203456 ], [ 126.974340533531731, 37.296046446928671 ], [ 126.97434042952213, 37.296046388830355 ], [ 126.97422405518509, 37.295977692553897 ] ] ] ] } },
{ "type": "Feature", "properties": { "id": null }, "geometry": { "type": "MultiPolygon", "coordinates": [ [ [ [ 126.973964866990912, 37.295824692637453 ], [ 126.973896146179129, 37.295906901516901 ], [ 126.973930442532875, 37.295924966428927 ], [ 126.973997942938311, 37.295844217512816 ], [ 126.973964866990912, 37.295824692637453 ] ] ] ] } },
{ "type": "Feature", "properties": { "id": null }, "geometry": { "type": "MultiPolygon", "coordinates": [ [ [ [ 126.973997942938311, 37.295844217512816 ], [ 126.973930442532875, 37.295924966428927 ], [ 126.973957386259457, 37.295939158493006 ], [ 126.974003890121097, 37.295883527188955 ], [ 126.974023927894891, 37.295859556545516 ], [ 126.973997942938311, 37.295844217512816 ] ] ] ] } },
{ "type": "Feature", "properties": { "id": null }, "geometry": { "type": "MultiPolygon", "coordinates": [ [ [ [ 126.973896146179129, 37.295906901516901 ], [ 126.973964866990912, 37.295824692637453 ], [ 126.973856483722159, 37.295760713523293 ], [ 126.973778283110377, 37.295844550085725 ], [ 126.973896146179129, 37.295906901516901 ] ] ] ] } },
{ "type": "Feature", "properties": { "id": null }, "geometry": { "type": "MultiPolygon", "coordinates": [ [ [ [ 126.974196643322628, 37.295961511212454 ], [ 126.974136474405967, 37.296033489559058 ], [ 126.97416489768807, 37.296048460949144 ], [ 126.97422405518509, 37.295977692553897 ], [ 126.974196643322628, 37.295961511212454 ] ] ] ] } },
{ "type": "Feature", "properties": { "id": null }, "geometry": { "type": "MultiPolygon", "coordinates": [ [ [ [ 126.97422405518509, 37.295977692553897 ], [ 126.97416489768807, 37.296048460949144 ], [ 126.974281500646001, 37.296109879203456 ], [ 126.974340533531731, 37.296046446928671 ], [ 126.97434042952213, 37.296046388830355 ], [ 126.97422405518509, 37.295977692553897 ] ] ] ] } },
{ "type": "Feature", "properties": { "id": null }, "geometry": { "type": "MultiPolygon", "coordinates": [ [ [ [ 126.974003890121097, 37.295883527188955 ], [ 126.974063728783065, 37.295918779908284 ], [ 126.974085193775551, 37.295895722060884 ], [ 126.974023927894891, 37.295859556545516 ], [ 126.974003890121097, 37.295883527188955 ] ] ] ] } },
{ "type": "Feature", "properties": { "id": null }, "geometry": { "type": "MultiPolygon", "coordinates": [ [ [ [ 126.974003890121097, 37.295883527188955 ], [ 126.974063728783065, 37.295918779908284 ], [ 126.974085193775551, 37.295895722060884 ], [ 126.974023927894891, 37.295859556545516 ], [ 126.974003890121097, 37.295883527188955 ] ] ] ] } },
{ "type": "Feature", "properties": { "id": null }, "geometry": { "type": "MultiPolygon", "coordinates": [ [ [ [ 126.973414281298318, 37.295715979982113 ], [ 126.973428190603499, 37.295781889983559 ], [ 126.973462514715635, 37.295777290539107 ], [ 126.973448902483412, 37.295712788233907 ], [ 126.973414281298318, 37.295715979982113 ] ] ] ] } },
{ "type": "Feature", "properties": { "id": null }, "geometry": { "type": "MultiPolygon", "coordinates": [ [ [ [ 126.973448902483412, 37.295712788233907 ], [ 126.973462514715635, 37.295777290539107 ], [ 126.973499106046219, 37.295772387286497 ], [ 126.973485810510496, 37.295709385660338 ], [ 126.973448902483412, 37.295712788233907 ] ] ] ] } },
{ "type": "Feature", "properties": { "id": null }, "geometry": { "type": "MultiPolygon", "coordinates": [ [ [ [ 126.973485810510496, 37.295709385660338 ], [ 126.973499106046219, 37.295772387286497 ], [ 126.973532126330753, 37.295767962555459 ], [ 126.973519116584043, 37.295706315153069 ], [ 126.973485810510496, 37.295709385660338 ] ] ] ] } },
{ "type": "Feature", "properties": { "id": null }, "geometry": { "type": "MultiPolygon", "coordinates": [ [ [ [ 126.973519116584043, 37.295706315153069 ], [ 126.973532126330753, 37.295767962555459 ], [ 126.97356777299099, 37.295763185889044 ], [ 126.973555071764324, 37.295703000423032 ], [ 126.973519116584043, 37.295706315153069 ] ] ] ] } },
{ "type": "Feature", "properties": { "id": null }, "geometry": { "type": "MultiPolygon", "coordinates": [ [ [ [ 126.973393383545556, 37.295786538578895 ], [ 126.973428190603499, 37.295781889983559 ], [ 126.973414281298318, 37.295715979982113 ], [ 126.973363601668083, 37.295720652168185 ], [ 126.973376932603728, 37.295720652168185 ], [ 126.973393383545556, 37.295786538578895 ] ] ] ] } },
{ "type": "Feature", "properties": { "id": null }, "geometry": { "type": "MultiPolygon", "coordinates": [ [ [ [ 126.973625121756115, 37.295696542471489 ], [ 126.973637221905832, 37.295753879707298 ], [ 126.973668968437607, 37.295749625659624 ], [ 126.97365636054522, 37.295689882457374 ], [ 126.973654426779405, 37.295690140718392 ], [ 126.973655162703523, 37.295693772978197 ], [ 126.973625121756115, 37.295696542471489 ] ] ] ] } },
{ "type": "Feature", "properties": { "id": null }, "geometry": { "type": "MultiPolygon", "coordinates": [ [ [ [ 126.97365636054522, 37.295689882457374 ], [ 126.973668968437607, 37.295749625659624 ], [ 126.973723536930152, 37.295742313460281 ], [ 126.973710892690832, 37.295682576918495 ], [ 126.97365636054522, 37.295689882457374 ] ] ] ] } },
{ "type": "Feature", "properties": { "id": null }, "geometry": { "type": "MultiPolygon", "coordinates": [ [ [ [ 126.97365636054522, 37.295689882457374 ], [ 126.973654366897279, 37.295689845161512 ], [ 126.973654426779405, 37.295690140718392 ], [ 126.97365636054522, 37.295689882457374 ] ] ] ] } },
{ "type": "Feature", "properties": { "id": null }, "geometry": { "type": "MultiPolygon", "coordinates": [ [ [ [ 126.973414281298318, 37.295715979982113 ], [ 126.973428190603499, 37.295781889983559 ], [ 126.973462514715635, 37.295777290539107 ], [ 126.973448902483412, 37.295712788233907 ], [ 126.973414281298318, 37.295715979982113 ] ] ] ] } },
{ "type": "Feature", "properties": { "id": null }, "geometry": { "type": "MultiPolygon", "coordinates": [ [ [ [ 126.973448902483412, 37.295712788233907 ], [ 126.973462514715635, 37.295777290539107 ], [ 126.973499106046219, 37.295772387286497 ], [ 126.973485810510496, 37.295709385660338 ], [ 126.973448902483412, 37.295712788233907 ] ] ] ] } },
{ "type": "Feature", "properties": { "id": null }, "geometry": { "type": "MultiPolygon", "coordinates": [ [ [ [ 126.973485810510496, 37.295709385660338 ], [ 126.973499106046219, 37.295772387286497 ], [ 126.973532126330753, 37.295767962555459 ], [ 126.973519116584043, 37.295706315153069 ], [ 126.973485810510496, 37.295709385660338 ] ] ] ] } },
{ "type": "Feature", "properties": { "id": null }, "geometry": { "type": "MultiPolygon", "coordinates": [ [ [ [ 126.973519116584043, 37.295706315153069 ], [ 126.973532126330753, 37.295767962555459 ], [ 126.97356777299099, 37.295763185889044 ], [ 126.973555071764324, 37.295703000423032 ], [ 126.973519116584043, 37.295706315153069 ] ] ] ] } },
{ "type": "Feature", "properties": { "id": null }, "geometry": { "type": "MultiPolygon", "coordinates": [ [ [ [ 126.973393383545556, 37.295786538578895 ], [ 126.973428190603499, 37.295781889983559 ], [ 126.973414281298318, 37.295715979982113 ], [ 126.973363601668083, 37.295720652168185 ], [ 126.973376932603728, 37.295720652168185 ], [ 126.973393383545556, 37.295786538578895 ] ] ] ] } },
{ "type": "Feature", "properties": { "id": null }, "geometry": { "type": "MultiPolygon", "coordinates": [ [ [ [ 126.973625121756115, 37.295696542471489 ], [ 126.973637221905832, 37.295753879707298 ], [ 126.973668968437607, 37.295749625659624 ], [ 126.97365636054522, 37.295689882457374 ], [ 126.973654426779405, 37.295690140718392 ], [ 126.973655162703523, 37.295693772978197 ], [ 126.973625121756115, 37.295696542471489 ] ] ] ] } },
{ "type": "Feature", "properties": { "id": null }, "geometry": { "type": "MultiPolygon", "coordinates": [ [ [ [ 126.97365636054522, 37.295689882457374 ], [ 126.973668968437607, 37.295749625659624 ], [ 126.973723536930152, 37.295742313460281 ], [ 126.973710892690832, 37.295682576918495 ], [ 126.97365636054522, 37.295689882457374 ] ] ] ] } },
{ "type": "Feature", "properties": { "id": null }, "geometry": { "type": "MultiPolygon", "coordinates": [ [ [ [ 126.97365636054522, 37.295689882457374 ], [ 126.973654366897279, 37.295689845161512 ], [ 126.973654426779405, 37.295690140718392 ], [ 126.97365636054522, 37.295689882457374 ] ] ] ] } },
{ "type": "Feature", "properties": { "id": null }, "geometry": { "type": "MultiPolygon", "coordinates": [ [ [ [ 126.973536191503086, 37.295784657768834 ], [ 126.973436250008504, 37.2957968953882 ], [ 126.97344807229068, 37.295858517160241 ], [ 126.973548102899926, 37.29584621958842 ], [ 126.973536191503086, 37.295784657768834 ] ] ] ] } },
{ "type": "Feature", "properties": { "id": null }, "geometry": { "type": "MultiPolygon", "coordinates": [ [ [ [ 126.973644245992887, 37.29577159115204 ], [ 126.973656116301314, 37.295832940627392 ], [ 126.973686970597626, 37.295829147459202 ], [ 126.973675112025589, 37.295767858640581 ], [ 126.973644245992887, 37.29577159115204 ] ] ] ] } },
{ "type": "Feature", "properties": { "id": null }, "geometry": { "type": "MultiPolygon", "coordinates": [ [ [ [ 126.973675112025589, 37.295767858640581 ], [ 126.973686970597626, 37.295829147459202 ], [ 126.973737329133598, 37.295822956477082 ], [ 126.973763195225899, 37.295836594768602 ], [ 126.973748309854855, 37.295759007106625 ], [ 126.973675112025589, 37.295767858640581 ] ] ] ] } },
{ "type": "Feature", "properties": { "id": null }, "geometry": { "type": "MultiPolygon", "coordinates": [ [ [ [ 126.973536191503086, 37.295784657768834 ], [ 126.973436250008504, 37.2957968953882 ], [ 126.97344807229068, 37.295858517160241 ], [ 126.973548102899926, 37.29584621958842 ], [ 126.973536191503086, 37.295784657768834 ] ] ] ] } },
{ "type": "Feature", "properties": { "id": null }, "geometry": { "type": "MultiPolygon", "coordinates": [ [ [ [ 126.973644245992887, 37.29577159115204 ], [ 126.973656116301314, 37.295832940627392 ], [ 126.973686970597626, 37.295829147459202 ], [ 126.973675112025589, 37.295767858640581 ], [ 126.973644245992887, 37.29577159115204 ] ] ] ] } },
{ "type": "Feature", "properties": { "id": null }, "geometry": { "type": "MultiPolygon", "coordinates": [ [ [ [ 126.973675112025589, 37.295767858640581 ], [ 126.973686970597626, 37.295829147459202 ], [ 126.973737329133598, 37.295822956477082 ], [ 126.973763195225899, 37.295836594768602 ], [ 126.973748309854855, 37.295759007106625 ], [ 126.973675112025589, 37.295767858640581 ] ] ] ] } },
{ "type": "Feature", "properties": { "id": null }, "geometry": { "type": "MultiPolygon", "coordinates": [ [ [ [ 126.974015660788368, 37.29528610421972 ], [ 126.974004002111073, 37.295237787550292 ], [ 126.973961318464703, 37.295244022308474 ], [ 126.97397259987649, 37.295290775486215 ], [ 126.974015660788368, 37.29528610421972 ] ] ] ] } },
{ "type": "Feature", "properties": { "id": null }, "geometry": { "type": "MultiPolygon", "coordinates": [ [ [ [ 126.97397259987649, 37.295290775486215 ], [ 126.973961318464703, 37.295244022308474 ], [ 126.973925405442827, 37.295249268088199 ], [ 126.973936369432337, 37.295294705780599 ], [ 126.97397259987649, 37.295290775486215 ] ] ] ] } },
{ "type": "Feature", "properties": { "id": null }, "geometry": { "type": "MultiPolygon", "coordinates": [ [ [ [ 126.973936369432337, 37.295294705780599 ], [ 126.973925405442827, 37.295249268088199 ], [ 126.973886093827787, 37.295255010297083 ], [ 126.973896710356129, 37.295299008014482 ], [ 126.973936369432337, 37.295294705780599 ] ] ] ] } },
{ "type": "Feature", "properties": { "id": null }, "geometry": { "type": "MultiPolygon", "coordinates": [ [ [ [ 126.973896710356129, 37.295299008014482 ], [ 126.973886093827787, 37.295255010297083 ], [ 126.973852161229416, 37.295259966798298 ], [ 126.973862477839788, 37.295302721572781 ], [ 126.973896710356129, 37.295299008014482 ] ] ] ] } },
{ "type": "Feature", "properties": { "id": null }, "geometry": { "type": "MultiPolygon", "coordinates": [ [ [ [ 126.973862477839788, 37.295302721572781 ], [ 126.973852161229416, 37.295259966798298 ], [ 126.973809070024416, 37.295266261088166 ], [ 126.973819005766757, 37.295307437442226 ], [ 126.973862477839788, 37.295302721572781 ] ] ] ] } },
{ "type": "Feature", "properties": { "id": null }, "geometry": { "type": "MultiPolygon", "coordinates": [ [ [ [ 126.973819005766757, 37.295307437442226 ], [ 126.973809070024416, 37.295266261088166 ], [ 126.973764656269793, 37.295272748561551 ], [ 126.97376901711398, 37.295290821055048 ], [ 126.973774199455335, 37.295312298050426 ], [ 126.973819005766757, 37.295307437442226 ] ] ] ] } },
{ "type": "Feature", "properties": { "id": null }, "geometry": { "type": "MultiPolygon", "coordinates": [ [ [ [ 126.974069839942658, 37.295280226841435 ], [ 126.974069825129789, 37.295280151227537 ], [ 126.974059814656471, 37.295229051664151 ], [ 126.974043364802313, 37.295231776600318 ], [ 126.974004002111073, 37.295237787550292 ], [ 126.974015660788368, 37.29528610421972 ], [ 126.974069839942658, 37.295280226841435 ] ] ] ] } },
{ "type": "Feature", "properties": { "id": null }, "geometry": { "type": "MultiPolygon", "coordinates": [ [ [ [ 126.974034386062257, 37.295363706750898 ], [ 126.974020711315532, 37.295307034951819 ], [ 126.973977468569757, 37.295310952648961 ], [ 126.97399130072742, 37.295368276797511 ], [ 126.974034386062257, 37.295363706750898 ] ] ] ] } },
{ "type": "Feature", "properties": { "id": null }, "geometry": { "type": "MultiPolygon", "coordinates": [ [ [ [ 126.97399130072742, 37.295368276797511 ], [ 126.973977468569757, 37.295310952648961 ], [ 126.973941085134868, 37.295314248907708 ], [ 126.97395504973457, 37.295372121927826 ], [ 126.97399130072742, 37.295368276797511 ] ] ] ] } },
{ "type": "Feature", "properties": { "id": null }, "geometry": { "type": "MultiPolygon", "coordinates": [ [ [ [ 126.97395504973457, 37.295372121927826 ], [ 126.973941085134868, 37.295314248907708 ], [ 126.973901258589805, 37.295317857104621 ], [ 126.973915368165223, 37.295376330938211 ], [ 126.97395504973457, 37.295372121927826 ] ] ] ] } },
{ "type": "Feature", "properties": { "id": null }, "geometry": { "type": "MultiPolygon", "coordinates": [ [ [ [ 126.973915368165223, 37.295376330938211 ], [ 126.973901258589805, 37.295317857104621 ], [ 126.973866881519399, 37.295320971591174 ], [ 126.973881116233571, 37.295379964028797 ], [ 126.973915368165223, 37.295376330938211 ] ] ] ] } },
{ "type": "Feature", "properties": { "id": null }, "geometry": { "type": "MultiPolygon", "coordinates": [ [ [ [ 126.973881116233571, 37.295379964028797 ], [ 126.973866881519399, 37.295320971591174 ], [ 126.973823225876146, 37.295324926695919 ], [ 126.973837619504209, 37.295384577711886 ], [ 126.973881116233571, 37.295379964028797 ] ] ] ] } },
{ "type": "Feature", "properties": { "id": null }, "geometry": { "type": "MultiPolygon", "coordinates": [ [ [ [ 126.973837619504209, 37.295384577711886 ], [ 126.973823225876146, 37.295324926695919 ], [ 126.973778230360722, 37.295329003190112 ], [ 126.973792787781306, 37.295389332997281 ], [ 126.973837619504209, 37.295384577711886 ] ] ] ] } },
{ "type": "Feature", "properties": { "id": null }, "geometry": { "type": "MultiPolygon", "coordinates": [ [ [ [ 126.97372613267774, 37.295380500573394 ], [ 126.973761700933125, 37.295377132080269 ], [ 126.973754927496458, 37.295343215418065 ], [ 126.973721232068911, 37.295346268147959 ], [ 126.97372613267774, 37.295380500573394 ] ] ] ] } },
{ "type": "Feature", "properties": { "id": null }, "geometry": { "type": "MultiPolygon", "coordinates": [ [ [ [ 126.974015660788368, 37.29528610421972 ], [ 126.974004002111073, 37.295237787550292 ], [ 126.973961318464703, 37.295244022308474 ], [ 126.97397259987649, 37.295290775486215 ], [ 126.974015660788368, 37.29528610421972 ] ] ] ] } },
{ "type": "Feature", "properties": { "id": null }, "geometry": { "type": "MultiPolygon", "coordinates": [ [ [ [ 126.97397259987649, 37.295290775486215 ], [ 126.973961318464703, 37.295244022308474 ], [ 126.973925405442827, 37.295249268088199 ], [ 126.973936369432337, 37.295294705780599 ], [ 126.97397259987649, 37.295290775486215 ] ] ] ] } },
{ "type": "Feature", "properties": { "id": null }, "geometry": { "type": "MultiPolygon", "coordinates": [ [ [ [ 126.973936369432337, 37.295294705780599 ], [ 126.973925405442827, 37.295249268088199 ], [ 126.973886093827787, 37.295255010297083 ], [ 126.973896710356129, 37.295299008014482 ], [ 126.973936369432337, 37.295294705780599 ] ] ] ] } },
{ "type": "Feature", "properties": { "id": null }, "geometry": { "type": "MultiPolygon", "coordinates": [ [ [ [ 126.973896710356129, 37.295299008014482 ], [ 126.973886093827787, 37.295255010297083 ], [ 126.973852161229416, 37.295259966798298 ], [ 126.973862477839788, 37.295302721572781 ], [ 126.973896710356129, 37.295299008014482 ] ] ] ] } },
{ "type": "Feature", "properties": { "id": null }, "geometry": { "type": "MultiPolygon", "coordinates": [ [ [ [ 126.973862477839788, 37.295302721572781 ], [ 126.973852161229416, 37.295259966798298 ], [ 126.973809070024416, 37.295266261088166 ], [ 126.973819005766757, 37.295307437442226 ], [ 126.973862477839788, 37.295302721572781 ] ] ] ] } },
{ "type": "Feature", "properties": { "id": null }, "geometry": { "type": "MultiPolygon", "coordinates": [ [ [ [ 126.973819005766757, 37.295307437442226 ], [ 126.973809070024416, 37.295266261088166 ], [ 126.973764656269793, 37.295272748561551 ], [ 126.97376901711398, 37.295290821055048 ], [ 126.973774199455335, 37.295312298050426 ], [ 126.973819005766757, 37.295307437442226 ] ] ] ] } },
{ "type": "Feature", "properties": { "id": null }, "geometry": { "type": "MultiPolygon", "coordinates": [ [ [ [ 126.974069839942658, 37.295280226841435 ], [ 126.974069825129789, 37.295280151227537 ], [ 126.974059814656471, 37.295229051664151 ], [ 126.974043364802313, 37.295231776600318 ], [ 126.974004002111073, 37.295237787550292 ], [ 126.974015660788368, 37.29528610421972 ], [ 126.974069839942658, 37.295280226841435 ] ] ] ] } },
{ "type": "Feature", "properties": { "id": null }, "geometry": { "type": "MultiPolygon", "coordinates": [ [ [ [ 126.974034386062257, 37.295363706750898 ], [ 126.974020711315532, 37.295307034951819 ], [ 126.973977468569757, 37.295310952648961 ], [ 126.97399130072742, 37.295368276797511 ], [ 126.974034386062257, 37.295363706750898 ] ] ] ] } },
{ "type": "Feature", "properties": { "id": null }, "geometry": { "type": "MultiPolygon", "coordinates": [ [ [ [ 126.97399130072742, 37.295368276797511 ], [ 126.973977468569757, 37.295310952648961 ], [ 126.973941085134868, 37.295314248907708 ], [ 126.97395504973457, 37.295372121927826 ], [ 126.97399130072742, 37.295368276797511 ] ] ] ] } },
{ "type": "Feature", "properties": { "id": null }, "geometry": { "type": "MultiPolygon", "coordinates": [ [ [ [ 126.97395504973457, 37.295372121927826 ], [ 126.973941085134868, 37.295314248907708 ], [ 126.973901258589805, 37.295317857104621 ], [ 126.973915368165223, 37.295376330938211 ], [ 126.97395504973457, 37.295372121927826 ] ] ] ] } },
{ "type": "Feature", "properties": { "id": null }, "geometry": { "type": "MultiPolygon", "coordinates": [ [ [ [ 126.973915368165223, 37.295376330938211 ], [ 126.973901258589805, 37.295317857104621 ], [ 126.973866881519399, 37.295320971591174 ], [ 126.973881116233571, 37.295379964028797 ], [ 126.973915368165223, 37.295376330938211 ] ] ] ] } },
{ "type": "Feature", "properties": { "id": null }, "geometry": { "type": "MultiPolygon", "coordinates": [ [ [ [ 126.973881116233571, 37.295379964028797 ], [ 126.973866881519399, 37.295320971591174 ], [ 126.973823225876146, 37.295324926695919 ], [ 126.973837619504209, 37.295384577711886 ], [ 126.973881116233571, 37.295379964028797 ] ] ] ] } },
{ "type": "Feature", "properties": { "id": null }, "geometry": { "type": "MultiPolygon", "coordinates": [ [ [ [ 126.973837619504209, 37.295384577711886 ], [ 126.973823225876146, 37.295324926695919 ], [ 126.973778230360722, 37.295329003190112 ], [ 126.973792787781306, 37.295389332997281 ], [ 126.973837619504209, 37.295384577711886 ] ] ] ] } },
{ "type": "Feature", "properties": { "id": null }, "geometry": { "type": "MultiPolygon", "coordinates": [ [ [ [ 126.97372613267774, 37.295380500573394 ], [ 126.973761700933125, 37.295377132080269 ], [ 126.973754927496458, 37.295343215418065 ], [ 126.973721232068911, 37.295346268147959 ], [ 126.97372613267774, 37.295380500573394 ] ] ] ] } },
{ "type": "Feature", "properties": { "id": null }, "geometry": { "type": "MultiPolygon", "coordinates": [ [ [ [ 126.973754927496458, 37.295343215418065 ], [ 126.973761700933125, 37.295377132080269 ], [ 126.973764731864705, 37.295392308878689 ], [ 126.973792787781306, 37.295389332997281 ], [ 126.973778230360722, 37.295329003190112 ], [ 126.973753217329786, 37.295331269315405 ], [ 126.973754927496458, 37.295343215418065 ] ] ] ] } },
{ "type": "Feature", "properties": { "id": null }, "geometry": { "type": "MultiPolygon", "coordinates": [ [ [ [ 126.973754927496458, 37.295343215418065 ], [ 126.973761700933125, 37.295377132080269 ], [ 126.973764731864705, 37.295392308878689 ], [ 126.973792787781306, 37.295389332997281 ], [ 126.973778230360722, 37.295329003190112 ], [ 126.973753217329786, 37.295331269315405 ], [ 126.973754927496458, 37.295343215418065 ] ] ] ] } },
{ "type": "Feature", "properties": { "id": null }, "geometry": { "type": "MultiPolygon", "coordinates": [ [ [ [ 126.973761700933125, 37.295377132080269 ], [ 126.97372613267774, 37.295380500573394 ], [ 126.973727144091669, 37.295387565644937 ], [ 126.973692414821286, 37.295390712036806 ], [ 126.973757587851139, 37.295393066641743 ], [ 126.973764731864705, 37.295392308878689 ], [ 126.973761700933125, 37.295377132080269 ] ] ] ] } },
{ "type": "Feature", "properties": { "id": null }, "geometry": { "type": "MultiPolygon", "coordinates": [ [ [ [ 126.973761700933125, 37.295377132080269 ], [ 126.97372613267774, 37.295380500573394 ], [ 126.973727144091669, 37.295387565644937 ], [ 126.973692414821286, 37.295390712036806 ], [ 126.973757587851139, 37.295393066641743 ], [ 126.973764731864705, 37.295392308878689 ], [ 126.973761700933125, 37.295377132080269 ] ] ] ] } },
{ "type": "Feature", "properties": { "id": null }, "geometry": { "type": "MultiPolygon", "coordinates": [ [ [ [ 126.974069825129789, 37.295280151227537 ], [ 126.974088808186551, 37.295278064873571 ], [ 126.974109777539397, 37.295275894393519 ], [ 126.974100458718667, 37.29522152987839 ], [ 126.974097915233955, 37.295221805797013 ], [ 126.974059814656471, 37.295229051664151 ], [ 126.974069825129789, 37.295280151227537 ] ] ] ] } },
{ "type": "Feature", "properties": { "id": null }, "geometry": { "type": "MultiPolygon", "coordinates": [ [ [ [ 126.974069825129789, 37.295280151227537 ], [ 126.974088808186551, 37.295278064873571 ], [ 126.974109777539397, 37.295275894393519 ], [ 126.974100458718667, 37.29522152987839 ], [ 126.974097915233955, 37.295221805797013 ], [ 126.974059814656471, 37.295229051664151 ], [ 126.974069825129789, 37.295280151227537 ] ] ] ] } },
{ "type": "Feature", "properties": { "id": null }, "geometry": { "type": "MultiPolygon", "coordinates": [ [ [ [ 126.974102427933332, 37.295356489573088 ], [ 126.974092706560853, 37.295300512341797 ], [ 126.974020711315532, 37.295307034951819 ], [ 126.974034386062257, 37.295363706750898 ], [ 126.974102427933332, 37.295356489573088 ] ] ] ] } },
{ "type": "Feature", "properties": { "id": null }, "geometry": { "type": "MultiPolygon", "coordinates": [ [ [ [ 126.974102427933332, 37.295356489573088 ], [ 126.974092706560853, 37.295300512341797 ], [ 126.974020711315532, 37.295307034951819 ], [ 126.974034386062257, 37.295363706750898 ], [ 126.974102427933332, 37.295356489573088 ] ] ] ] } },
{ "type": "Feature", "properties": { "id": null }, "geometry": { "type": "MultiPolygon", "coordinates": [ [ [ [ 126.974088808186551, 37.295278064873571 ], [ 126.974069825129789, 37.295280151227537 ], [ 126.974069839942658, 37.295280226841435 ], [ 126.974088808186551, 37.295278064873571 ] ] ] ] } },
{ "type": "Feature", "properties": { "id": null }, "geometry": { "type": "MultiPolygon", "coordinates": [ [ [ [ 126.974088808186551, 37.295278064873571 ], [ 126.974069825129789, 37.295280151227537 ], [ 126.974069839942658, 37.295280226841435 ], [ 126.974088808186551, 37.295278064873571 ] ] ] ] } },
{ "type": "Feature", "properties": { "id": null }, "geometry": { "type": "MultiPolygon", "coordinates": [ [ [ [ 126.973700367367186, 37.295298160280211 ], [ 126.97370406404228, 37.295320043220499 ], [ 126.973774199455335, 37.295312298050426 ], [ 126.97376901711398, 37.295290821055048 ], [ 126.973700367367186, 37.295298160280211 ] ] ] ] } },
{ "type": "Feature", "properties": { "id": null }, "geometry": { "type": "MultiPolygon", "coordinates": [ [ [ [ 126.973700367367186, 37.295298160280211 ], [ 126.97370406404228, 37.295320043220499 ], [ 126.973774199455335, 37.295312298050426 ], [ 126.97376901711398, 37.295290821055048 ], [ 126.973700367367186, 37.295298160280211 ] ] ] ] } },
{ "type": "Feature", "properties": { "id": null }, "geometry": { "type": "MultiPolygon", "coordinates": [ [ [ [ 126.973700367367186, 37.295298160280211 ], [ 126.97376901711398, 37.295290821055048 ], [ 126.973764656269793, 37.295272748561551 ], [ 126.973697522413815, 37.29528255473776 ], [ 126.973700367367186, 37.295298160280211 ] ] ] ] } },
{ "type": "Feature", "properties": { "id": null }, "geometry": { "type": "MultiPolygon", "coordinates": [ [ [ [ 126.973700367367186, 37.295298160280211 ], [ 126.97376901711398, 37.295290821055048 ], [ 126.973764656269793, 37.295272748561551 ], [ 126.973697522413815, 37.29528255473776 ], [ 126.973700367367186, 37.295298160280211 ] ] ] ] } },
{ "type": "Feature", "properties": { "id": null }, "geometry": { "type": "MultiPolygon", "coordinates": [ [ [ [ 126.973526696121937, 37.295339100690306 ], [ 126.973680711978218, 37.295322439612718 ], [ 126.97370406404228, 37.295320043220499 ], [ 126.973697522413815, 37.29528255473776 ], [ 126.973521427223062, 37.295308276788809 ], [ 126.973526696121937, 37.295339100690306 ] ] ] ] } },
{ "type": "Feature", "properties": { "id": null }, "geometry": { "type": "MultiPolygon", "coordinates": [ [ [ [ 126.973526696121937, 37.295339100690306 ], [ 126.973521427223062, 37.295308276788809 ], [ 126.973493051078748, 37.295312421664256 ], [ 126.973526696121937, 37.295339100690306 ] ] ] ] } },
{ "type": "Feature", "properties": { "id": null }, "geometry": { "type": "MultiPolygon", "coordinates": [ [ [ [ 126.973526696121937, 37.295339100690306 ], [ 126.973680711978218, 37.295322439612718 ], [ 126.97370406404228, 37.295320043220499 ], [ 126.973697522413815, 37.29528255473776 ], [ 126.973521427223062, 37.295308276788809 ], [ 126.973526696121937, 37.295339100690306 ] ] ] ] } },
{ "type": "Feature", "properties": { "id": null }, "geometry": { "type": "MultiPolygon", "coordinates": [ [ [ [ 126.973526696121937, 37.295339100690306 ], [ 126.973521427223062, 37.295308276788809 ], [ 126.973493051078748, 37.295312421664256 ], [ 126.973526696121937, 37.295339100690306 ] ] ] ] } },
{ "type": "Feature", "properties": { "id": null }, "geometry": { "type": "MultiPolygon", "coordinates": [ [ [ [ 126.973555207304088, 37.295336164786555 ], [ 126.973560210310012, 37.295363997078866 ], [ 126.9735694377096, 37.295370851755614 ], [ 126.973572863076171, 37.295373471906274 ], [ 126.973590543379004, 37.295371505059627 ], [ 126.97358381337618, 37.295333219111626 ], [ 126.973555207304088, 37.295336164786555 ] ] ] ] } },
{ "type": "Feature", "properties": { "id": null }, "geometry": { "type": "MultiPolygon", "coordinates": [ [ [ [ 126.973555207304088, 37.295336164786555 ], [ 126.973560210310012, 37.295363997078866 ], [ 126.9735694377096, 37.295370851755614 ], [ 126.973572863076171, 37.295373471906274 ], [ 126.973590543379004, 37.295371505059627 ], [ 126.97358381337618, 37.295333219111626 ], [ 126.973555207304088, 37.295336164786555 ] ] ] ] } },
{ "type": "Feature", "properties": { "id": null }, "geometry": { "type": "MultiPolygon", "coordinates": [ [ [ [ 126.973572913666104, 37.29537351060381 ], [ 126.973590543379004, 37.295371505059627 ], [ 126.973572863076171, 37.295373471906274 ], [ 126.973572913666104, 37.29537351060381 ] ] ] ] } },
{ "type": "Feature", "properties": { "id": null }, "geometry": { "type": "MultiPolygon", "coordinates": [ [ [ [ 126.973572913666104, 37.29537351060381 ], [ 126.973590543379004, 37.295371505059627 ], [ 126.973572863076171, 37.295373471906274 ], [ 126.973572913666104, 37.29537351060381 ] ] ] ] } },
{ "type": "Feature", "properties": { "id": null }, "geometry": { "type": "MultiPolygon", "coordinates": [ [ [ [ 126.973560210310012, 37.295363997078866 ], [ 126.973555207304088, 37.295336164786555 ], [ 126.973526696121937, 37.295339100690306 ], [ 126.973560210310012, 37.295363997078866 ] ] ] ] } },
{ "type": "Feature", "properties": { "id": null }, "geometry": { "type": "MultiPolygon", "coordinates": [ [ [ [ 126.973560210310012, 37.295363997078866 ], [ 126.973555207304088, 37.295336164786555 ], [ 126.973526696121937, 37.295339100690306 ], [ 126.973560210310012, 37.295363997078866 ] ] ] ] } },
{ "type": "Feature", "properties": { "id": null }, "geometry": { "type": "MultiPolygon", "coordinates": [ [ [ [ 126.974671701930546, 37.295452889446395 ], [ 126.974645087514133, 37.295482156545276 ], [ 126.974680106491604, 37.295498240585168 ], [ 126.974701810345266, 37.295468335209385 ], [ 126.974671701930546, 37.295452889446395 ] ] ] ] } },
{ "type": "Feature", "properties": { "id": null }, "geometry": { "type": "MultiPolygon", "coordinates": [ [ [ [ 126.974671701930546, 37.295452889446395 ], [ 126.974645087514133, 37.295482156545276 ], [ 126.974680106491604, 37.295498240585168 ], [ 126.974701810345266, 37.295468335209385 ], [ 126.974671701930546, 37.295452889446395 ] ] ] ] } },
{ "type": "Feature", "properties": { "id": null }, "geometry": { "type": "MultiPolygon", "coordinates": [ [ [ [ 126.974255561141135, 37.295238494595623 ], [ 126.974255559078273, 37.295238493533155 ], [ 126.974220312404057, 37.295287059477708 ], [ 126.974260887511576, 37.295305695420133 ], [ 126.974297851538594, 37.295260275965433 ], [ 126.97427830230599, 37.295250207430598 ], [ 126.974255561141135, 37.295238494595623 ] ] ] ] } },
{ "type": "Feature", "properties": { "id": null }, "geometry": { "type": "MultiPolygon", "coordinates": [ [ [ [ 126.974255559078273, 37.295238493533155 ], [ 126.974255561141135, 37.295238494595623 ], [ 126.974255559078287, 37.295238493533148 ], [ 126.974255559078273, 37.295238493533155 ] ] ] ] } },
{ "type": "Feature", "properties": { "id": null }, "geometry": { "type": "MultiPolygon", "coordinates": [ [ [ [ 126.974366541286656, 37.295295666135246 ], [ 126.974331852851662, 37.295338289443229 ], [ 126.974367831342533, 37.295354814182787 ], [ 126.974401366082006, 37.295313608484079 ], [ 126.974366541286656, 37.295295666135246 ] ] ] ] } },
{ "type": "Feature", "properties": { "id": null }, "geometry": { "type": "MultiPolygon", "coordinates": [ [ [ [ 126.974401366082006, 37.295313608484079 ], [ 126.974367831342533, 37.295354814182787 ], [ 126.974402863275387, 37.295370904173019 ], [ 126.974435274671137, 37.295331078787314 ], [ 126.974401366082006, 37.295313608484079 ] ] ] ] } },
{ "type": "Feature", "properties": { "id": null }, "geometry": { "type": "MultiPolygon", "coordinates": [ [ [ [ 126.974435274671137, 37.295331078787314 ], [ 126.974402863275387, 37.295370904173019 ], [ 126.97443887699005, 37.295387445090682 ], [ 126.974470133559791, 37.295349038701616 ], [ 126.974435274671137, 37.295331078787314 ] ] ] ] } },
{ "type": "Feature", "properties": { "id": null }, "geometry": { "type": "MultiPolygon", "coordinates": [ [ [ [ 126.974470133559791, 37.295349038701616 ], [ 126.97443887699005, 37.295387445090682 ], [ 126.974482574062975, 37.295407514936088 ], [ 126.974514815688522, 37.295372059722489 ], [ 126.974470133559791, 37.295349038701616 ] ] ] ] } },
{ "type": "Feature", "properties": { "id": null }, "geometry": { "type": "MultiPolygon", "coordinates": [ [ [ [ 126.974514815688522, 37.295372059722489 ], [ 126.974482574062975, 37.295407514936088 ], [ 126.974519387204182, 37.295424423026333 ], [ 126.97455035401714, 37.29539036969625 ], [ 126.974514815688522, 37.295372059722489 ] ] ] ] } },
{ "type": "Feature", "properties": { "id": null }, "geometry": { "type": "MultiPolygon", "coordinates": [ [ [ [ 126.97455035401714, 37.29539036969625 ], [ 126.974519387204182, 37.295424423026333 ], [ 126.974552872038529, 37.295439802442019 ], [ 126.974582679295565, 37.295407024249876 ], [ 126.97455035401714, 37.29539036969625 ] ] ] ] } },
{ "type": "Feature", "properties": { "id": null }, "geometry": { "type": "MultiPolygon", "coordinates": [ [ [ [ 126.974582679295565, 37.295407024249876 ], [ 126.974552872038529, 37.295439802442019 ], [ 126.974586934434882, 37.295455447129015 ], [ 126.974615562135, 37.295423966068768 ], [ 126.974582679295565, 37.295407024249876 ] ] ] ] } },
{ "type": "Feature", "properties": { "id": null }, "geometry": { "type": "MultiPolygon", "coordinates": [ [ [ [ 126.974615562135, 37.295423966068768 ], [ 126.974586934434882, 37.295455447129015 ], [ 126.974634605609168, 37.295477342259147 ], [ 126.974671324447982, 37.295452695796008 ], [ 126.974615562135, 37.295423966068768 ] ] ] ] } },
{ "type": "Feature", "properties": { "id": null }, "geometry": { "type": "MultiPolygon", "coordinates": [ [ [ [ 126.974255561141135, 37.295238494595623 ], [ 126.974255559078273, 37.295238493533155 ], [ 126.974220312404057, 37.295287059477708 ], [ 126.974260887511576, 37.295305695420133 ], [ 126.974297851538594, 37.295260275965433 ], [ 126.97427830230599, 37.295250207430598 ], [ 126.974255561141135, 37.295238494595623 ] ] ] ] } },
{ "type": "Feature", "properties": { "id": null }, "geometry": { "type": "MultiPolygon", "coordinates": [ [ [ [ 126.974255559078273, 37.295238493533155 ], [ 126.974255561141135, 37.295238494595623 ], [ 126.974255559078287, 37.295238493533148 ], [ 126.974255559078273, 37.295238493533155 ] ] ] ] } },
{ "type": "Feature", "properties": { "id": null }, "geometry": { "type": "MultiPolygon", "coordinates": [ [ [ [ 126.974366541286656, 37.295295666135246 ], [ 126.974331852851662, 37.295338289443229 ], [ 126.974367831342533, 37.295354814182787 ], [ 126.974401366082006, 37.295313608484079 ], [ 126.974366541286656, 37.295295666135246 ] ] ] ] } },
{ "type": "Feature", "properties": { "id": null }, "geometry": { "type": "MultiPolygon", "coordinates": [ [ [ [ 126.974401366082006, 37.295313608484079 ], [ 126.974367831342533, 37.295354814182787 ], [ 126.974402863275387, 37.295370904173019 ], [ 126.974435274671137, 37.295331078787314 ], [ 126.974401366082006, 37.295313608484079 ] ] ] ] } },
{ "type": "Feature", "properties": { "id": null }, "geometry": { "type": "MultiPolygon", "coordinates": [ [ [ [ 126.974435274671137, 37.295331078787314 ], [ 126.974402863275387, 37.295370904173019 ], [ 126.97443887699005, 37.295387445090682 ], [ 126.974470133559791, 37.295349038701616 ], [ 126.974435274671137, 37.295331078787314 ] ] ] ] } },
{ "type": "Feature", "properties": { "id": null }, "geometry": { "type": "MultiPolygon", "coordinates": [ [ [ [ 126.974470133559791, 37.295349038701616 ], [ 126.97443887699005, 37.295387445090682 ], [ 126.974482574062975, 37.295407514936088 ], [ 126.974514815688522, 37.295372059722489 ], [ 126.974470133559791, 37.295349038701616 ] ] ] ] } },
{ "type": "Feature", "properties": { "id": null }, "geometry": { "type": "MultiPolygon", "coordinates": [ [ [ [ 126.974514815688522, 37.295372059722489 ], [ 126.974482574062975, 37.295407514936088 ], [ 126.974519387204182, 37.295424423026333 ], [ 126.97455035401714, 37.29539036969625 ], [ 126.974514815688522, 37.295372059722489 ] ] ] ] } },
{ "type": "Feature", "properties": { "id": null }, "geometry": { "type": "MultiPolygon", "coordinates": [ [ [ [ 126.97455035401714, 37.29539036969625 ], [ 126.974519387204182, 37.295424423026333 ], [ 126.974552872038529, 37.295439802442019 ], [ 126.974582679295565, 37.295407024249876 ], [ 126.97455035401714, 37.29539036969625 ] ] ] ] } },
{ "type": "Feature", "properties": { "id": null }, "geometry": { "type": "MultiPolygon", "coordinates": [ [ [ [ 126.974582679295565, 37.295407024249876 ], [ 126.974552872038529, 37.295439802442019 ], [ 126.974586934434882, 37.295455447129015 ], [ 126.974615562135, 37.295423966068768 ], [ 126.974582679295565, 37.295407024249876 ] ] ] ] } },
{ "type": "Feature", "properties": { "id": null }, "geometry": { "type": "MultiPolygon", "coordinates": [ [ [ [ 126.974645087514133, 37.295482156545276 ], [ 126.974671701930546, 37.295452889446395 ], [ 126.974671324447982, 37.295452695796008 ], [ 126.974634605609168, 37.295477342259147 ], [ 126.974645087514133, 37.295482156545276 ] ] ] ] } },
{ "type": "Feature", "properties": { "id": null }, "geometry": { "type": "MultiPolygon", "coordinates": [ [ [ [ 126.974671701930546, 37.295452889446395 ], [ 126.974671324447982, 37.295452695796008 ], [ 126.974615562135, 37.295423966068768 ], [ 126.974586934434882, 37.295455447129015 ], [ 126.974634605609168, 37.295477342259147 ], [ 126.974645087514133, 37.295482156545276 ], [ 126.974671701930546, 37.295452889446395 ] ] ] ] } },
{ "type": "Feature", "properties": { "id": null }, "geometry": { "type": "MultiPolygon", "coordinates": [ [ [ [ 126.974633633552642, 37.295499639782399 ], [ 126.974667522840619, 37.295515204937843 ], [ 126.974667522840619, 37.295515204937836 ], [ 126.974633633552642, 37.295499639782399 ] ] ] ] } },
{ "type": "Feature", "properties": { "id": null }, "geometry": { "type": "MultiPolygon", "coordinates": [ [ [ [ 126.974557532739638, 37.295604497717427 ], [ 126.974633633552642, 37.295499639782399 ], [ 126.974582532640511, 37.295476169395016 ], [ 126.974509914793288, 37.295576228250241 ], [ 126.974557532739638, 37.295604497717427 ] ] ] ] } },
{ "type": "Feature", "properties": { "id": null }, "geometry": { "type": "MultiPolygon", "coordinates": [ [ [ [ 126.974509914793288, 37.295576228250241 ], [ 126.974582532640511, 37.295476169395016 ], [ 126.974466615061871, 37.295422929044463 ], [ 126.974401897982759, 37.295512101635907 ], [ 126.974509914793288, 37.295576228250241 ] ] ] ] } },
{ "type": "Feature", "properties": { "id": null }, "geometry": { "type": "MultiPolygon", "coordinates": [ [ [ [ 126.974401897982759, 37.295512101635907 ], [ 126.974466615061871, 37.295422929044463 ], [ 126.974431157449359, 37.295406643544524 ], [ 126.974368857105404, 37.295492486174304 ], [ 126.974401897982759, 37.295512101635907 ] ] ] ] } },
{ "type": "Feature", "properties": { "id": null }, "geometry": { "type": "MultiPolygon", "coordinates": [ [ [ [ 126.974368857105404, 37.295492486174304 ], [ 126.974431157449359, 37.295406643544524 ], [ 126.974397119434002, 37.295391010058296 ], [ 126.974337139067828, 37.295473656046354 ], [ 126.974368857105404, 37.295492486174304 ] ] ] ] } },
{ "type": "Feature", "properties": { "id": null }, "geometry": { "type": "MultiPolygon", "coordinates": [ [ [ [ 126.974667522840619, 37.295515204937843 ], [ 126.974633633552642, 37.295499639782399 ], [ 126.974557532739638, 37.295604497717427 ], [ 126.974586920287166, 37.29562194429743 ], [ 126.974655586083799, 37.295531012399557 ], [ 126.974667522840619, 37.295515204937843 ] ] ] ] } },
{ "type": "Feature", "properties": { "id": null }, "geometry": { "type": "MultiPolygon", "coordinates": [ [ [ [ 126.974633633552642, 37.295499639782399 ], [ 126.974667522840619, 37.295515204937843 ], [ 126.974667522840619, 37.295515204937836 ], [ 126.974633633552642, 37.295499639782399 ] ] ] ] } },
{ "type": "Feature", "properties": { "id": null }, "geometry": { "type": "MultiPolygon", "coordinates": [ [ [ [ 126.974557532739638, 37.295604497717427 ], [ 126.974633633552642, 37.295499639782399 ], [ 126.974582532640511, 37.295476169395016 ], [ 126.974509914793288, 37.295576228250241 ], [ 126.974557532739638, 37.295604497717427 ] ] ] ] } },
{ "type": "Feature", "properties": { "id": null }, "geometry": { "type": "MultiPolygon", "coordinates": [ [ [ [ 126.974509914793288, 37.295576228250241 ], [ 126.974582532640511, 37.295476169395016 ], [ 126.974466615061871, 37.295422929044463 ], [ 126.974401897982759, 37.295512101635907 ], [ 126.974509914793288, 37.295576228250241 ] ] ] ] } },
{ "type": "Feature", "properties": { "id": null }, "geometry": { "type": "MultiPolygon", "coordinates": [ [ [ [ 126.974401897982759, 37.295512101635907 ], [ 126.974466615061871, 37.295422929044463 ], [ 126.974431157449359, 37.295406643544524 ], [ 126.974368857105404, 37.295492486174304 ], [ 126.974401897982759, 37.295512101635907 ] ] ] ] } },
{ "type": "Feature", "properties": { "id": null }, "geometry": { "type": "MultiPolygon", "coordinates": [ [ [ [ 126.974368857105404, 37.295492486174304 ], [ 126.974431157449359, 37.295406643544524 ], [ 126.974397119434002, 37.295391010058296 ], [ 126.974337139067828, 37.295473656046354 ], [ 126.974368857105404, 37.295492486174304 ] ] ] ] } },
{ "type": "Feature", "properties": { "id": null }, "geometry": { "type": "MultiPolygon", "coordinates": [ [ [ [ 126.974667522840619, 37.295515204937843 ], [ 126.974633633552642, 37.295499639782399 ], [ 126.974557532739638, 37.295604497717427 ], [ 126.974586920287166, 37.29562194429743 ], [ 126.974655586083799, 37.295531012399557 ], [ 126.974667522840619, 37.295515204937843 ] ] ] ] } },
{ "type": "Feature", "properties": { "id": null }, "geometry": { "type": "MultiPolygon", "coordinates": [ [ [ [ 126.975320885628747, 37.294663527346209 ], [ 126.975376845760934, 37.294601708594897 ], [ 126.975249393194972, 37.294529766682409 ], [ 126.975195543998609, 37.294589253556076 ], [ 126.975320885628747, 37.294663527346209 ] ] ] ] } },
{ "type": "Feature", "properties": { "id": null }, "geometry": { "type": "MultiPolygon", "coordinates": [ [ [ [ 126.975195543998609, 37.294589253556076 ], [ 126.975249393194972, 37.294529766682409 ], [ 126.975150687642781, 37.294474051317678 ], [ 126.975098473256935, 37.29453173226895 ], [ 126.975195543998609, 37.294589253556076 ] ] ] ] } },
{ "type": "Feature", "properties": { "id": null }, "geometry": { "type": "MultiPolygon", "coordinates": [ [ [ [ 126.975098473256935, 37.29453173226895 ], [ 126.975150687642781, 37.294474051317678 ], [ 126.975124021194347, 37.29445899916643 ], [ 126.975072248471662, 37.294516192226936 ], [ 126.975098473256935, 37.29453173226895 ] ] ] ] } },
{ "type": "Feature", "properties": { "id": null }, "geometry": { "type": "MultiPolygon", "coordinates": [ [ [ [ 126.975072248471662, 37.294516192226936 ], [ 126.975124021194347, 37.29445899916643 ], [ 126.97508856583363, 37.294438986023195 ], [ 126.975037380339913, 37.294495530390186 ], [ 126.975072248471662, 37.294516192226936 ] ] ] ] } },
{ "type": "Feature", "properties": { "id": null }, "geometry": { "type": "MultiPolygon", "coordinates": [ [ [ [ 126.975037380339913, 37.294495530390186 ], [ 126.97508856583363, 37.294438986023195 ], [ 126.974998034849932, 37.294387884877779 ], [ 126.974948348774191, 37.29444277288399 ], [ 126.975037380339913, 37.294495530390186 ] ] ] ] } },
{ "type": "Feature", "properties": { "id": null }, "geometry": { "type": "MultiPolygon", "coordinates": [ [ [ [ 126.974948348774191, 37.29444277288399 ], [ 126.974998034849932, 37.294387884877779 ], [ 126.97496126649385, 37.294367130600797 ], [ 126.974960885809338, 37.294367154155573 ], [ 126.974911955495841, 37.294421207289894 ], [ 126.974948348774191, 37.29444277288399 ] ] ] ] } },
{ "type": "Feature", "properties": { "id": null }, "geometry": { "type": "MultiPolygon", "coordinates": [ [ [ [ 126.975421862051732, 37.294627498022159 ], [ 126.975376845760934, 37.294601708594897 ], [ 126.975320885628747, 37.294663527346209 ], [ 126.975443783712478, 37.294736353162108 ], [ 126.975437472448277, 37.294614307340133 ], [ 126.975421862051732, 37.294627498022159 ] ] ] ] } },
{ "type": "Feature", "properties": { "id": null }, "geometry": { "type": "MultiPolygon", "coordinates": [ [ [ [ 126.975320885628747, 37.294663527346209 ], [ 126.975376845760934, 37.294601708594897 ], [ 126.975249393194972, 37.294529766682409 ], [ 126.975195543998609, 37.294589253556076 ], [ 126.975320885628747, 37.294663527346209 ] ] ] ] } },
{ "type": "Feature", "properties": { "id": null }, "geometry": { "type": "MultiPolygon", "coordinates": [ [ [ [ 126.975195543998609, 37.294589253556076 ], [ 126.975249393194972, 37.294529766682409 ], [ 126.975150687642781, 37.294474051317678 ], [ 126.975098473256935, 37.29453173226895 ], [ 126.975195543998609, 37.294589253556076 ] ] ] ] } },
{ "type": "Feature", "properties": { "id": null }, "geometry": { "type": "MultiPolygon", "coordinates": [ [ [ [ 126.975098473256935, 37.29453173226895 ], [ 126.975150687642781, 37.294474051317678 ], [ 126.975124021194347, 37.29445899916643 ], [ 126.975072248471662, 37.294516192226936 ], [ 126.975098473256935, 37.29453173226895 ] ] ] ] } },
{ "type": "Feature", "properties": { "id": null }, "geometry": { "type": "MultiPolygon", "coordinates": [ [ [ [ 126.975072248471662, 37.294516192226936 ], [ 126.975124021194347, 37.29445899916643 ], [ 126.97508856583363, 37.294438986023195 ], [ 126.975037380339913, 37.294495530390186 ], [ 126.975072248471662, 37.294516192226936 ] ] ] ] } },
{ "type": "Feature", "properties": { "id": null }, "geometry": { "type": "MultiPolygon", "coordinates": [ [ [ [ 126.975037380339913, 37.294495530390186 ], [ 126.97508856583363, 37.294438986023195 ], [ 126.974998034849932, 37.294387884877779 ], [ 126.974948348774191, 37.29444277288399 ], [ 126.975037380339913, 37.294495530390186 ] ] ] ] } },
{ "type": "Feature", "properties": { "id": null }, "geometry": { "type": "MultiPolygon", "coordinates": [ [ [ [ 126.974948348774191, 37.29444277288399 ], [ 126.974998034849932, 37.294387884877779 ], [ 126.97496126649385, 37.294367130600797 ], [ 126.974960885809338, 37.294367154155573 ], [ 126.974911955495841, 37.294421207289894 ], [ 126.974948348774191, 37.29444277288399 ] ] ] ] } },
{ "type": "Feature", "properties": { "id": null }, "geometry": { "type": "MultiPolygon", "coordinates": [ [ [ [ 126.975421862051732, 37.294627498022159 ], [ 126.975376845760934, 37.294601708594897 ], [ 126.975320885628747, 37.294663527346209 ], [ 126.975443783712478, 37.294736353162108 ], [ 126.975437472448277, 37.294614307340133 ], [ 126.975421862051732, 37.294627498022159 ] ] ] ] } },
{ "type": "Feature", "properties": { "id": null }, "geometry": { "type": "MultiPolygon", "coordinates": [ [ [ [ 126.975188673409562, 37.294474222715323 ], [ 126.975228779426914, 37.294421352620908 ], [ 126.975132474951025, 37.294375064769589 ], [ 126.975099393561095, 37.294423998803573 ], [ 126.975188673409562, 37.294474222715323 ] ] ] ] } },
{ "type": "Feature", "properties": { "id": null }, "geometry": { "type": "MultiPolygon", "coordinates": [ [ [ [ 126.975099393561095, 37.294423998803573 ], [ 126.975132474951025, 37.294375064769589 ], [ 126.975101309149196, 37.294360085216589 ], [ 126.975069477971545, 37.294407169945146 ], [ 126.975099393561095, 37.294423998803573 ] ] ] ] } },
{ "type": "Feature", "properties": { "id": null }, "geometry": { "type": "MultiPolygon", "coordinates": [ [ [ [ 126.975069477971545, 37.294407169945146 ], [ 126.975101309149196, 37.294360085216589 ], [ 126.975045268284333, 37.29433314969571 ], [ 126.975015685177823, 37.294376909090417 ], [ 126.975069477971545, 37.294407169945146 ] ] ] ] } },
{ "type": "Feature", "properties": { "id": null }, "geometry": { "type": "MultiPolygon", "coordinates": [ [ [ [ 126.975268919502668, 37.294440623132751 ], [ 126.975228779426914, 37.294421352620908 ], [ 126.975188673409562, 37.294474222715323 ], [ 126.97543746584239, 37.294614179597033 ], [ 126.975437547112207, 37.294614244249601 ], [ 126.97543400109933, 37.294557358809527 ], [ 126.975391202166875, 37.294522338125503 ], [ 126.975365522807394, 37.294560277199139 ], [ 126.975238348836641, 37.294471752664258 ], [ 126.975268919502668, 37.294440623132751 ] ] ] ] } },
{ "type": "Feature", "properties": { "id": null }, "geometry": { "type": "MultiPolygon", "coordinates": [ [ [ [ 126.975188673409562, 37.294474222715323 ], [ 126.975228779426914, 37.294421352620908 ], [ 126.975132474951025, 37.294375064769589 ], [ 126.975099393561095, 37.294423998803573 ], [ 126.975188673409562, 37.294474222715323 ] ] ] ] } },
{ "type": "Feature", "properties": { "id": null }, "geometry": { "type": "MultiPolygon", "coordinates": [ [ [ [ 126.975099393561095, 37.294423998803573 ], [ 126.975132474951025, 37.294375064769589 ], [ 126.975101309149196, 37.294360085216589 ], [ 126.975069477971545, 37.294407169945146 ], [ 126.975099393561095, 37.294423998803573 ] ] ] ] } },
{ "type": "Feature", "properties": { "id": null }, "geometry": { "type": "MultiPolygon", "coordinates": [ [ [ [ 126.975069477971545, 37.294407169945146 ], [ 126.975101309149196, 37.294360085216589 ], [ 126.975045268284333, 37.29433314969571 ], [ 126.975015685177823, 37.294376909090417 ], [ 126.975069477971545, 37.294407169945146 ] ] ] ] } },
{ "type": "Feature", "properties": { "id": null }, "geometry": { "type": "MultiPolygon", "coordinates": [ [ [ [ 126.975268919502668, 37.294440623132751 ], [ 126.975228779426914, 37.294421352620908 ], [ 126.975188673409562, 37.294474222715323 ], [ 126.97543746584239, 37.294614179597033 ], [ 126.975437547112207, 37.294614244249601 ], [ 126.97543400109933, 37.294557358809527 ], [ 126.975391202166875, 37.294522338125503 ], [ 126.975365522807394, 37.294560277199139 ], [ 126.975238348836641, 37.294471752664258 ], [ 126.975268919502668, 37.294440623132751 ] ] ] ] } },
{ "type": "Feature", "properties": { "id": null }, "geometry": { "type": "MultiPolygon", "coordinates": [ [ [ [ 126.974881841410422, 37.29434425243236 ], [ 126.974869875766217, 37.294272754311805 ], [ 126.974793090533609, 37.29428111570369 ], [ 126.974805167719268, 37.294353280311611 ], [ 126.974881841410422, 37.29434425243236 ] ] ] ] } },
{ "type": "Feature", "properties": { "id": null }, "geometry": { "type": "MultiPolygon", "coordinates": [ [ [ [ 126.974751437195835, 37.294285670901338 ], [ 126.974763958452812, 37.294358132462015 ], [ 126.974805167719268, 37.294353280311611 ], [ 126.974793090533609, 37.29428111570369 ], [ 126.974751437195835, 37.294285670901338 ] ] ] ] } },
{ "type": "Feature", "properties": { "id": null }, "geometry": { "type": "MultiPolygon", "coordinates": [ [ [ [ 126.974671780016706, 37.294294325597534 ], [ 126.974685259463399, 37.294367437474754 ], [ 126.974724324147587, 37.294362799169932 ], [ 126.974712129353506, 37.294289931827983 ], [ 126.974671780016706, 37.294294325597534 ] ] ] ] } },
{ "type": "Feature", "properties": { "id": null }, "geometry": { "type": "MultiPolygon", "coordinates": [ [ [ [ 126.974648884096212, 37.294371681795305 ], [ 126.974636579554726, 37.294298158689486 ], [ 126.974597721214138, 37.294302390099652 ], [ 126.974610082204492, 37.294376250491396 ], [ 126.974648884096212, 37.294371681795305 ] ] ] ] } },
{ "type": "Feature", "properties": { "id": null }, "geometry": { "type": "MultiPolygon", "coordinates": [ [ [ [ 126.974869875766217, 37.294272754311805 ], [ 126.974881841410422, 37.29434425243236 ], [ 126.974893662052907, 37.294342860620759 ], [ 126.974900679854329, 37.294342090274419 ], [ 126.974898307127347, 37.294328410479167 ], [ 126.974948466794402, 37.294322904434985 ], [ 126.974953570424191, 37.294352329063194 ], [ 126.974970164817719, 37.29435130184995 ], [ 126.975015685177823, 37.294376909090417 ], [ 126.975045268284333, 37.29433314969571 ], [ 126.974910631296581, 37.294268437678816 ], [ 126.974869875766217, 37.294272754311805 ] ] ] ] } },
{ "type": "Feature", "properties": { "id": null }, "geometry": { "type": "MultiPolygon", "coordinates": [ [ [ [ 126.974894470834826, 37.294419716828081 ], [ 126.974884378796929, 37.294359414037032 ], [ 126.974807703196433, 37.294368430506488 ], [ 126.974817794319918, 37.294428727829974 ], [ 126.974894470834826, 37.294419716828081 ] ] ] ] } },
{ "type": "Feature", "properties": { "id": null }, "geometry": { "type": "MultiPolygon", "coordinates": [ [ [ [ 126.974884378796929, 37.294359414037032 ], [ 126.974894470834826, 37.294419716828081 ], [ 126.974906962816647, 37.294418248773987 ], [ 126.974911955495841, 37.294421207289894 ], [ 126.974960885809338, 37.294367154155573 ], [ 126.974942392446167, 37.294368298428587 ], [ 126.974906245433502, 37.294371673612751 ], [ 126.974900679854329, 37.294342090274419 ], [ 126.974903481354346, 37.294357167721067 ], [ 126.974884378796929, 37.294359414037032 ] ] ] ] } },
{ "type": "Feature", "properties": { "id": null }, "geometry": { "type": "MultiPolygon", "coordinates": [ [ [ [ 126.974736947771774, 37.294438228892965 ], [ 126.974726857611742, 37.294377937334481 ], [ 126.974651415681876, 37.29438680873362 ], [ 126.974661504942659, 37.294447094912456 ], [ 126.974736947771774, 37.294438228892965 ] ] ] ] } },
{ "type": "Feature", "properties": { "id": null }, "geometry": { "type": "MultiPolygon", "coordinates": [ [ [ [ 126.974661504942659, 37.294447094912456 ], [ 126.974651415681876, 37.29438680873362 ], [ 126.974612612824231, 37.294391371655571 ], [ 126.974622701623574, 37.294451655067313 ], [ 126.974661504942659, 37.294447094912456 ] ] ] ] } },
{ "type": "Feature", "properties": { "id": null }, "geometry": { "type": "MultiPolygon", "coordinates": [ [ [ [ 126.974622701623574, 37.294451655067313 ], [ 126.974612612824231, 37.294391371655571 ], [ 126.97457295964243, 37.294396034569203 ], [ 126.974584136583189, 37.294456187900103 ], [ 126.974593510033145, 37.29445508565459 ], [ 126.974622701623574, 37.294451655067313 ] ] ] ] } },
{ "type": "Feature", "properties": { "id": null }, "geometry": { "type": "MultiPolygon", "coordinates": [ [ [ [ 126.974881841410422, 37.29434425243236 ], [ 126.974869875766217, 37.294272754311805 ], [ 126.974793090533609, 37.29428111570369 ], [ 126.974805167719268, 37.294353280311611 ], [ 126.974881841410422, 37.29434425243236 ] ] ] ] } },
{ "type": "Feature", "properties": { "id": null }, "geometry": { "type": "MultiPolygon", "coordinates": [ [ [ [ 126.974751437195835, 37.294285670901338 ], [ 126.974763958452812, 37.294358132462015 ], [ 126.974805167719268, 37.294353280311611 ], [ 126.974793090533609, 37.29428111570369 ], [ 126.974751437195835, 37.294285670901338 ] ] ] ] } },
{ "type": "Feature", "properties": { "id": null }, "geometry": { "type": "MultiPolygon", "coordinates": [ [ [ [ 126.974671780016706, 37.294294325597534 ], [ 126.974685259463399, 37.294367437474754 ], [ 126.974724324147587, 37.294362799169932 ], [ 126.974712129353506, 37.294289931827983 ], [ 126.974671780016706, 37.294294325597534 ] ] ] ] } },
{ "type": "Feature", "properties": { "id": null }, "geometry": { "type": "MultiPolygon", "coordinates": [ [ [ [ 126.974648884096212, 37.294371681795305 ], [ 126.974636579554726, 37.294298158689486 ], [ 126.974597721214138, 37.294302390099652 ], [ 126.974610082204492, 37.294376250491396 ], [ 126.974648884096212, 37.294371681795305 ] ] ] ] } },
{ "type": "Feature", "properties": { "id": null }, "geometry": { "type": "MultiPolygon", "coordinates": [ [ [ [ 126.974869875766217, 37.294272754311805 ], [ 126.974881841410422, 37.29434425243236 ], [ 126.974893662052907, 37.294342860620759 ], [ 126.974900679854329, 37.294342090274419 ], [ 126.974898307127347, 37.294328410479167 ], [ 126.974948466794402, 37.294322904434985 ], [ 126.974953570424191, 37.294352329063194 ], [ 126.974970164817719, 37.29435130184995 ], [ 126.975015685177823, 37.294376909090417 ], [ 126.975045268284333, 37.29433314969571 ], [ 126.974910631296581, 37.294268437678816 ], [ 126.974869875766217, 37.294272754311805 ] ] ] ] } },
{ "type": "Feature", "properties": { "id": null }, "geometry": { "type": "MultiPolygon", "coordinates": [ [ [ [ 126.974894470834826, 37.294419716828081 ], [ 126.974884378796929, 37.294359414037032 ], [ 126.974807703196433, 37.294368430506488 ], [ 126.974817794319918, 37.294428727829974 ], [ 126.974894470834826, 37.294419716828081 ] ] ] ] } },
{ "type": "Feature", "properties": { "id": null }, "geometry": { "type": "MultiPolygon", "coordinates": [ [ [ [ 126.974884378796929, 37.294359414037032 ], [ 126.974894470834826, 37.294419716828081 ], [ 126.974906962816647, 37.294418248773987 ], [ 126.974911955495841, 37.294421207289894 ], [ 126.974960885809338, 37.294367154155573 ], [ 126.974942392446167, 37.294368298428587 ], [ 126.974906245433502, 37.294371673612751 ], [ 126.974900679854329, 37.294342090274419 ], [ 126.974903481354346, 37.294357167721067 ], [ 126.974884378796929, 37.294359414037032 ] ] ] ] } },
{ "type": "Feature", "properties": { "id": null }, "geometry": { "type": "MultiPolygon", "coordinates": [ [ [ [ 126.974736947771774, 37.294438228892965 ], [ 126.974726857611742, 37.294377937334481 ], [ 126.974651415681876, 37.29438680873362 ], [ 126.974661504942659, 37.294447094912456 ], [ 126.974736947771774, 37.294438228892965 ] ] ] ] } },
{ "type": "Feature", "properties": { "id": null }, "geometry": { "type": "MultiPolygon", "coordinates": [ [ [ [ 126.974661504942659, 37.294447094912456 ], [ 126.974651415681876, 37.29438680873362 ], [ 126.974612612824231, 37.294391371655571 ], [ 126.974622701623574, 37.294451655067313 ], [ 126.974661504942659, 37.294447094912456 ] ] ] ] } },
{ "type": "Feature", "properties": { "id": null }, "geometry": { "type": "MultiPolygon", "coordinates": [ [ [ [ 126.974622701623574, 37.294451655067313 ], [ 126.974612612824231, 37.294391371655571 ], [ 126.97457295964243, 37.294396034569203 ], [ 126.974584136583189, 37.294456187900103 ], [ 126.974593510033145, 37.29445508565459 ], [ 126.974622701623574, 37.294451655067313 ] ] ] ] } },
{ "type": "Feature", "properties": { "id": null }, "geometry": { "type": "MultiPolygon", "coordinates": [ [ [ [ 126.974648884096212, 37.294371681795305 ], [ 126.974685259463399, 37.294367437474754 ], [ 126.974671780016706, 37.294294325597534 ], [ 126.974636579554726, 37.294298158689486 ], [ 126.974648884096212, 37.294371681795305 ] ] ] ] } },
{ "type": "Feature", "properties": { "id": null }, "geometry": { "type": "MultiPolygon", "coordinates": [ [ [ [ 126.974648884096212, 37.294371681795305 ], [ 126.974685259463399, 37.294367437474754 ], [ 126.974671780016706, 37.294294325597534 ], [ 126.974636579554726, 37.294298158689486 ], [ 126.974648884096212, 37.294371681795305 ] ] ] ] } },
{ "type": "Feature", "properties": { "id": null }, "geometry": { "type": "MultiPolygon", "coordinates": [ [ [ [ 126.974763958452812, 37.294358132462015 ], [ 126.974751437195835, 37.294285670901338 ], [ 126.974712129353506, 37.294289931827983 ], [ 126.974724324147587, 37.294362799169932 ], [ 126.974763958452812, 37.294358132462015 ] ] ] ] } },
{ "type": "Feature", "properties": { "id": null }, "geometry": { "type": "MultiPolygon", "coordinates": [ [ [ [ 126.974763958452812, 37.294358132462015 ], [ 126.974751437195835, 37.294285670901338 ], [ 126.974712129353506, 37.294289931827983 ], [ 126.974724324147587, 37.294362799169932 ], [ 126.974763958452812, 37.294358132462015 ] ] ] ] } },
{ "type": "Feature", "properties": { "id": null }, "geometry": { "type": "MultiPolygon", "coordinates": [ [ [ [ 126.974558500573949, 37.294306660961787 ], [ 126.974571710250743, 37.294380768564807 ], [ 126.974610082204492, 37.294376250491396 ], [ 126.974597721214138, 37.294302390099652 ], [ 126.974558500573949, 37.294306660961787 ] ] ] ] } },
{ "type": "Feature", "properties": { "id": null }, "geometry": { "type": "MultiPolygon", "coordinates": [ [ [ [ 126.974558500573949, 37.294306660961787 ], [ 126.974571710250743, 37.294380768564807 ], [ 126.974610082204492, 37.294376250491396 ], [ 126.974597721214138, 37.294302390099652 ], [ 126.974558500573949, 37.294306660961787 ] ] ] ] } },
{ "type": "Feature", "properties": { "id": null }, "geometry": { "type": "MultiPolygon", "coordinates": [ [ [ [ 126.974433277161438, 37.294320296943468 ], [ 126.974391073193488, 37.294368538252343 ], [ 126.974396846322819, 37.294400766842358 ], [ 126.974531845339641, 37.294385462425218 ], [ 126.974571710250743, 37.294380768564807 ], [ 126.974558500573949, 37.294306660961787 ], [ 126.974433277161438, 37.294320296943468 ] ] ] ] } },
{ "type": "Feature", "properties": { "id": null }, "geometry": { "type": "MultiPolygon", "coordinates": [ [ [ [ 126.974433277161438, 37.294320296943468 ], [ 126.974391073193488, 37.294368538252343 ], [ 126.974396846322819, 37.294400766842358 ], [ 126.974531845339641, 37.294385462425218 ], [ 126.974571710250743, 37.294380768564807 ], [ 126.974558500573949, 37.294306660961787 ], [ 126.974433277161438, 37.294320296943468 ] ] ] ] } },
{ "type": "Feature", "properties": { "id": null }, "geometry": { "type": "MultiPolygon", "coordinates": [ [ [ [ 126.975725430250776, 37.295135002753206 ], [ 126.97571221029915, 37.295068389022937 ], [ 126.975639674645549, 37.295077499345823 ], [ 126.975652977733148, 37.29514453198162 ], [ 126.975725430250776, 37.295135002753206 ] ] ] ] } },
{ "type": "Feature", "properties": { "id": null }, "geometry": { "type": "MultiPolygon", "coordinates": [ [ [ [ 126.975652977733148, 37.29514453198162 ], [ 126.975639674645549, 37.295077499345823 ], [ 126.975567820571058, 37.295086524063827 ], [ 126.975581206015136, 37.295153971668704 ], [ 126.975652977733148, 37.29514453198162 ] ] ] ] } },
{ "type": "Feature", "properties": { "id": null }, "geometry": { "type": "MultiPolygon", "coordinates": [ [ [ [ 126.975581206015136, 37.295153971668704 ], [ 126.975567820571058, 37.295086524063827 ], [ 126.975490223210443, 37.29509627012628 ], [ 126.975503697591847, 37.295164165868904 ], [ 126.975581206015136, 37.295153971668704 ] ] ] ] } },
{ "type": "Feature", "properties": { "id": null }, "geometry": { "type": "MultiPolygon", "coordinates": [ [ [ [ 126.975503697591847, 37.295164165868904 ], [ 126.975490223210443, 37.29509627012628 ], [ 126.975377097507476, 37.295110478472509 ], [ 126.97539070154761, 37.295179027534871 ], [ 126.975503697591847, 37.295164165868904 ] ] ] ] } },
{ "type": "Feature", "properties": { "id": null }, "geometry": { "type": "MultiPolygon", "coordinates": [ [ [ [ 126.97539070154761, 37.295179027534871 ], [ 126.975377097507476, 37.295110478472509 ], [ 126.975272343450044, 37.295123635357974 ], [ 126.975286067553398, 37.295192789392473 ], [ 126.97539070154761, 37.295179027534871 ] ] ] ] } },
{ "type": "Feature", "properties": { "id": null }, "geometry": { "type": "MultiPolygon", "coordinates": [ [ [ [ 126.975286067553398, 37.295192789392473 ], [ 126.975272343450044, 37.295123635357974 ], [ 126.97523601306888, 37.295128198376105 ], [ 126.975249759696311, 37.29519746591501 ], [ 126.97526342331895, 37.295195749827755 ], [ 126.975263416782724, 37.295195510640738 ], [ 126.975266429145094, 37.295195372310012 ], [ 126.975286067553398, 37.295192789392473 ] ] ] ] } },
{ "type": "Feature", "properties": { "id": null }, "geometry": { "type": "MultiPolygon", "coordinates": [ [ [ [ 126.975771427223435, 37.295060951640458 ], [ 126.97571221029915, 37.295068389022937 ], [ 126.975725430250776, 37.295135002753206 ], [ 126.975783118105525, 37.295127415428951 ], [ 126.975771427223435, 37.295060951640458 ] ] ] ] } },
{ "type": "Feature", "properties": { "id": null }, "geometry": { "type": "MultiPolygon", "coordinates": [ [ [ [ 126.975725430250776, 37.295135002753206 ], [ 126.97571221029915, 37.295068389022937 ], [ 126.975639674645549, 37.295077499345823 ], [ 126.975652977733148, 37.29514453198162 ], [ 126.975725430250776, 37.295135002753206 ] ] ] ] } },
{ "type": "Feature", "properties": { "id": null }, "geometry": { "type": "MultiPolygon", "coordinates": [ [ [ [ 126.975652977733148, 37.29514453198162 ], [ 126.975639674645549, 37.295077499345823 ], [ 126.975567820571058, 37.295086524063827 ], [ 126.975581206015136, 37.295153971668704 ], [ 126.975652977733148, 37.29514453198162 ] ] ] ] } },
{ "type": "Feature", "properties": { "id": null }, "geometry": { "type": "MultiPolygon", "coordinates": [ [ [ [ 126.975581206015136, 37.295153971668704 ], [ 126.975567820571058, 37.295086524063827 ], [ 126.975490223210443, 37.29509627012628 ], [ 126.975503697591847, 37.295164165868904 ], [ 126.975581206015136, 37.295153971668704 ] ] ] ] } },
{ "type": "Feature", "properties": { "id": null }, "geometry": { "type": "MultiPolygon", "coordinates": [ [ [ [ 126.975503697591847, 37.295164165868904 ], [ 126.975490223210443, 37.29509627012628 ], [ 126.975377097507476, 37.295110478472509 ], [ 126.97539070154761, 37.295179027534871 ], [ 126.975503697591847, 37.295164165868904 ] ] ] ] } },
{ "type": "Feature", "properties": { "id": null }, "geometry": { "type": "MultiPolygon", "coordinates": [ [ [ [ 126.97539070154761, 37.295179027534871 ], [ 126.975377097507476, 37.295110478472509 ], [ 126.975272343450044, 37.295123635357974 ], [ 126.975286067553398, 37.295192789392473 ], [ 126.97539070154761, 37.295179027534871 ] ] ] ] } },
{ "type": "Feature", "properties": { "id": null }, "geometry": { "type": "MultiPolygon", "coordinates": [ [ [ [ 126.975286067553398, 37.295192789392473 ], [ 126.975272343450044, 37.295123635357974 ], [ 126.97523601306888, 37.295128198376105 ], [ 126.975249759696311, 37.29519746591501 ], [ 126.97526342331895, 37.295195749827755 ], [ 126.975263416782724, 37.295195510640738 ], [ 126.975266429145094, 37.295195372310012 ], [ 126.975286067553398, 37.295192789392473 ] ] ] ] } },
{ "type": "Feature", "properties": { "id": null }, "geometry": { "type": "MultiPolygon", "coordinates": [ [ [ [ 126.975771427223435, 37.295060951640458 ], [ 126.97571221029915, 37.295068389022937 ], [ 126.975725430250776, 37.295135002753206 ], [ 126.975783118105525, 37.295127415428951 ], [ 126.975771427223435, 37.295060951640458 ] ] ] ] } },
{ "type": "Feature", "properties": { "id": null }, "geometry": { "type": "MultiPolygon", "coordinates": [ [ [ [ 126.975692296674438, 37.295048188427167 ], [ 126.9756711119703, 37.294964134714533 ], [ 126.975583033257948, 37.294978215999436 ], [ 126.975603464933542, 37.295059281938215 ], [ 126.975692296674438, 37.295048188427167 ] ] ] ] } },
{ "type": "Feature", "properties": { "id": null }, "geometry": { "type": "MultiPolygon", "coordinates": [ [ [ [ 126.975603464933542, 37.295059281938215 ], [ 126.975583033257948, 37.294978215999436 ], [ 126.97554156010608, 37.294984846378689 ], [ 126.975561637207818, 37.295064505480305 ], [ 126.975603464933542, 37.295059281938215 ] ] ] ] } },
{ "type": "Feature", "properties": { "id": null }, "geometry": { "type": "MultiPolygon", "coordinates": [ [ [ [ 126.975561637207818, 37.295064505480305 ], [ 126.97554156010608, 37.294984846378689 ], [ 126.975495953552709, 37.294992137571462 ], [ 126.975515640740994, 37.295070249624317 ], [ 126.975561637207818, 37.295064505480305 ] ] ] ] } },
{ "type": "Feature", "properties": { "id": null }, "geometry": { "type": "MultiPolygon", "coordinates": [ [ [ [ 126.97575132461283, 37.29495134038131 ], [ 126.9756711119703, 37.294964134714533 ], [ 126.975692296674438, 37.295048188427167 ], [ 126.975767041741818, 37.295038854092141 ], [ 126.97575132461283, 37.29495134038131 ] ] ] ] } },
{ "type": "Feature", "properties": { "id": null }, "geometry": { "type": "MultiPolygon", "coordinates": [ [ [ [ 126.975692296674438, 37.295048188427167 ], [ 126.9756711119703, 37.294964134714533 ], [ 126.975583033257948, 37.294978215999436 ], [ 126.975603464933542, 37.295059281938215 ], [ 126.975692296674438, 37.295048188427167 ] ] ] ] } },
{ "type": "Feature", "properties": { "id": null }, "geometry": { "type": "MultiPolygon", "coordinates": [ [ [ [ 126.975603464933542, 37.295059281938215 ], [ 126.975583033257948, 37.294978215999436 ], [ 126.97554156010608, 37.294984846378689 ], [ 126.975561637207818, 37.295064505480305 ], [ 126.975603464933542, 37.295059281938215 ] ] ] ] } },
{ "type": "Feature", "properties": { "id": null }, "geometry": { "type": "MultiPolygon", "coordinates": [ [ [ [ 126.975561637207818, 37.295064505480305 ], [ 126.97554156010608, 37.294984846378689 ], [ 126.975495953552709, 37.294992137571462 ], [ 126.975515640740994, 37.295070249624317 ], [ 126.975561637207818, 37.295064505480305 ] ] ] ] } },
{ "type": "Feature", "properties": { "id": null }, "geometry": { "type": "MultiPolygon", "coordinates": [ [ [ [ 126.97575132461283, 37.29495134038131 ], [ 126.9756711119703, 37.294964134714533 ], [ 126.975692296674438, 37.295048188427167 ], [ 126.975767041741818, 37.295038854092141 ], [ 126.97575132461283, 37.29495134038131 ] ] ] ] } },
{ "type": "Feature", "properties": { "id": null }, "geometry": { "type": "MultiPolygon", "coordinates": [ [ [ [ 126.975082567987869, 37.295075033027061 ], [ 126.975130020214962, 37.295020240618598 ], [ 126.975066495512095, 37.294985503618761 ], [ 126.975019568151353, 37.295039689997871 ], [ 126.975082567987869, 37.295075033027061 ] ] ] ] } },
{ "type": "Feature", "properties": { "id": null }, "geometry": { "type": "MultiPolygon", "coordinates": [ [ [ [ 126.975019568151353, 37.295039689997871 ], [ 126.975066495512095, 37.294985503618761 ], [ 126.975039045576011, 37.29497049326244 ], [ 126.974992345018222, 37.295024417767934 ], [ 126.975019568151353, 37.295039689997871 ] ] ] ] } },
{ "type": "Feature", "properties": { "id": null }, "geometry": { "type": "MultiPolygon", "coordinates": [ [ [ [ 126.974992345018222, 37.295024417767934 ], [ 126.975039045576011, 37.29497049326244 ], [ 126.97500908422721, 37.294954109598741 ], [ 126.974962631222127, 37.29500774827131 ], [ 126.974992345018222, 37.295024417767934 ] ] ] ] } },
{ "type": "Feature", "properties": { "id": null }, "geometry": { "type": "MultiPolygon", "coordinates": [ [ [ [ 126.975159577499582, 37.295036440410357 ], [ 126.975130020214962, 37.295020240618598 ], [ 126.975082567987869, 37.295075033027061 ], [ 126.97511215984116, 37.295091634113554 ], [ 126.975159577499582, 37.295036440410357 ] ] ] ] } },
{ "type": "Feature", "properties": { "id": null }, "geometry": { "type": "MultiPolygon", "coordinates": [ [ [ [ 126.975082567987869, 37.295075033027061 ], [ 126.975130020214962, 37.295020240618598 ], [ 126.975066495512095, 37.294985503618761 ], [ 126.975019568151353, 37.295039689997871 ], [ 126.975082567987869, 37.295075033027061 ] ] ] ] } },
{ "type": "Feature", "properties": { "id": null }, "geometry": { "type": "MultiPolygon", "coordinates": [ [ [ [ 126.975019568151353, 37.295039689997871 ], [ 126.975066495512095, 37.294985503618761 ], [ 126.975039045576011, 37.29497049326244 ], [ 126.974992345018222, 37.295024417767934 ], [ 126.975019568151353, 37.295039689997871 ] ] ] ] } },
{ "type": "Feature", "properties": { "id": null }, "geometry": { "type": "MultiPolygon", "coordinates": [ [ [ [ 126.974992345018222, 37.295024417767934 ], [ 126.975039045576011, 37.29497049326244 ], [ 126.97500908422721, 37.294954109598741 ], [ 126.974962631222127, 37.29500774827131 ], [ 126.974992345018222, 37.295024417767934 ] ] ] ] } },
{ "type": "Feature", "properties": { "id": null }, "geometry": { "type": "MultiPolygon", "coordinates": [ [ [ [ 126.975159577499582, 37.295036440410357 ], [ 126.975130020214962, 37.295020240618598 ], [ 126.975082567987869, 37.295075033027061 ], [ 126.97511215984116, 37.295091634113554 ], [ 126.975159577499582, 37.295036440410357 ] ] ] ] } },
{ "type": "Feature", "properties": { "id": null }, "geometry": { "type": "MultiPolygon", "coordinates": [ [ [ [ 126.974945005251115, 37.294919013543478 ], [ 126.974899070624133, 37.29497209065385 ], [ 126.974962631222127, 37.29500774827131 ], [ 126.97500908422721, 37.294954109598741 ], [ 126.974945005251115, 37.294919013543478 ] ] ] ] } },
{ "type": "Feature", "properties": { "id": null }, "geometry": { "type": "MultiPolygon", "coordinates": [ [ [ [ 126.974808252807918, 37.294921141684654 ], [ 126.974853420889659, 37.294868950275763 ], [ 126.974823907171867, 37.294852817028428 ], [ 126.974778986114302, 37.294904723013374 ], [ 126.974808252807918, 37.294921141684654 ] ] ] ] } },
{ "type": "Feature", "properties": { "id": null }, "geometry": { "type": "MultiPolygon", "coordinates": [ [ [ [ 126.974778986114302, 37.294904723013374 ], [ 126.974823907171867, 37.294852817028428 ], [ 126.974791884506203, 37.294835312300997 ], [ 126.974747231472804, 37.294886908598549 ], [ 126.974778986114302, 37.294904723013374 ] ] ] ] } },
{ "type": "Feature", "properties": { "id": null }, "geometry": { "type": "MultiPolygon", "coordinates": [ [ [ [ 126.974747231472804, 37.294886908598549 ], [ 126.974791884506203, 37.294835312300997 ], [ 126.974703789804593, 37.294787156605409 ], [ 126.974678119806669, 37.294817872826478 ], [ 126.974659874107076, 37.294837900948721 ], [ 126.974747231472804, 37.294886908598549 ] ] ] ] } },
{ "type": "Feature", "properties": { "id": null }, "geometry": { "type": "MultiPolygon", "coordinates": [ [ [ [ 126.974626382409127, 37.294788998828359 ], [ 126.974678119806669, 37.294817872826478 ], [ 126.974703789804593, 37.294787156605409 ], [ 126.9746523239331, 37.294759023530489 ], [ 126.974626382409127, 37.294788998828359 ] ] ] ] } },
{ "type": "Feature", "properties": { "id": null }, "geometry": { "type": "MultiPolygon", "coordinates": [ [ [ [ 126.974608291490739, 37.294809902791762 ], [ 126.974626382409127, 37.294788998828359 ], [ 126.9746523239331, 37.294759023530489 ], [ 126.974652139368402, 37.29475892264086 ], [ 126.974571356418622, 37.294769395483279 ], [ 126.974580395128072, 37.29481351932246 ], [ 126.974608291490739, 37.294809902791762 ] ] ] ] } },
{ "type": "Feature", "properties": { "id": null }, "geometry": { "type": "MultiPolygon", "coordinates": [ [ [ [ 126.974945005251115, 37.294919013543478 ], [ 126.974899070624133, 37.29497209065385 ], [ 126.974962631222127, 37.29500774827131 ], [ 126.97500908422721, 37.294954109598741 ], [ 126.974945005251115, 37.294919013543478 ] ] ] ] } },
{ "type": "Feature", "properties": { "id": null }, "geometry": { "type": "MultiPolygon", "coordinates": [ [ [ [ 126.974808252807918, 37.294921141684654 ], [ 126.974853420889659, 37.294868950275763 ], [ 126.974823907171867, 37.294852817028428 ], [ 126.974778986114302, 37.294904723013374 ], [ 126.974808252807918, 37.294921141684654 ] ] ] ] } },
{ "type": "Feature", "properties": { "id": null }, "geometry": { "type": "MultiPolygon", "coordinates": [ [ [ [ 126.974778986114302, 37.294904723013374 ], [ 126.974823907171867, 37.294852817028428 ], [ 126.974791884506203, 37.294835312300997 ], [ 126.974747231472804, 37.294886908598549 ], [ 126.974778986114302, 37.294904723013374 ] ] ] ] } },
{ "type": "Feature", "properties": { "id": null }, "geometry": { "type": "MultiPolygon", "coordinates": [ [ [ [ 126.974747231472804, 37.294886908598549 ], [ 126.974791884506203, 37.294835312300997 ], [ 126.974703789804593, 37.294787156605409 ], [ 126.974678119806669, 37.294817872826478 ], [ 126.974659874107076, 37.294837900948721 ], [ 126.974747231472804, 37.294886908598549 ] ] ] ] } },
{ "type": "Feature", "properties": { "id": null }, "geometry": { "type": "MultiPolygon", "coordinates": [ [ [ [ 126.974626382409127, 37.294788998828359 ], [ 126.974678119806669, 37.294817872826478 ], [ 126.974703789804593, 37.294787156605409 ], [ 126.9746523239331, 37.294759023530489 ], [ 126.974626382409127, 37.294788998828359 ] ] ] ] } },
{ "type": "Feature", "properties": { "id": null }, "geometry": { "type": "MultiPolygon", "coordinates": [ [ [ [ 126.974608291490739, 37.294809902791762 ], [ 126.974626382409127, 37.294788998828359 ], [ 126.9746523239331, 37.294759023530489 ], [ 126.974652139368402, 37.29475892264086 ], [ 126.974571356418622, 37.294769395483279 ], [ 126.974580395128072, 37.29481351932246 ], [ 126.974608291490739, 37.294809902791762 ] ] ] ] } },
{ "type": "Feature", "properties": { "id": null }, "geometry": { "type": "MultiPolygon", "coordinates": [ [ [ [ 126.974678119806669, 37.294817872826478 ], [ 126.974626382409127, 37.294788998828359 ], [ 126.974608291490739, 37.294809902791762 ], [ 126.974609652235756, 37.294809726382525 ], [ 126.974659874107076, 37.294837900948721 ], [ 126.974678119806669, 37.294817872826478 ] ] ] ] } },
{ "type": "Feature", "properties": { "id": null }, "geometry": { "type": "MultiPolygon", "coordinates": [ [ [ [ 126.974678119806669, 37.294817872826478 ], [ 126.974626382409127, 37.294788998828359 ], [ 126.974608291490739, 37.294809902791762 ], [ 126.974609652235756, 37.294809726382525 ], [ 126.974659874107076, 37.294837900948721 ], [ 126.974678119806669, 37.294817872826478 ] ] ] ] } },
{ "type": "Feature", "properties": { "id": null }, "geometry": { "type": "MultiPolygon", "coordinates": [ [ [ [ 126.974109227276784, 37.294886316073281 ], [ 126.973979093401951, 37.294908085984801 ], [ 126.973999185856329, 37.29498409703757 ], [ 126.974027417767161, 37.294979374166559 ], [ 126.974014022999967, 37.294928700902588 ], [ 126.974114719498175, 37.294911855533442 ], [ 126.974109227276784, 37.294886316073281 ] ] ] ] } },
{ "type": "Feature", "properties": { "id": null }, "geometry": { "type": "MultiPolygon", "coordinates": [ [ [ [ 126.974109227276784, 37.294886316073281 ], [ 126.973979093401951, 37.294908085984801 ], [ 126.973999185856329, 37.29498409703757 ], [ 126.974027417767161, 37.294979374166559 ], [ 126.974014022999967, 37.294928700902588 ], [ 126.974114719498175, 37.294911855533442 ], [ 126.974109227276784, 37.294886316073281 ] ] ] ] } },
{ "type": "Feature", "properties": { "id": null }, "geometry": { "type": "MultiPolygon", "coordinates": [ [ [ [ 126.974001077549929, 37.294831810843029 ], [ 126.973970822640169, 37.294874036502527 ], [ 126.973979093401951, 37.294908085984801 ], [ 126.974109227276784, 37.294886316073281 ], [ 126.974094396489633, 37.294817351209943 ], [ 126.974001077549929, 37.294831810843029 ] ] ] ] } },
{ "type": "Feature", "properties": { "id": null }, "geometry": { "type": "MultiPolygon", "coordinates": [ [ [ [ 126.974001077549929, 37.294831810843029 ], [ 126.973970822640169, 37.294874036502527 ], [ 126.973979093401951, 37.294908085984801 ], [ 126.974109227276784, 37.294886316073281 ], [ 126.974094396489633, 37.294817351209943 ], [ 126.974001077549929, 37.294831810843029 ] ] ] ] } },
{ "type": "Feature", "properties": { "id": null }, "geometry": { "type": "MultiPolygon", "coordinates": [ [ [ [ 126.974231764410973, 37.294795614930969 ], [ 126.974250464303751, 37.294869402139206 ], [ 126.974291470520086, 37.294863206868861 ], [ 126.974272752265207, 37.294789347197344 ], [ 126.974231764410973, 37.294795614930969 ] ] ] ] } },
{ "type": "Feature", "properties": { "id": null }, "geometry": { "type": "MultiPolygon", "coordinates": [ [ [ [ 126.974231764410973, 37.294795614930969 ], [ 126.974126178531975, 37.294812549536708 ], [ 126.97414360482891, 37.294885546602039 ], [ 126.974250464303751, 37.294869402139206 ], [ 126.974231764410973, 37.294795614930969 ] ] ] ] } },
{ "type": "Feature", "properties": { "id": null }, "geometry": { "type": "MultiPolygon", "coordinates": [ [ [ [ 126.974378524356737, 37.294773172862115 ], [ 126.974397289998137, 37.294847219530041 ], [ 126.974438787158945, 37.294840950087192 ], [ 126.974420002935062, 37.294766830088506 ], [ 126.974378524356737, 37.294773172862115 ] ] ] ] } },
{ "type": "Feature", "properties": { "id": null }, "geometry": { "type": "MultiPolygon", "coordinates": [ [ [ [ 126.974504296857432, 37.294831052800184 ], [ 126.974487487346309, 37.294758018677967 ], [ 126.97445390554573, 37.294761645808023 ], [ 126.974420002935062, 37.294766830088506 ], [ 126.974438787158945, 37.294840950087192 ], [ 126.974504296857432, 37.294831052800184 ] ] ] ] } },
{ "type": "Feature", "properties": { "id": null }, "geometry": { "type": "MultiPolygon", "coordinates": [ [ [ [ 126.974231764410973, 37.294795614930969 ], [ 126.974250464303751, 37.294869402139206 ], [ 126.974291470520086, 37.294863206868861 ], [ 126.974272752265207, 37.294789347197344 ], [ 126.974231764410973, 37.294795614930969 ] ] ] ] } },
{ "type": "Feature", "properties": { "id": null }, "geometry": { "type": "MultiPolygon", "coordinates": [ [ [ [ 126.974231764410973, 37.294795614930969 ], [ 126.974126178531975, 37.294812549536708 ], [ 126.97414360482891, 37.294885546602039 ], [ 126.974250464303751, 37.294869402139206 ], [ 126.974231764410973, 37.294795614930969 ] ] ] ] } },
{ "type": "Feature", "properties": { "id": null }, "geometry": { "type": "MultiPolygon", "coordinates": [ [ [ [ 126.974378524356737, 37.294773172862115 ], [ 126.974397289998137, 37.294847219530041 ], [ 126.974438787158945, 37.294840950087192 ], [ 126.974420002935062, 37.294766830088506 ], [ 126.974378524356737, 37.294773172862115 ] ] ] ] } },
{ "type": "Feature", "properties": { "id": null }, "geometry": { "type": "MultiPolygon", "coordinates": [ [ [ [ 126.974504296857432, 37.294831052800184 ], [ 126.974487487346309, 37.294758018677967 ], [ 126.97445390554573, 37.294761645808023 ], [ 126.974420002935062, 37.294766830088506 ], [ 126.974438787158945, 37.294840950087192 ], [ 126.974504296857432, 37.294831052800184 ] ] ] ] } },
{ "type": "Feature", "properties": { "id": null }, "geometry": { "type": "MultiPolygon", "coordinates": [ [ [ [ 126.974487487346309, 37.294758018677967 ], [ 126.974504296857432, 37.294831052800184 ], [ 126.974540057897727, 37.294825649977582 ], [ 126.974523117790426, 37.294754689457868 ], [ 126.974487487346309, 37.294758018677967 ] ] ] ] } },
{ "type": "Feature", "properties": { "id": null }, "geometry": { "type": "MultiPolygon", "coordinates": [ [ [ [ 126.974487487346309, 37.294758018677967 ], [ 126.974504296857432, 37.294831052800184 ], [ 126.974540057897727, 37.294825649977582 ], [ 126.974523117790426, 37.294754689457868 ], [ 126.974487487346309, 37.294758018677967 ] ] ] ] } },
{ "type": "Feature", "properties": { "id": null }, "geometry": { "type": "MultiPolygon", "coordinates": [ [ [ [ 126.974970611089248, 37.295131701346563 ], [ 126.975022852879448, 37.29507089735214 ], [ 126.974940878574685, 37.295026236008589 ], [ 126.974889149866755, 37.295086442867081 ], [ 126.974970611089248, 37.295131701346563 ] ] ] ] } },
{ "type": "Feature", "properties": { "id": null }, "geometry": { "type": "MultiPolygon", "coordinates": [ [ [ [ 126.974889149866755, 37.295086442867081 ], [ 126.974940878574685, 37.295026236008589 ], [ 126.974912258438636, 37.295010643150171 ], [ 126.97486070886653, 37.295070641527673 ], [ 126.974889149866755, 37.295086442867081 ] ] ] ] } },
{ "type": "Feature", "properties": { "id": null }, "geometry": { "type": "MultiPolygon", "coordinates": [ [ [ [ 126.97486070886653, 37.295070641527673 ], [ 126.974912258438636, 37.295010643150171 ], [ 126.974853162382999, 37.294978446363004 ], [ 126.974801982695013, 37.295038014258559 ], [ 126.97486070886653, 37.295070641527673 ] ] ] ] } },
{ "type": "Feature", "properties": { "id": null }, "geometry": { "type": "MultiPolygon", "coordinates": [ [ [ [ 126.974801982695013, 37.295038014258559 ], [ 126.974853162382999, 37.294978446363004 ], [ 126.974818812370486, 37.294959731746097 ], [ 126.974767847679573, 37.295019049420453 ], [ 126.974801982695013, 37.295038014258559 ] ] ] ] } },
{ "type": "Feature", "properties": { "id": null }, "geometry": { "type": "MultiPolygon", "coordinates": [ [ [ [ 126.974767847679573, 37.295019049420453 ], [ 126.974818812370486, 37.294959731746097 ], [ 126.974692913420981, 37.294891139322502 ], [ 126.974642736736371, 37.294949539893317 ], [ 126.974767847679573, 37.295019049420453 ] ] ] ] } },
{ "type": "Feature", "properties": { "id": null }, "geometry": { "type": "MultiPolygon", "coordinates": [ [ [ [ 126.974642736736371, 37.294949539893317 ], [ 126.974692913420981, 37.294891139322502 ], [ 126.974638617546503, 37.294861557776052 ], [ 126.974588780700586, 37.294919562831055 ], [ 126.974642736736371, 37.294949539893317 ] ] ] ] } },
{ "type": "Feature", "properties": { "id": null }, "geometry": { "type": "MultiPolygon", "coordinates": [ [ [ [ 126.975092017812074, 37.295108505324002 ], [ 126.975022852879448, 37.29507089735214 ], [ 126.974970611089248, 37.295131701346563 ], [ 126.975017301268679, 37.295157641621742 ], [ 126.975039379549017, 37.295169666909089 ], [ 126.975092017812074, 37.295108505324002 ] ] ] ] } },
{ "type": "Feature", "properties": { "id": null }, "geometry": { "type": "MultiPolygon", "coordinates": [ [ [ [ 126.974970611089248, 37.295131701346563 ], [ 126.975022852879448, 37.29507089735214 ], [ 126.974940878574685, 37.295026236008589 ], [ 126.974889149866755, 37.295086442867081 ], [ 126.974970611089248, 37.295131701346563 ] ] ] ] } },
{ "type": "Feature", "properties": { "id": null }, "geometry": { "type": "MultiPolygon", "coordinates": [ [ [ [ 126.974889149866755, 37.295086442867081 ], [ 126.974940878574685, 37.295026236008589 ], [ 126.974912258438636, 37.295010643150171 ], [ 126.97486070886653, 37.295070641527673 ], [ 126.974889149866755, 37.295086442867081 ] ] ] ] } },
{ "type": "Feature", "properties": { "id": null }, "geometry": { "type": "MultiPolygon", "coordinates": [ [ [ [ 126.97486070886653, 37.295070641527673 ], [ 126.974912258438636, 37.295010643150171 ], [ 126.974853162382999, 37.294978446363004 ], [ 126.974801982695013, 37.295038014258559 ], [ 126.97486070886653, 37.295070641527673 ] ] ] ] } },
{ "type": "Feature", "properties": { "id": null }, "geometry": { "type": "MultiPolygon", "coordinates": [ [ [ [ 126.974801982695013, 37.295038014258559 ], [ 126.974853162382999, 37.294978446363004 ], [ 126.974818812370486, 37.294959731746097 ], [ 126.974767847679573, 37.295019049420453 ], [ 126.974801982695013, 37.295038014258559 ] ] ] ] } },
{ "type": "Feature", "properties": { "id": null }, "geometry": { "type": "MultiPolygon", "coordinates": [ [ [ [ 126.974767847679573, 37.295019049420453 ], [ 126.974818812370486, 37.294959731746097 ], [ 126.974692913420981, 37.294891139322502 ], [ 126.974642736736371, 37.294949539893317 ], [ 126.974767847679573, 37.295019049420453 ] ] ] ] } },
{ "type": "Feature", "properties": { "id": null }, "geometry": { "type": "MultiPolygon", "coordinates": [ [ [ [ 126.974642736736371, 37.294949539893317 ], [ 126.974692913420981, 37.294891139322502 ], [ 126.974638617546503, 37.294861557776052 ], [ 126.974588780700586, 37.294919562831055 ], [ 126.974642736736371, 37.294949539893317 ] ] ] ] } },
{ "type": "Feature", "properties": { "id": null }, "geometry": { "type": "MultiPolygon", "coordinates": [ [ [ [ 126.975092017812074, 37.295108505324002 ], [ 126.975022852879448, 37.29507089735214 ], [ 126.974970611089248, 37.295131701346563 ], [ 126.975017301268679, 37.295157641621742 ], [ 126.975039379549017, 37.295169666909089 ], [ 126.975092017812074, 37.295108505324002 ] ] ] ] } },
{ "type": "Feature", "properties": { "id": null }, "geometry": { "type": "MultiPolygon", "coordinates": [ [ [ [ 126.974536409820132, 37.294890466454319 ], [ 126.974528948094317, 37.294855353723761 ], [ 126.974441049565371, 37.294867343301497 ], [ 126.974447823132735, 37.294899217752899 ], [ 126.974532166450857, 37.294888108910015 ], [ 126.974536409820132, 37.294890466454319 ] ] ] ] } },
{ "type": "Feature", "properties": { "id": null }, "geometry": { "type": "MultiPolygon", "coordinates": [ [ [ [ 126.974447823132735, 37.294899217752899 ], [ 126.974441049565371, 37.294867343301497 ], [ 126.974405910202194, 37.294872136397942 ], [ 126.974412649682137, 37.294903850441592 ], [ 126.974447823132735, 37.294899217752899 ] ] ] ] } },
{ "type": "Feature", "properties": { "id": null }, "geometry": { "type": "MultiPolygon", "coordinates": [ [ [ [ 126.974412649682137, 37.294903850441592 ], [ 126.974405910202194, 37.294872136397942 ], [ 126.97429663262875, 37.294887042130462 ], [ 126.974303266102169, 37.294918257332746 ], [ 126.974412649682137, 37.294903850441592 ] ] ] ] } },
{ "type": "Feature", "properties": { "id": null }, "geometry": { "type": "MultiPolygon", "coordinates": [ [ [ [ 126.974303266102169, 37.294918257332746 ], [ 126.97429663262875, 37.294887042130462 ], [ 126.974238574803991, 37.294894961362004 ], [ 126.97424515195749, 37.294925911536033 ], [ 126.974303266102169, 37.294918257332746 ] ] ] ] } },
{ "type": "Feature", "properties": { "id": null }, "geometry": { "type": "MultiPolygon", "coordinates": [ [ [ [ 126.97424515195749, 37.294925911536033 ], [ 126.974238574803991, 37.294894961362004 ], [ 126.974186377427841, 37.294902081213799 ], [ 126.97419290394653, 37.294932793111926 ], [ 126.97424515195749, 37.294925911536033 ] ] ] ] } },
{ "type": "Feature", "properties": { "id": null }, "geometry": { "type": "MultiPolygon", "coordinates": [ [ [ [ 126.97419290394653, 37.294932793111926 ], [ 126.974186377427841, 37.294902081213799 ], [ 126.974156361559082, 37.294906175452873 ], [ 126.974162858967773, 37.294936750368983 ], [ 126.974162872805024, 37.294936748508036 ], [ 126.97419290394653, 37.294932793111926 ] ] ] ] } },
{ "type": "Feature", "properties": { "id": null }, "geometry": { "type": "MultiPolygon", "coordinates": [ [ [ [ 126.974607772503433, 37.294844752741 ], [ 126.974528948094317, 37.294855353723761 ], [ 126.974536409820132, 37.294890466454319 ], [ 126.974588780700586, 37.294919562831055 ], [ 126.974638617546503, 37.294861557776052 ], [ 126.974607772503433, 37.294844752741 ] ] ] ] } },
{ "type": "Feature", "properties": { "id": null }, "geometry": { "type": "MultiPolygon", "coordinates": [ [ [ [ 126.974536409820132, 37.294890466454319 ], [ 126.974528948094317, 37.294855353723761 ], [ 126.974441049565371, 37.294867343301497 ], [ 126.974447823132735, 37.294899217752899 ], [ 126.974532166450857, 37.294888108910015 ], [ 126.974536409820132, 37.294890466454319 ] ] ] ] } },
{ "type": "Feature", "properties": { "id": null }, "geometry": { "type": "MultiPolygon", "coordinates": [ [ [ [ 126.974447823132735, 37.294899217752899 ], [ 126.974441049565371, 37.294867343301497 ], [ 126.974405910202194, 37.294872136397942 ], [ 126.974412649682137, 37.294903850441592 ], [ 126.974447823132735, 37.294899217752899 ] ] ] ] } },
{ "type": "Feature", "properties": { "id": null }, "geometry": { "type": "MultiPolygon", "coordinates": [ [ [ [ 126.974412649682137, 37.294903850441592 ], [ 126.974405910202194, 37.294872136397942 ], [ 126.97429663262875, 37.294887042130462 ], [ 126.974303266102169, 37.294918257332746 ], [ 126.974412649682137, 37.294903850441592 ] ] ] ] } },
{ "type": "Feature", "properties": { "id": null }, "geometry": { "type": "MultiPolygon", "coordinates": [ [ [ [ 126.974303266102169, 37.294918257332746 ], [ 126.97429663262875, 37.294887042130462 ], [ 126.974238574803991, 37.294894961362004 ], [ 126.97424515195749, 37.294925911536033 ], [ 126.974303266102169, 37.294918257332746 ] ] ] ] } },
{ "type": "Feature", "properties": { "id": null }, "geometry": { "type": "MultiPolygon", "coordinates": [ [ [ [ 126.97424515195749, 37.294925911536033 ], [ 126.974238574803991, 37.294894961362004 ], [ 126.974186377427841, 37.294902081213799 ], [ 126.97419290394653, 37.294932793111926 ], [ 126.97424515195749, 37.294925911536033 ] ] ] ] } },
{ "type": "Feature", "properties": { "id": null }, "geometry": { "type": "MultiPolygon", "coordinates": [ [ [ [ 126.97419290394653, 37.294932793111926 ], [ 126.974186377427841, 37.294902081213799 ], [ 126.974156361559082, 37.294906175452873 ], [ 126.974162858967773, 37.294936750368983 ], [ 126.974162872805024, 37.294936748508036 ], [ 126.97419290394653, 37.294932793111926 ] ] ] ] } },
{ "type": "Feature", "properties": { "id": null }, "geometry": { "type": "MultiPolygon", "coordinates": [ [ [ [ 126.974607772503433, 37.294844752741 ], [ 126.974528948094317, 37.294855353723761 ], [ 126.974536409820132, 37.294890466454319 ], [ 126.974588780700586, 37.294919562831055 ], [ 126.974638617546503, 37.294861557776052 ], [ 126.974607772503433, 37.294844752741 ] ] ] ] } }
]
}
