{
  "type": "FeatureCollection",
  "features": [
    {
      "type": "Feature",
      "properties": {
        "indoor": "room",
        "level": [
          1
        ],
        "ref": "62157A",
        "name": "융합트랙 행정지원실",
        "room_type": "office",
        "_idx": 1,
        "_centroid": [
          126.9743591,
          37.2961094
        ],
        "_area_m2": 78.8
      },
      "geometry": {
        "type": "Polygon",
        "coordinates": [
          [
            [
              126.97434053353173,
              37.29604644692867
            ],
            [
              126.974281500646,
              37.296109879203456
            ],
            [
              126.97437730232303,
              37.296160392098265
            ],
            [
              126.97440651692617,
              37.29615640114058
            ],
            [
              126.97438973369334,
              37.2960739294551
            ],
            [
              126.97434053353173,
              37.29604644692867
            ]
          ]
        ]
      }
    },
    {
      "type": "Feature",
      "properties": {
        "indoor": "room",
        "level": [
          1
        ],
        "ref": "",
        "name": "",
        "room_type": "",
        "_idx": 2,
        "_centroid": [
          126.9743591,
          37.2961094
        ],
        "_area_m2": 78.8
      },
      "geometry": {
        "type": "Polygon",
        "coordinates": [
          [
            [
              126.97434053353173,
              37.29604644692867
            ],
            [
              126.974281500646,
              37.296109879203456
            ],
            [
              126.97437730232303,
              37.296160392098265
            ],
            [
              126.97440651692617,
              37.29615640114058
            ],
            [
              126.97438973369334,
              37.2960739294551
            ],
            [
              126.97434053353173,
              37.29604644692867
            ]
          ]
        ]
      }
    },
    {
      "type": "Feature",
      "properties": {
        "indoor": "room",
        "level": [
          1
        ],
        "ref": "62155",
        "name": "면역세포배양실",
        "room_type": "lab",
        "_idx": 3,
        "_centroid": [
          126.9745299,
          37.2961003
        ],
        "_area_m2": 26.1
      },
      "geometry": {
        "type": "Polygon",
        "coordinates": [
          [
            [
              126.97455424212761,
              37.29613705718617
            ],
            [
              126.97453909842365,
              37.2960592709837
            ],
            [
              126.97450556705108,
              37.29606340554958
            ],
            [
              126.97452076533908,
              37.296141472122194
            ],
            [
              126.97455424212761,
              37.29613705718617
            ]
          ]
        ]
      }
    },
    {
      "type": "Feature",
      "properties": {
        "indoor": "room",
        "level": [
          1
        ],
        "ref": "",
        "name": "",
        "room_type": "",
        "_idx": 4,
        "_centroid": [
          126.9745299,
          37.2961003
        ],
        "_area_m2": 26.1
      },
      "geometry": {
        "type": "Polygon",
        "coordinates": [
          [
            [
              126.97455424212761,
              37.29613705718617
            ],
            [
              126.97453909842365,
              37.2960592709837
            ],
            [
              126.97450556705108,
              37.29606340554958
            ],
            [
              126.97452076533908,
              37.296141472122194
            ],
            [
              126.97455424212761,
              37.29613705718617
            ]
          ]
        ]
      }
    },
    {
      "type": "Feature",
      "properties": {
        "indoor": "room",
        "level": [
          1
        ],
        "ref": "62156",
        "name": "전영준교수실/ RNA치료 및 정밀의학연구실Ⅱ",
        "room_type": "lab",
        "_idx": 5,
        "_centroid": [
          126.9744775,
          37.296099
        ],
        "_area_m2": 55.1
      },
      "geometry": {
        "type": "Polygon",
        "coordinates": [
          [
            [
              126.97452076533908,
              37.296141472122194
            ],
            [
              126.97450556705108,
              37.29606340554958
            ],
            [
              126.97447533433589,
              37.29606713337649
            ],
            [
              126.97443470559716,
              37.29607254416816
            ],
            [
              126.97445114311661,
              37.29615065393657
            ],
            [
              126.97452076533908,
              37.296141472122194
            ]
          ]
        ]
      }
    },
    {
      "type": "Feature",
      "properties": {
        "indoor": "room",
        "level": [
          1
        ],
        "ref": "",
        "name": "",
        "room_type": "",
        "_idx": 6,
        "_centroid": [
          126.9744775,
          37.296099
        ],
        "_area_m2": 55.1
      },
      "geometry": {
        "type": "Polygon",
        "coordinates": [
          [
            [
              126.97452076533908,
              37.296141472122194
            ],
            [
              126.97450556705108,
              37.29606340554958
            ],
            [
              126.97447533433589,
              37.29606713337649
            ],
            [
              126.97443470559716,
              37.29607254416816
            ],
            [
              126.97445114311661,
              37.29615065393657
            ],
            [
              126.97452076533908,
              37.296141472122194
            ]
          ]
        ]
      }
    },
    {
      "type": "Feature",
      "properties": {
        "indoor": "room",
        "level": [
          1
        ],
        "ref": "62154B",
        "name": "",
        "room_type": "",
        "_idx": 7,
        "_centroid": [
          126.9745917,
          37.2960924
        ],
        "_area_m2": 69.8
      },
      "geometry": {
        "type": "Polygon",
        "coordinates": [
          [
            [
              126.97464427430906,
              37.29612518369594
            ],
            [
              126.97462927740344,
              37.29604815151841
            ],
            [
              126.97453909842365,
              37.2960592709837
            ],
            [
              126.97455424212761,
              37.29613705718617
            ],
            [
              126.97464427430906,
              37.29612518369594
            ]
          ]
        ]
      }
    },
    {
      "type": "Feature",
      "properties": {
        "indoor": "room",
        "level": [
          1
        ],
        "ref": "",
        "name": "",
        "room_type": "",
        "_idx": 8,
        "_centroid": [
          126.9745917,
          37.2960924
        ],
        "_area_m2": 69.8
      },
      "geometry": {
        "type": "Polygon",
        "coordinates": [
          [
            [
              126.97464427430906,
              37.29612518369594
            ],
            [
              126.97462927740344,
              37.29604815151841
            ],
            [
              126.97453909842365,
              37.2960592709837
            ],
            [
              126.97455424212761,
              37.29613705718617
            ],
            [
              126.97464427430906,
              37.29612518369594
            ]
          ]
        ]
      }
    },
    {
      "type": "Feature",
      "properties": {
        "indoor": "room",
        "level": [
          1
        ],
        "ref": "62154A",
        "name": "",
        "room_type": "",
        "_idx": 9,
        "_centroid": [
          126.9746806,
          37.2960811
        ],
        "_area_m2": 67.3
      },
      "geometry": {
        "type": "Polygon",
        "coordinates": [
          [
            [
              126.97473186517628,
              37.29611363216749
            ],
            [
              126.97471701108907,
              37.29603733356866
            ],
            [
              126.97462927740344,
              37.29604815151841
            ],
            [
              126.97464427430906,
              37.29612518369594
            ],
            [
              126.97473186517628,
              37.29611363216749
            ]
          ]
        ]
      }
    },
    {
      "type": "Feature",
      "properties": {
        "indoor": "room",
        "level": [
          1
        ],
        "ref": "",
        "name": "",
        "room_type": "",
        "_idx": 10,
        "_centroid": [
          126.9746806,
          37.2960811
        ],
        "_area_m2": 67.3
      },
      "geometry": {
        "type": "Polygon",
        "coordinates": [
          [
            [
              126.97473186517628,
              37.29611363216749
            ],
            [
              126.97471701108907,
              37.29603733356866
            ],
            [
              126.97462927740344,
              37.29604815151841
            ],
            [
              126.97464427430906,
              37.29612518369594
            ],
            [
              126.97473186517628,
              37.29611363216749
            ]
          ]
        ]
      }
    },
    {
      "type": "Feature",
      "properties": {
        "indoor": "room",
        "level": [
          1
        ],
        "ref": "62152",
        "name": "오정수교수실",
        "room_type": "office",
        "_idx": 11,
        "_centroid": [
          126.9747441,
          37.296073
        ],
        "_area_m2": 29.9
      },
      "geometry": {
        "type": "Polygon",
        "coordinates": [
          [
            [
              126.97477106407354,
              37.296108462596834
            ],
            [
              126.97475627390087,
              37.29603249229108
            ],
            [
              126.97471701108907,
              37.29603733356866
            ],
            [
              126.97473186517628,
              37.29611363216749
            ],
            [
              126.97477106407354,
              37.296108462596834
            ]
          ]
        ]
      }
    },
    {
      "type": "Feature",
      "properties": {
        "indoor": "room",
        "level": [
          1
        ],
        "ref": "",
        "name": "",
        "room_type": "",
        "_idx": 12,
        "_centroid": [
          126.9747441,
          37.296073
        ],
        "_area_m2": 29.9
      },
      "geometry": {
        "type": "Polygon",
        "coordinates": [
          [
            [
              126.97477106407354,
              37.296108462596834
            ],
            [
              126.97475627390087,
              37.29603249229108
            ],
            [
              126.97471701108907,
              37.29603733356866
            ],
            [
              126.97473186517628,
              37.29611363216749
            ],
            [
              126.97477106407354,
              37.296108462596834
            ]
          ]
        ]
      }
    },
    {
      "type": "Feature",
      "properties": {
        "indoor": "room",
        "level": [
          1
        ],
        "ref": "62151",
        "name": "",
        "room_type": "",
        "_idx": 13,
        "_centroid": [
          126.9748678,
          37.2960572
        ],
        "_area_m2": 156.5
      },
      "geometry": {
        "type": "Polygon",
        "coordinates": [
          [
            [
              126.97497908124602,
              37.29608102918553
            ],
            [
              126.9749646302467,
              37.2960068010362
            ],
            [
              126.97475627390087,
              37.29603249229108
            ],
            [
              126.97477106407354,
              37.296108462596834
            ],
            [
              126.97497908124602,
              37.29608102918553
            ]
          ]
        ]
      }
    },
    {
      "type": "Feature",
      "properties": {
        "indoor": "room",
        "level": [
          1
        ],
        "ref": "",
        "name": "",
        "room_type": "",
        "_idx": 14,
        "_centroid": [
          126.9748678,
          37.2960572
        ],
        "_area_m2": 156.5
      },
      "geometry": {
        "type": "Polygon",
        "coordinates": [
          [
            [
              126.97497908124602,
              37.29608102918553
            ],
            [
              126.9749646302467,
              37.2960068010362
            ],
            [
              126.97475627390087,
              37.29603249229108
            ],
            [
              126.97477106407354,
              37.296108462596834
            ],
            [
              126.97497908124602,
              37.29608102918553
            ]
          ]
        ]
      }
    },
    {
      "type": "Feature",
      "properties": {
        "indoor": "room",
        "level": [
          1
        ],
        "ref": "62157B",
        "name": "생명공학대학PC실",
        "room_type": "classroom",
        "_idx": 15,
        "_centroid": [
          126.9742703,
          37.2960458
        ],
        "_area_m2": 114
      },
      "geometry": {
        "type": "Polygon",
        "coordinates": [
          [
            [
              126.97422405518509,
              37.2959776925539
            ],
            [
              126.97416489768807,
              37.296048460949144
            ],
            [
              126.974281500646,
              37.296109879203456
            ],
            [
              126.97434053353173,
              37.29604644692867
            ],
            [
              126.97434042952213,
              37.296046388830355
            ],
            [
              126.97422405518509,
              37.2959776925539
            ]
          ]
        ]
      }
    },
    {
      "type": "Feature",
      "properties": {
        "indoor": "room",
        "level": [
          1
        ],
        "ref": "",
        "name": "",
        "room_type": "",
        "_idx": 16,
        "_centroid": [
          126.9742703,
          37.2960458
        ],
        "_area_m2": 114
      },
      "geometry": {
        "type": "Polygon",
        "coordinates": [
          [
            [
              126.97422405518509,
              37.2959776925539
            ],
            [
              126.97416489768807,
              37.296048460949144
            ],
            [
              126.974281500646,
              37.296109879203456
            ],
            [
              126.97434053353173,
              37.29604644692867
            ],
            [
              126.97434042952213,
              37.296046388830355
            ],
            [
              126.97422405518509,
              37.2959776925539
            ]
          ]
        ]
      }
    },
    {
      "type": "Feature",
      "properties": {
        "indoor": "room",
        "level": [
          1
        ],
        "ref": "",
        "name": "",
        "room_type": "",
        "_idx": 17,
        "_centroid": [
          126.9749912,
          37.2960414
        ],
        "_area_m2": 28.7
      },
      "geometry": {
        "type": "Polygon",
        "coordinates": [
          [
            [
              126.9749646302467,
              37.2960068010362
            ],
            [
              126.97497908124602,
              37.29608102918553
            ],
            [
              126.9750171872333,
              37.296076003748404
            ],
            [
              126.97500391458419,
              37.29600196102938
            ],
            [
              126.9749646302467,
              37.2960068010362
            ]
          ]
        ]
      }
    },
    {
      "type": "Feature",
      "properties": {
        "indoor": "room",
        "level": [
          1
        ],
        "ref": "",
        "name": "",
        "room_type": "",
        "_idx": 18,
        "_centroid": [
          126.9749912,
          37.2960414
        ],
        "_area_m2": 28.7
      },
      "geometry": {
        "type": "Polygon",
        "coordinates": [
          [
            [
              126.9749646302467,
              37.2960068010362
            ],
            [
              126.97497908124602,
              37.29608102918553
            ],
            [
              126.9750171872333,
              37.296076003748404
            ],
            [
              126.97500391458419,
              37.29600196102938
            ],
            [
              126.9749646302467,
              37.2960068010362
            ]
          ]
        ]
      }
    },
    {
      "type": "Feature",
      "properties": {
        "indoor": "room",
        "level": [
          1
        ],
        "ref": "62108",
        "name": "RNA 치료 및 정밀 의학 연구실Ⅰ",
        "room_type": "lab",
        "_idx": 19,
        "_centroid": [
          126.9744823,
          37.2960121
        ],
        "_area_m2": 87.1
      },
      "geometry": {
        "type": "Polygon",
        "coordinates": [
          [
            [
              126.97457244761607,
              37.296034528563915
            ],
            [
              126.97456081341294,
              37.29597434093511
            ],
            [
              126.97444045445273,
              37.295989301704864
            ],
            [
              126.9744158000881,
              37.29597570789596
            ],
            [
              126.97443069697461,
              37.29605208617742
            ],
            [
              126.97447331342282,
              37.29604682600306
            ],
            [
              126.97457244761607,
              37.296034528563915
            ]
          ]
        ]
      }
    },
    {
      "type": "Feature",
      "properties": {
        "indoor": "room",
        "level": [
          1
        ],
        "ref": "",
        "name": "",
        "room_type": "",
        "_idx": 20,
        "_centroid": [
          126.9744823,
          37.2960121
        ],
        "_area_m2": 87.1
      },
      "geometry": {
        "type": "Polygon",
        "coordinates": [
          [
            [
              126.97457244761607,
              37.296034528563915
            ],
            [
              126.97456081341294,
              37.29597434093511
            ],
            [
              126.97444045445273,
              37.295989301704864
            ],
            [
              126.9744158000881,
              37.29597570789596
            ],
            [
              126.97443069697461,
              37.29605208617742
            ],
            [
              126.97447331342282,
              37.29604682600306
            ],
            [
              126.97457244761607,
              37.296034528563915
            ]
          ]
        ]
      }
    },
    {
      "type": "Feature",
      "properties": {
        "indoor": "room",
        "level": [
          1
        ],
        "ref": "",
        "name": "",
        "room_type": "",
        "_idx": 21,
        "_centroid": [
          126.9741805,
          37.2960053
        ],
        "_area_m2": 28.5
      },
      "geometry": {
        "type": "Polygon",
        "coordinates": [
          [
            [
              126.97419664332263,
              37.295961511212454
            ],
            [
              126.97413647440597,
              37.29603348955906
            ],
            [
              126.97416489768807,
              37.296048460949144
            ],
            [
              126.97422405518509,
              37.2959776925539
            ],
            [
              126.97419664332263,
              37.295961511212454
            ]
          ]
        ]
      }
    },
    {
      "type": "Feature",
      "properties": {
        "indoor": "room",
        "level": [
          1
        ],
        "ref": "",
        "name": "",
        "room_type": "",
        "_idx": 22,
        "_centroid": [
          126.9741805,
          37.2960053
        ],
        "_area_m2": 28.5
      },
      "geometry": {
        "type": "Polygon",
        "coordinates": [
          [
            [
              126.97419664332263,
              37.295961511212454
            ],
            [
              126.97413647440597,
              37.29603348955906
            ],
            [
              126.97416489768807,
              37.296048460949144
            ],
            [
              126.97422405518509,
              37.2959776925539
            ],
            [
              126.97419664332263,
              37.295961511212454
            ]
          ]
        ]
      }
    },
    {
      "type": "Feature",
      "properties": {
        "indoor": "room",
        "level": [
          1
        ],
        "ref": "62107",
        "name": "조재열교수실",
        "room_type": "office",
        "_idx": 23,
        "_centroid": [
          126.9745824,
          37.2960025
        ],
        "_area_m2": 19
      },
      "geometry": {
        "type": "Polygon",
        "coordinates": [
          [
            [
              126.97460402159237,
              37.29603061186233
            ],
            [
              126.97459238588301,
              37.29597041643747
            ],
            [
              126.97456081341294,
              37.29597434093511
            ],
            [
              126.97457244761607,
              37.296034528563915
            ],
            [
              126.97460402159237,
              37.29603061186233
            ]
          ]
        ]
      }
    },
    {
      "type": "Feature",
      "properties": {
        "indoor": "room",
        "level": [
          1
        ],
        "ref": "",
        "name": "",
        "room_type": "",
        "_idx": 24,
        "_centroid": [
          126.9745824,
          37.2960025
        ],
        "_area_m2": 19
      },
      "geometry": {
        "type": "Polygon",
        "coordinates": [
          [
            [
              126.97460402159237,
              37.29603061186233
            ],
            [
              126.97459238588301,
              37.29597041643747
            ],
            [
              126.97456081341294,
              37.29597434093511
            ],
            [
              126.97457244761607,
              37.296034528563915
            ],
            [
              126.97460402159237,
              37.29603061186233
            ]
          ]
        ]
      }
    },
    {
      "type": "Feature",
      "properties": {
        "indoor": "room",
        "level": [
          1
        ],
        "ref": "62106",
        "name": "이상섭 특임교수실",
        "room_type": "office",
        "_idx": 25,
        "_centroid": [
          126.9746177,
          37.2959981
        ],
        "_area_m2": 23.5
      },
      "geometry": {
        "type": "Polygon",
        "coordinates": [
          [
            [
              126.9746430804794,
              37.29602576666945
            ],
            [
              126.97463144290691,
              37.2959655616004
            ],
            [
              126.97459238588301,
              37.29597041643747
            ],
            [
              126.97460402159237,
              37.29603061186233
            ],
            [
              126.9746430804794,
              37.29602576666945
            ]
          ]
        ]
      }
    },
    {
      "type": "Feature",
      "properties": {
        "indoor": "room",
        "level": [
          1
        ],
        "ref": "",
        "name": "",
        "room_type": "",
        "_idx": 26,
        "_centroid": [
          126.9746177,
          37.2959981
        ],
        "_area_m2": 23.5
      },
      "geometry": {
        "type": "Polygon",
        "coordinates": [
          [
            [
              126.9746430804794,
              37.29602576666945
            ],
            [
              126.97463144290691,
              37.2959655616004
            ],
            [
              126.97459238588301,
              37.29597041643747
            ],
            [
              126.97460402159237,
              37.29603061186233
            ],
            [
              126.9746430804794,
              37.29602576666945
            ]
          ]
        ]
      }
    },
    {
      "type": "Feature",
      "properties": {
        "indoor": "room",
        "level": [
          1
        ],
        "ref": "62105",
        "name": "",
        "room_type": "",
        "_idx": 27,
        "_centroid": [
          126.9746718,
          37.2959914
        ],
        "_area_m2": 41.6
      },
      "geometry": {
        "type": "Polygon",
        "coordinates": [
          [
            [
              126.97471207311966,
              37.29601720824206
            ],
            [
              126.97470043225567,
              37.29595698613779
            ],
            [
              126.97463144290691,
              37.2959655616004
            ],
            [
              126.9746430804794,
              37.29602576666945
            ],
            [
              126.97471207311966,
              37.29601720824206
            ]
          ]
        ]
      }
    },
    {
      "type": "Feature",
      "properties": {
        "indoor": "room",
        "level": [
          1
        ],
        "ref": "",
        "name": "",
        "room_type": "",
        "_idx": 28,
        "_centroid": [
          126.9746718,
          37.2959914
        ],
        "_area_m2": 41.6
      },
      "geometry": {
        "type": "Polygon",
        "coordinates": [
          [
            [
              126.97471207311966,
              37.29601720824206
            ],
            [
              126.97470043225567,
              37.29595698613779
            ],
            [
              126.97463144290691,
              37.2959655616004
            ],
            [
              126.9746430804794,
              37.29602576666945
            ],
            [
              126.97471207311966,
              37.29601720824206
            ]
          ]
        ]
      }
    },
    {
      "type": "Feature",
      "properties": {
        "indoor": "room",
        "level": [
          1
        ],
        "ref": "62110",
        "name": "융합생명공학과학생회실",
        "room_type": "lab",
        "_idx": 29,
        "_centroid": [
          126.9743534,
          37.2959836
        ],
        "_area_m2": 49.8
      },
      "geometry": {
        "type": "Polygon",
        "coordinates": [
          [
            [
              126.97429792402228,
              37.295994317207416
            ],
            [
              126.97435677231064,
              37.29602886825802
            ],
            [
              126.97440956556038,
              37.29597227033107
            ],
            [
              126.9743492279974,
              37.29593901768974
            ],
            [
              126.97429792402228,
              37.295994317207416
            ]
          ]
        ]
      }
    },
    {
      "type": "Feature",
      "properties": {
        "indoor": "room",
        "level": [
          1
        ],
        "ref": "",
        "name": "",
        "room_type": "",
        "_idx": 30,
        "_centroid": [
          126.9743534,
          37.2959836
        ],
        "_area_m2": 49.8
      },
      "geometry": {
        "type": "Polygon",
        "coordinates": [
          [
            [
              126.97429792402228,
              37.295994317207416
            ],
            [
              126.97435677231064,
              37.29602886825802
            ],
            [
              126.97440956556038,
              37.29597227033107
            ],
            [
              126.9743492279974,
              37.29593901768974
            ],
            [
              126.97429792402228,
              37.295994317207416
            ]
          ]
        ]
      }
    },
    {
      "type": "Feature",
      "properties": {
        "indoor": "room",
        "level": [
          1
        ],
        "ref": "",
        "name": "",
        "room_type": "",
        "_idx": 31,
        "_centroid": [
          126.974744,
          37.2959824
        ],
        "_area_m2": 45.4
      },
      "geometry": {
        "type": "Polygon",
        "coordinates": [
          [
            [
              126.97478750489564,
              37.29600785105011
            ],
            [
              126.97477586043307,
              37.29594761032071
            ],
            [
              126.97470043225567,
              37.29595698613779
            ],
            [
              126.97471207311966,
              37.29601720824206
            ],
            [
              126.97478750489564,
              37.29600785105011
            ]
          ]
        ]
      }
    },
    {
      "type": "Feature",
      "properties": {
        "indoor": "room",
        "level": [
          1
        ],
        "ref": "",
        "name": "",
        "room_type": "",
        "_idx": 32,
        "_centroid": [
          126.974744,
          37.2959824
        ],
        "_area_m2": 45.4
      },
      "geometry": {
        "type": "Polygon",
        "coordinates": [
          [
            [
              126.97478750489564,
              37.29600785105011
            ],
            [
              126.97477586043307,
              37.29594761032071
            ],
            [
              126.97470043225567,
              37.29595698613779
            ],
            [
              126.97471207311966,
              37.29601720824206
            ],
            [
              126.97478750489564,
              37.29600785105011
            ]
          ]
        ]
      }
    },
    {
      "type": "Feature",
      "properties": {
        "indoor": "room",
        "level": [
          1
        ],
        "ref": "62104",
        "name": "T 세포 융합연구실",
        "room_type": "lab",
        "_idx": 33,
        "_centroid": [
          126.9748154,
          37.2959735
        ],
        "_area_m2": 40.6
      },
      "geometry": {
        "type": "Polygon",
        "coordinates": [
          [
            [
              126.97485488574078,
              37.29599949256335
            ],
            [
              126.97484323806373,
              37.295939235196684
            ],
            [
              126.97477586043307,
              37.29594761032071
            ],
            [
              126.97478750489564,
              37.29600785105011
            ],
            [
              126.97485488574078,
              37.29599949256335
            ]
          ]
        ]
      }
    },
    {
      "type": "Feature",
      "properties": {
        "indoor": "room",
        "level": [
          1
        ],
        "ref": "",
        "name": "",
        "room_type": "",
        "_idx": 34,
        "_centroid": [
          126.9748154,
          37.2959735
        ],
        "_area_m2": 40.6
      },
      "geometry": {
        "type": "Polygon",
        "coordinates": [
          [
            [
              126.97485488574078,
              37.29599949256335
            ],
            [
              126.97484323806373,
              37.295939235196684
            ],
            [
              126.97477586043307,
              37.29594761032071
            ],
            [
              126.97478750489564,
              37.29600785105011
            ],
            [
              126.97485488574078,
              37.29599949256335
            ]
          ]
        ]
      }
    },
    {
      "type": "Feature",
      "properties": {
        "indoor": "room",
        "level": [
          1
        ],
        "ref": "62103",
        "name": "T 세포 융합연구실",
        "room_type": "lab",
        "_idx": 35,
        "_centroid": [
          126.9748677,
          37.295967
        ],
        "_area_m2": 22.5
      },
      "geometry": {
        "type": "Polygon",
        "coordinates": [
          [
            [
              126.97489215908108,
              37.29599486886472
            ],
            [
              126.97488050962548,
              37.2959346022948
            ],
            [
              126.97484323806373,
              37.295939235196684
            ],
            [
              126.97485488574078,
              37.29599949256335
            ],
            [
              126.97489215908108,
              37.29599486886472
            ]
          ]
        ]
      }
    },
    {
      "type": "Feature",
      "properties": {
        "indoor": "room",
        "level": [
          1
        ],
        "ref": "",
        "name": "",
        "room_type": "",
        "_idx": 36,
        "_centroid": [
          126.9748677,
          37.295967
        ],
        "_area_m2": 22.5
      },
      "geometry": {
        "type": "Polygon",
        "coordinates": [
          [
            [
              126.97489215908108,
              37.29599486886472
            ],
            [
              126.97488050962548,
              37.2959346022948
            ],
            [
              126.97484323806373,
              37.295939235196684
            ],
            [
              126.97485488574078,
              37.29599949256335
            ],
            [
              126.97489215908108,
              37.29599486886472
            ]
          ]
        ]
      }
    },
    {
      "type": "Feature",
      "properties": {
        "indoor": "room",
        "level": [
          1
        ],
        "ref": "62102",
        "name": "T 세포 융합연구실",
        "room_type": "lab",
        "_idx": 37,
        "_centroid": [
          126.9749032,
          37.2959626
        ],
        "_area_m2": 20.4
      },
      "geometry": {
        "type": "Polygon",
        "coordinates": [
          [
            [
              126.9749259775419,
              37.29599067373839
            ],
            [
              126.97491432647193,
              37.295930398818356
            ],
            [
              126.97488050962548,
              37.2959346022948
            ],
            [
              126.97489215908108,
              37.29599486886472
            ],
            [
              126.9749259775419,
              37.29599067373839
            ]
          ]
        ]
      }
    },
    {
      "type": "Feature",
      "properties": {
        "indoor": "room",
        "level": [
          1
        ],
        "ref": "",
        "name": "",
        "room_type": "",
        "_idx": 38,
        "_centroid": [
          126.9749032,
          37.2959626
        ],
        "_area_m2": 20.4
      },
      "geometry": {
        "type": "Polygon",
        "coordinates": [
          [
            [
              126.9749259775419,
              37.29599067373839
            ],
            [
              126.97491432647193,
              37.295930398818356
            ],
            [
              126.97488050962548,
              37.2959346022948
            ],
            [
              126.97489215908108,
              37.29599486886472
            ],
            [
              126.9749259775419,
              37.29599067373839
            ]
          ]
        ]
      }
    },
    {
      "type": "Feature",
      "properties": {
        "indoor": "room",
        "level": [
          1
        ],
        "ref": "62101",
        "name": "송민경교수실",
        "room_type": "office",
        "_idx": 39,
        "_centroid": [
          126.9749575,
          37.2959559
        ],
        "_area_m2": 45
      },
      "geometry": {
        "type": "Polygon",
        "coordinates": [
          [
            [
              126.97498939081434,
              37.295921216315136
            ],
            [
              126.97491432647193,
              37.295930398818356
            ],
            [
              126.9749259775419,
              37.29599067373839
            ],
            [
              126.9750002399267,
              37.29598146160756
            ],
            [
              126.97498939081434,
              37.295921216315136
            ]
          ]
        ]
      }
    },
    {
      "type": "Feature",
      "properties": {
        "indoor": "room",
        "level": [
          1
        ],
        "ref": "",
        "name": "",
        "room_type": "",
        "_idx": 40,
        "_centroid": [
          126.9749575,
          37.2959559
        ],
        "_area_m2": 45
      },
      "geometry": {
        "type": "Polygon",
        "coordinates": [
          [
            [
              126.97498939081434,
              37.295921216315136
            ],
            [
              126.97491432647193,
              37.295930398818356
            ],
            [
              126.9749259775419,
              37.29599067373839
            ],
            [
              126.9750002399267,
              37.29598146160756
            ],
            [
              126.97498939081434,
              37.295921216315136
            ]
          ]
        ]
      }
    },
    {
      "type": "Feature",
      "properties": {
        "indoor": "room",
        "level": [
          1
        ],
        "ref": "62111",
        "name": "생명공학대학학생회실",
        "room_type": "",
        "_idx": 41,
        "_centroid": [
          126.9742941,
          37.2959499
        ],
        "_area_m2": 48
      },
      "geometry": {
        "type": "Polygon",
        "coordinates": [
          [
            [
              126.97429792402228,
              37.295994317207416
            ],
            [
              126.9743492279974,
              37.29593901768974
            ],
            [
              126.97428971452216,
              37.29590621921151
            ],
            [
              126.97423965276685,
              37.295960179787485
            ],
            [
              126.97429792402228,
              37.295994317207416
            ]
          ]
        ]
      }
    },
    {
      "type": "Feature",
      "properties": {
        "indoor": "room",
        "level": [
          1
        ],
        "ref": "",
        "name": "",
        "room_type": "",
        "_idx": 42,
        "_centroid": [
          126.9742941,
          37.2959499
        ],
        "_area_m2": 48
      },
      "geometry": {
        "type": "Polygon",
        "coordinates": [
          [
            [
              126.97429792402228,
              37.295994317207416
            ],
            [
              126.9743492279974,
              37.29593901768974
            ],
            [
              126.97428971452216,
              37.29590621921151
            ],
            [
              126.97423965276685,
              37.295960179787485
            ],
            [
              126.97429792402228,
              37.295994317207416
            ]
          ]
        ]
      }
    },
    {
      "type": "Feature",
      "properties": {
        "indoor": "room",
        "level": [
          1
        ],
        "ref": "61151",
        "name": "융합생체역학연구실",
        "room_type": "lab",
        "_idx": 43,
        "_centroid": [
          126.9740739,
          37.2959387
        ],
        "_area_m2": 169.8
      },
      "geometry": {
        "type": "Polygon",
        "coordinates": [
          [
            [
              126.97408519377555,
              37.295895722060884
            ],
            [
              126.97406372878307,
              37.295918779908284
            ],
            [
              126.9740038901211,
              37.295883527188955
            ],
            [
              126.97395738625946,
              37.295939158493006
            ],
            [
              126.97413647440597,
              37.29603348955906
            ],
            [
              126.97419664332263,
              37.295961511212454
            ],
            [
              126.97408519377555,
              37.295895722060884
            ]
          ]
        ]
      }
    },
    {
      "type": "Feature",
      "properties": {
        "indoor": "room",
        "level": [
          1
        ],
        "ref": "",
        "name": "",
        "room_type": "",
        "_idx": 44,
        "_centroid": [
          126.9740739,
          37.2959387
        ],
        "_area_m2": 169.8
      },
      "geometry": {
        "type": "Polygon",
        "coordinates": [
          [
            [
              126.97408519377555,
              37.295895722060884
            ],
            [
              126.97406372878307,
              37.295918779908284
            ],
            [
              126.9740038901211,
              37.295883527188955
            ],
            [
              126.97395738625946,
              37.295939158493006
            ],
            [
              126.97413647440597,
              37.29603348955906
            ],
            [
              126.97419664332263,
              37.295961511212454
            ],
            [
              126.97408519377555,
              37.295895722060884
            ]
          ]
        ]
      }
    },
    {
      "type": "Feature",
      "properties": {
        "indoor": "room",
        "level": [
          1
        ],
        "ref": "",
        "name": "",
        "room_type": "",
        "_idx": 45,
        "_centroid": [
          126.9742502,
          37.295925
        ],
        "_area_m2": 23.2
      },
      "geometry": {
        "type": "Polygon",
        "coordinates": [
          [
            [
              126.97423965276685,
              37.295960179787485
            ],
            [
              126.97428971452216,
              37.29590621921151
            ],
            [
              126.97426040518218,
              37.29589006653776
            ],
            [
              126.97421095520012,
              37.295943367709576
            ],
            [
              126.97423965276685,
              37.295960179787485
            ]
          ]
        ]
      }
    },
    {
      "type": "Feature",
      "properties": {
        "indoor": "room",
        "level": [
          1
        ],
        "ref": "",
        "name": "",
        "room_type": "",
        "_idx": 46,
        "_centroid": [
          126.9742502,
          37.295925
        ],
        "_area_m2": 23.2
      },
      "geometry": {
        "type": "Polygon",
        "coordinates": [
          [
            [
              126.97423965276685,
              37.295960179787485
            ],
            [
              126.97428971452216,
              37.29590621921151
            ],
            [
              126.97426040518218,
              37.29589006653776
            ],
            [
              126.97421095520012,
              37.295943367709576
            ],
            [
              126.97423965276685,
              37.295960179787485
            ]
          ]
        ]
      }
    },
    {
      "type": "Feature",
      "properties": {
        "indoor": "room",
        "level": [
          1
        ],
        "ref": "61101A",
        "name": "예비",
        "room_type": "reserved",
        "_idx": 47,
        "_centroid": [
          126.974205,
          37.2958993
        ],
        "_area_m2": 48.2
      },
      "geometry": {
        "type": "Polygon",
        "coordinates": [
          [
            [
              126.97421095520012,
              37.295943367709576
            ],
            [
              126.97426040518218,
              37.29589006653776
            ],
            [
              126.9741983985012,
              37.29585589402863
            ],
            [
              126.97415024277987,
              37.29590780016654
            ],
            [
              126.97421095520012,
              37.295943367709576
            ]
          ]
        ]
      }
    },
    {
      "type": "Feature",
      "properties": {
        "indoor": "room",
        "level": [
          1
        ],
        "ref": "",
        "name": "",
        "room_type": "",
        "_idx": 48,
        "_centroid": [
          126.974205,
          37.2958993
        ],
        "_area_m2": 48.2
      },
      "geometry": {
        "type": "Polygon",
        "coordinates": [
          [
            [
              126.97421095520012,
              37.295943367709576
            ],
            [
              126.97426040518218,
              37.29589006653776
            ],
            [
              126.9741983985012,
              37.29585589402863
            ],
            [
              126.97415024277987,
              37.29590780016654
            ],
            [
              126.97421095520012,
              37.295943367709576
            ]
          ]
        ]
      }
    },
    {
      "type": "Feature",
      "properties": {
        "indoor": "room",
        "level": [
          1
        ],
        "ref": "61153A",
        "name": "예비",
        "room_type": "reserved",
        "_idx": 49,
        "_centroid": [
          126.9739827,
          37.2958903
        ],
        "_area_m2": 30.4
      },
      "geometry": {
        "type": "Polygon",
        "coordinates": [
          [
            [
              126.97399794293831,
              37.295844217512816
            ],
            [
              126.97393044253288,
              37.29592496642893
            ],
            [
              126.97395738625946,
              37.295939158493006
            ],
            [
              126.9740038901211,
              37.295883527188955
            ],
            [
              126.97402392789489,
              37.295859556545516
            ],
            [
              126.97399794293831,
              37.295844217512816
            ]
          ]
        ]
      }
    },
    {
      "type": "Feature",
      "properties": {
        "indoor": "room",
        "level": [
          1
        ],
        "ref": "",
        "name": "",
        "room_type": "",
        "_idx": 50,
        "_centroid": [
          126.9739827,
          37.2958903
        ],
        "_area_m2": 30.4
      },
      "geometry": {
        "type": "Polygon",
        "coordinates": [
          [
            [
              126.97399794293831,
              37.295844217512816
            ],
            [
              126.97393044253288,
              37.29592496642893
            ],
            [
              126.97395738625946,
              37.295939158493006
            ],
            [
              126.9740038901211,
              37.295883527188955
            ],
            [
              126.97402392789489,
              37.295859556545516
            ],
            [
              126.97399794293831,
              37.295844217512816
            ]
          ]
        ]
      }
    },
    {
      "type": "Feature",
      "properties": {
        "indoor": "room",
        "level": [
          1
        ],
        "ref": "61152",
        "name": "",
        "room_type": "",
        "_idx": 51,
        "_centroid": [
          126.9740442,
          37.2958894
        ],
        "_area_m2": 21.1
      },
      "geometry": {
        "type": "Polygon",
        "coordinates": [
          [
            [
              126.9740038901211,
              37.295883527188955
            ],
            [
              126.97406372878307,
              37.295918779908284
            ],
            [
              126.97408519377555,
              37.295895722060884
            ],
            [
              126.97402392789489,
              37.295859556545516
            ],
            [
              126.9740038901211,
              37.295883527188955
            ]
          ]
        ]
      }
    },
    {
      "type": "Feature",
      "properties": {
        "indoor": "room",
        "level": [
          1
        ],
        "ref": "",
        "name": "",
        "room_type": "",
        "_idx": 52,
        "_centroid": [
          126.9740442,
          37.2958894
        ],
        "_area_m2": 21.1
      },
      "geometry": {
        "type": "Polygon",
        "coordinates": [
          [
            [
              126.9740038901211,
              37.295883527188955
            ],
            [
              126.97406372878307,
              37.295918779908284
            ],
            [
              126.97408519377555,
              37.295895722060884
            ],
            [
              126.97402392789489,
              37.295859556545516
            ],
            [
              126.9740038901211,
              37.295883527188955
            ]
          ]
        ]
      }
    },
    {
      "type": "Feature",
      "properties": {
        "indoor": "room",
        "level": [
          1
        ],
        "ref": "61153B",
        "name": "의공학연구준비실",
        "room_type": "lab",
        "_idx": 53,
        "_centroid": [
          126.9739473,
          37.2958752
        ],
        "_area_m2": 39.3
      },
      "geometry": {
        "type": "Polygon",
        "coordinates": [
          [
            [
              126.97396486699091,
              37.29582469263745
            ],
            [
              126.97389614617913,
              37.2959069015169
            ],
            [
              126.97393044253288,
              37.29592496642893
            ],
            [
              126.97399794293831,
              37.295844217512816
            ],
            [
              126.97396486699091,
              37.29582469263745
            ]
          ]
        ]
      }
    },
    {
      "type": "Feature",
      "properties": {
        "indoor": "room",
        "level": [
          1
        ],
        "ref": "",
        "name": "",
        "room_type": "",
        "_idx": 54,
        "_centroid": [
          126.9739473,
          37.2958752
        ],
        "_area_m2": 39.3
      },
      "geometry": {
        "type": "Polygon",
        "coordinates": [
          [
            [
              126.97396486699091,
              37.29582469263745
            ],
            [
              126.97389614617913,
              37.2959069015169
            ],
            [
              126.97393044253288,
              37.29592496642893
            ],
            [
              126.97399794293831,
              37.295844217512816
            ],
            [
              126.97396486699091,
              37.29582469263745
            ]
          ]
        ]
      }
    },
    {
      "type": "Feature",
      "properties": {
        "indoor": "room",
        "level": [
          1
        ],
        "ref": "61101",
        "name": "",
        "room_type": "",
        "_idx": 55,
        "_centroid": [
          126.9741494,
          37.2958677
        ],
        "_area_m2": 38.2
      },
      "geometry": {
        "type": "Polygon",
        "coordinates": [
          [
            [
              126.97415024277987,
              37.29590780016654
            ],
            [
              126.9741983985012,
              37.29585589402863
            ],
            [
              126.97414797735432,
              37.29582810642452
            ],
            [
              126.97410087406746,
              37.29587887817996
            ],
            [
              126.97415024277987,
              37.29590780016654
            ]
          ]
        ]
      }
    },
    {
      "type": "Feature",
      "properties": {
        "indoor": "room",
        "level": [
          1
        ],
        "ref": "",
        "name": "",
        "room_type": "",
        "_idx": 56,
        "_centroid": [
          126.9741494,
          37.2958677
        ],
        "_area_m2": 38.2
      },
      "geometry": {
        "type": "Polygon",
        "coordinates": [
          [
            [
              126.97415024277987,
              37.29590780016654
            ],
            [
              126.9741983985012,
              37.29585589402863
            ],
            [
              126.97414797735432,
              37.29582810642452
            ],
            [
              126.97410087406746,
              37.29587887817996
            ],
            [
              126.97415024277987,
              37.29590780016654
            ]
          ]
        ]
      }
    },
    {
      "type": "Feature",
      "properties": {
        "indoor": "room",
        "level": [
          1
        ],
        "ref": "61101B",
        "name": "예비",
        "room_type": "reserved",
        "_idx": 57,
        "_centroid": [
          126.9741082,
          37.2958443
        ],
        "_area_m2": 24.4
      },
      "geometry": {
        "type": "Polygon",
        "coordinates": [
          [
            [
              126.97410087406746,
              37.29587887817996
            ],
            [
              126.97414797735432,
              37.29582810642452
            ],
            [
              126.97411513908281,
              37.29581000892091
            ],
            [
              126.97406872122622,
              37.295860041876615
            ],
            [
              126.97410087406746,
              37.29587887817996
            ]
          ]
        ]
      }
    },
    {
      "type": "Feature",
      "properties": {
        "indoor": "room",
        "level": [
          1
        ],
        "ref": "",
        "name": "",
        "room_type": "",
        "_idx": 58,
        "_centroid": [
          126.9741082,
          37.2958443
        ],
        "_area_m2": 24.4
      },
      "geometry": {
        "type": "Polygon",
        "coordinates": [
          [
            [
              126.97410087406746,
              37.29587887817996
            ],
            [
              126.97414797735432,
              37.29582810642452
            ],
            [
              126.97411513908281,
              37.29581000892091
            ],
            [
              126.97406872122622,
              37.295860041876615
            ],
            [
              126.97410087406746,
              37.29587887817996
            ]
          ]
        ]
      }
    },
    {
      "type": "Feature",
      "properties": {
        "indoor": "room",
        "level": [
          1
        ],
        "ref": "61154",
        "name": "바이오정보통신연구실",
        "room_type": "lab",
        "_idx": 59,
        "_centroid": [
          126.9738739,
          37.2958342
        ],
        "_area_m2": 137.1
      },
      "geometry": {
        "type": "Polygon",
        "coordinates": [
          [
            [
              126.97389614617913,
              37.2959069015169
            ],
            [
              126.97396486699091,
              37.29582469263745
            ],
            [
              126.97385648372216,
              37.29576071352329
            ],
            [
              126.97377828311038,
              37.295844550085725
            ],
            [
              126.97389614617913,
              37.2959069015169
            ]
          ]
        ]
      }
    },
    {
      "type": "Feature",
      "properties": {
        "indoor": "room",
        "level": [
          1
        ],
        "ref": "",
        "name": "",
        "room_type": "",
        "_idx": 60,
        "_centroid": [
          126.9738739,
          37.2958342
        ],
        "_area_m2": 137.1
      },
      "geometry": {
        "type": "Polygon",
        "coordinates": [
          [
            [
              126.97389614617913,
              37.2959069015169
            ],
            [
              126.97396486699091,
              37.29582469263745
            ],
            [
              126.97385648372216,
              37.29576071352329
            ],
            [
              126.97377828311038,
              37.295844550085725
            ],
            [
              126.97389614617913,
              37.2959069015169
            ]
          ]
        ]
      }
    },
    {
      "type": "Feature",
      "properties": {
        "indoor": "room",
        "level": [
          1
        ],
        "ref": "61102",
        "name": "예비",
        "room_type": "reserved",
        "_idx": 61,
        "_centroid": [
          126.9740799,
          37.2958282
        ],
        "_area_m2": 17.9
      },
      "geometry": {
        "type": "Polygon",
        "coordinates": [
          [
            [
              126.97406872122622,
              37.295860041876615
            ],
            [
              126.97411513908281,
              37.29581000892091
            ],
            [
              126.97409083609332,
              37.295796615297554
            ],
            [
              126.97404492551095,
              37.2958461014815
            ],
            [
              126.97406872122622,
              37.295860041876615
            ]
          ]
        ]
      }
    },
    {
      "type": "Feature",
      "properties": {
        "indoor": "room",
        "level": [
          1
        ],
        "ref": "",
        "name": "",
        "room_type": "",
        "_idx": 62,
        "_centroid": [
          126.9740799,
          37.2958282
        ],
        "_area_m2": 17.9
      },
      "geometry": {
        "type": "Polygon",
        "coordinates": [
          [
            [
              126.97406872122622,
              37.295860041876615
            ],
            [
              126.97411513908281,
              37.29581000892091
            ],
            [
              126.97409083609332,
              37.295796615297554
            ],
            [
              126.97404492551095,
              37.2958461014815
            ],
            [
              126.97406872122622,
              37.295860041876615
            ]
          ]
        ]
      }
    },
    {
      "type": "Feature",
      "properties": {
        "indoor": "room",
        "level": [
          1
        ],
        "ref": "61157",
        "name": "",
        "room_type": "",
        "_idx": 63,
        "_centroid": [
          126.9734922,
          37.2958216
        ],
        "_area_m2": 61.6
      },
      "geometry": {
        "type": "Polygon",
        "coordinates": [
          [
            [
              126.97353619150309,
              37.295784657768834
            ],
            [
              126.9734362500085,
              37.2957968953882
            ],
            [
              126.97344807229068,
              37.29585851716024
            ],
            [
              126.97354810289993,
              37.29584621958842
            ],
            [
              126.97353619150309,
              37.295784657768834
            ]
          ]
        ]
      }
    },
    {
      "type": "Feature",
      "properties": {
        "indoor": "room",
        "level": [
          1
        ],
        "ref": "",
        "name": "",
        "room_type": "",
        "_idx": 64,
        "_centroid": [
          126.9734922,
          37.2958216
        ],
        "_area_m2": 61.6
      },
      "geometry": {
        "type": "Polygon",
        "coordinates": [
          [
            [
              126.97353619150309,
              37.295784657768834
            ],
            [
              126.9734362500085,
              37.2957968953882
            ],
            [
              126.97344807229068,
              37.29585851716024
            ],
            [
              126.97354810289993,
              37.29584621958842
            ],
            [
              126.97353619150309,
              37.295784657768834
            ]
          ]
        ]
      }
    },
    {
      "type": "Feature",
      "properties": {
        "indoor": "room",
        "level": [
          1
        ],
        "ref": "61103",
        "name": "박진성교수실",
        "room_type": "office",
        "_idx": 65,
        "_centroid": [
          126.9740514,
          37.295812
        ],
        "_area_m2": 24.1
      },
      "geometry": {
        "type": "Polygon",
        "coordinates": [
          [
            [
              126.97404492551095,
              37.2958461014815
            ],
            [
              126.97409083609332,
              37.295796615297554
            ],
            [
              126.97405756868868,
              37.29577828129433
            ],
            [
              126.97401235249318,
              37.29582701902347
            ],
            [
              126.97404492551095,
              37.2958461014815
            ]
          ]
        ]
      }
    },
    {
      "type": "Feature",
      "properties": {
        "indoor": "room",
        "level": [
          1
        ],
        "ref": "",
        "name": "",
        "room_type": "",
        "_idx": 66,
        "_centroid": [
          126.9740514,
          37.295812
        ],
        "_area_m2": 24.1
      },
      "geometry": {
        "type": "Polygon",
        "coordinates": [
          [
            [
              126.97404492551095,
              37.2958461014815
            ],
            [
              126.97409083609332,
              37.295796615297554
            ],
            [
              126.97405756868868,
              37.29577828129433
            ],
            [
              126.97401235249318,
              37.29582701902347
            ],
            [
              126.97404492551095,
              37.2958461014815
            ]
          ]
        ]
      }
    },
    {
      "type": "Feature",
      "properties": {
        "indoor": "room",
        "level": [
          1
        ],
        "ref": "61156",
        "name": "바이오메카트로닉스학과실험실습실",
        "room_type": "classroom",
        "_idx": 67,
        "_centroid": [
          126.9735962,
          37.2958089
        ],
        "_area_m2": 66.4
      },
      "geometry": {
        "type": "Polygon",
        "coordinates": [
          [
            [
              126.97353619150309,
              37.295784657768834
            ],
            [
              126.97354810289993,
              37.29584621958842
            ],
            [
              126.97365611630131,
              37.29583294062739
            ],
            [
              126.97364424599289,
              37.29577159115204
            ],
            [
              126.97353619150309,
              37.295784657768834
            ]
          ]
        ]
      }
    },
    {
      "type": "Feature",
      "properties": {
        "indoor": "room",
        "level": [
          1
        ],
        "ref": "",
        "name": "",
        "room_type": "",
        "_idx": 68,
        "_centroid": [
          126.9735962,
          37.2958089
        ],
        "_area_m2": 66.4
      },
      "geometry": {
        "type": "Polygon",
        "coordinates": [
          [
            [
              126.97353619150309,
              37.295784657768834
            ],
            [
              126.97354810289993,
              37.29584621958842
            ],
            [
              126.97365611630131,
              37.29583294062739
            ],
            [
              126.97364424599289,
              37.29577159115204
            ],
            [
              126.97353619150309,
              37.295784657768834
            ]
          ]
        ]
      }
    },
    {
      "type": "Feature",
      "properties": {
        "indoor": "room",
        "level": [
          1
        ],
        "ref": "",
        "name": "",
        "room_type": "",
        "_idx": 69,
        "_centroid": [
          126.9737222,
          37.2958031
        ],
        "_area_m2": 46.6
      },
      "geometry": {
        "type": "Polygon",
        "coordinates": [
          [
            [
              126.97367511202559,
              37.29576785864058
            ],
            [
              126.97368697059763,
              37.2958291474592
            ],
            [
              126.9737373291336,
              37.29582295647708
            ],
            [
              126.9737631952259,
              37.2958365947686
            ],
            [
              126.97374830985486,
              37.295759007106625
            ],
            [
              126.97367511202559,
              37.29576785864058
            ]
          ]
        ]
      }
    },
    {
      "type": "Feature",
      "properties": {
        "indoor": "room",
        "level": [
          1
        ],
        "ref": "",
        "name": "",
        "room_type": "",
        "_idx": 70,
        "_centroid": [
          126.9737222,
          37.2958031
        ],
        "_area_m2": 46.6
      },
      "geometry": {
        "type": "Polygon",
        "coordinates": [
          [
            [
              126.97367511202559,
              37.29576785864058
            ],
            [
              126.97368697059763,
              37.2958291474592
            ],
            [
              126.9737373291336,
              37.29582295647708
            ],
            [
              126.9737631952259,
              37.2958365947686
            ],
            [
              126.97374830985486,
              37.295759007106625
            ],
            [
              126.97367511202559,
              37.29576785864058
            ]
          ]
        ]
      }
    },
    {
      "type": "Feature",
      "properties": {
        "indoor": "room",
        "level": [
          1
        ],
        "ref": "61155",
        "name": "바이오메카트로닉스학과학생회실",
        "room_type": "",
        "_idx": 71,
        "_centroid": [
          126.9736656,
          37.2958004
        ],
        "_area_m2": 18.9
      },
      "geometry": {
        "type": "Polygon",
        "coordinates": [
          [
            [
              126.97364424599289,
              37.29577159115204
            ],
            [
              126.97365611630131,
              37.29583294062739
            ],
            [
              126.97368697059763,
              37.2958291474592
            ],
            [
              126.97367511202559,
              37.29576785864058
            ],
            [
              126.97364424599289,
              37.29577159115204
            ]
          ]
        ]
      }
    },
    {
      "type": "Feature",
      "properties": {
        "indoor": "room",
        "level": [
          1
        ],
        "ref": "",
        "name": "",
        "room_type": "",
        "_idx": 72,
        "_centroid": [
          126.9736656,
          37.2958004
        ],
        "_area_m2": 18.9
      },
      "geometry": {
        "type": "Polygon",
        "coordinates": [
          [
            [
              126.97364424599289,
              37.29577159115204
            ],
            [
              126.97365611630131,
              37.29583294062739
            ],
            [
              126.97368697059763,
              37.2958291474592
            ],
            [
              126.97367511202559,
              37.29576785864058
            ],
            [
              126.97364424599289,
              37.29577159115204
            ]
          ]
        ]
      }
    },
    {
      "type": "Feature",
      "properties": {
        "indoor": "room",
        "level": [
          1
        ],
        "ref": "",
        "name": "",
        "room_type": "",
        "_idx": 73,
        "_centroid": [
          126.9733491,
          37.2957877
        ],
        "_area_m2": 137
      },
      "geometry": {
        "type": "Polygon",
        "coordinates": [
          [
            [
              126.97341103771502,
              37.295863013653154
            ],
            [
              126.97339338354556,
              37.295786538578895
            ],
            [
              126.97337693260373,
              37.295720652168185
            ],
            [
              126.97336360166808,
              37.295720652168185
            ],
            [
              126.97322743821563,
              37.295733485356415
            ],
            [
              126.97333012786186,
              37.295818092576
            ],
            [
              126.97334113330162,
              37.29587159547062
            ],
            [
              126.97341103771502,
              37.295863013653154
            ]
          ]
        ]
      }
    },
    {
      "type": "Feature",
      "properties": {
        "indoor": "room",
        "level": [
          1
        ],
        "ref": "",
        "name": "",
        "room_type": "",
        "_idx": 74,
        "_centroid": [
          126.9733491,
          37.2957877
        ],
        "_area_m2": 137
      },
      "geometry": {
        "type": "Polygon",
        "coordinates": [
          [
            [
              126.97341103771502,
              37.295863013653154
            ],
            [
              126.97339338354556,
              37.295786538578895
            ],
            [
              126.97337693260373,
              37.295720652168185
            ],
            [
              126.97336360166808,
              37.295720652168185
            ],
            [
              126.97322743821563,
              37.295733485356415
            ],
            [
              126.97333012786186,
              37.295818092576
            ],
            [
              126.97334113330162,
              37.29587159547062
            ],
            [
              126.97341103771502,
              37.295863013653154
            ]
          ]
        ]
      }
    },
    {
      "type": "Feature",
      "properties": {
        "indoor": "room",
        "level": [
          1
        ],
        "ref": "61104A",
        "name": "김형건교수실",
        "room_type": "office",
        "_idx": 75,
        "_centroid": [
          126.9740081,
          37.2957874
        ],
        "_area_m2": 38.6
      },
      "geometry": {
        "type": "Polygon",
        "coordinates": [
          [
            [
              126.97401235249318,
              37.29582701902347
            ],
            [
              126.97405756868868,
              37.29577828129433
            ],
            [
              126.97400321972353,
              37.29574832902985
            ],
            [
              126.9739591379483,
              37.29579584400842
            ],
            [
              126.97401235249318,
              37.29582701902347
            ]
          ]
        ]
      }
    },
    {
      "type": "Feature",
      "properties": {
        "indoor": "room",
        "level": [
          1
        ],
        "ref": "",
        "name": "",
        "room_type": "",
        "_idx": 76,
        "_centroid": [
          126.9740081,
          37.2957874
        ],
        "_area_m2": 38.6
      },
      "geometry": {
        "type": "Polygon",
        "coordinates": [
          [
            [
              126.97401235249318,
              37.29582701902347
            ],
            [
              126.97405756868868,
              37.29577828129433
            ],
            [
              126.97400321972353,
              37.29574832902985
            ],
            [
              126.9739591379483,
              37.29579584400842
            ],
            [
              126.97401235249318,
              37.29582701902347
            ]
          ]
        ]
      }
    },
    {
      "type": "Feature",
      "properties": {
        "indoor": "room",
        "level": [
          1
        ],
        "ref": "61104",
        "name": "",
        "room_type": "",
        "_idx": 77,
        "_centroid": [
          126.9739504,
          37.2957546
        ],
        "_area_m2": 43.1
      },
      "geometry": {
        "type": "Polygon",
        "coordinates": [
          [
            [
              126.9739591379483,
              37.29579584400842
            ],
            [
              126.97400321972353,
              37.29574832902985
            ],
            [
              126.97394092018214,
              37.29571399512238
            ],
            [
              126.9738981387772,
              37.29576010847631
            ],
            [
              126.9739591379483,
              37.29579584400842
            ]
          ]
        ]
      }
    },
    {
      "type": "Feature",
      "properties": {
        "indoor": "room",
        "level": [
          1
        ],
        "ref": "",
        "name": "",
        "room_type": "",
        "_idx": 78,
        "_centroid": [
          126.9739504,
          37.2957546
        ],
        "_area_m2": 43.1
      },
      "geometry": {
        "type": "Polygon",
        "coordinates": [
          [
            [
              126.9739591379483,
              37.29579584400842
            ],
            [
              126.97400321972353,
              37.29574832902985
            ],
            [
              126.97394092018214,
              37.29571399512238
            ],
            [
              126.9738981387772,
              37.29576010847631
            ],
            [
              126.9739591379483,
              37.29579584400842
            ]
          ]
        ]
      }
    },
    {
      "type": "Feature",
      "properties": {
        "indoor": "room",
        "level": [
          1
        ],
        "ref": "61109",
        "name": "예비",
        "room_type": "reserved",
        "_idx": 79,
        "_centroid": [
          126.9734385,
          37.295747
        ],
        "_area_m2": 22.5
      },
      "geometry": {
        "type": "Polygon",
        "coordinates": [
          [
            [
              126.97341428129832,
              37.29571597998211
            ],
            [
              126.9734281906035,
              37.29578188998356
            ],
            [
              126.97346251471564,
              37.29577729053911
            ],
            [
              126.97344890248341,
              37.29571278823391
            ],
            [
              126.97341428129832,
              37.29571597998211
            ]
          ]
        ]
      }
    },
    {
      "type": "Feature",
      "properties": {
        "indoor": "room",
        "level": [
          1
        ],
        "ref": "",
        "name": "",
        "room_type": "",
        "_idx": 80,
        "_centroid": [
          126.9734385,
          37.295747
        ],
        "_area_m2": 22.5
      },
      "geometry": {
        "type": "Polygon",
        "coordinates": [
          [
            [
              126.97341428129832,
              37.29571597998211
            ],
            [
              126.9734281906035,
              37.29578188998356
            ],
            [
              126.97346251471564,
              37.29577729053911
            ],
            [
              126.97344890248341,
              37.29571278823391
            ],
            [
              126.97341428129832,
              37.29571597998211
            ]
          ]
        ]
      }
    },
    {
      "type": "Feature",
      "properties": {
        "indoor": "room",
        "level": [
          1
        ],
        "ref": "61110",
        "name": "예비",
        "room_type": "reserved",
        "_idx": 81,
        "_centroid": [
          126.9733953,
          37.2957451
        ],
        "_area_m2": 24.2
      },
      "geometry": {
        "type": "Polygon",
        "coordinates": [
          [
            [
              126.97339338354556,
              37.295786538578895
            ],
            [
              126.9734281906035,
              37.29578188998356
            ],
            [
              126.97341428129832,
              37.29571597998211
            ],
            [
              126.97336360166808,
              37.295720652168185
            ],
            [
              126.97337693260373,
              37.295720652168185
            ],
            [
              126.97339338354556,
              37.295786538578895
            ]
          ]
        ]
      }
    },
    {
      "type": "Feature",
      "properties": {
        "indoor": "room",
        "level": [
          1
        ],
        "ref": "",
        "name": "",
        "room_type": "",
        "_idx": 82,
        "_centroid": [
          126.9733953,
          37.2957451
        ],
        "_area_m2": 24.2
      },
      "geometry": {
        "type": "Polygon",
        "coordinates": [
          [
            [
              126.97339338354556,
              37.295786538578895
            ],
            [
              126.9734281906035,
              37.29578188998356
            ],
            [
              126.97341428129832,
              37.29571597998211
            ],
            [
              126.97336360166808,
              37.295720652168185
            ],
            [
              126.97337693260373,
              37.295720652168185
            ],
            [
              126.97339338354556,
              37.295786538578895
            ]
          ]
        ]
      }
    },
    {
      "type": "Feature",
      "properties": {
        "indoor": "room",
        "level": [
          1
        ],
        "ref": "61108",
        "name": "발라찬드란마나발란 Lab2",
        "room_type": "lab",
        "_idx": 83,
        "_centroid": [
          126.9734741,
          37.295743
        ],
        "_area_m2": 23.4
      },
      "geometry": {
        "type": "Polygon",
        "coordinates": [
          [
            [
              126.97344890248341,
              37.29571278823391
            ],
            [
              126.97346251471564,
              37.29577729053911
            ],
            [
              126.97349910604622,
              37.2957723872865
            ],
            [
              126.9734858105105,
              37.29570938566034
            ],
            [
              126.97344890248341,
              37.29571278823391
            ]
          ]
        ]
      }
    },
    {
      "type": "Feature",
      "properties": {
        "indoor": "room",
        "level": [
          1
        ],
        "ref": "",
        "name": "",
        "room_type": "",
        "_idx": 84,
        "_centroid": [
          126.9734741,
          37.295743
        ],
        "_area_m2": 23.4
      },
      "geometry": {
        "type": "Polygon",
        "coordinates": [
          [
            [
              126.97344890248341,
              37.29571278823391
            ],
            [
              126.97346251471564,
              37.29577729053911
            ],
            [
              126.97349910604622,
              37.2957723872865
            ],
            [
              126.9734858105105,
              37.29570938566034
            ],
            [
              126.97344890248341,
              37.29571278823391
            ]
          ]
        ]
      }
    },
    {
      "type": "Feature",
      "properties": {
        "indoor": "room",
        "level": [
          1
        ],
        "ref": "61107",
        "name": "예비",
        "room_type": "reserved",
        "_idx": 85,
        "_centroid": [
          126.973509,
          37.295739
        ],
        "_area_m2": 20.7
      },
      "geometry": {
        "type": "Polygon",
        "coordinates": [
          [
            [
              126.9734858105105,
              37.29570938566034
            ],
            [
              126.97349910604622,
              37.2957723872865
            ],
            [
              126.97353212633075,
              37.29576796255546
            ],
            [
              126.97351911658404,
              37.29570631515307
            ],
            [
              126.9734858105105,
              37.29570938566034
            ]
          ]
        ]
      }
    },
    {
      "type": "Feature",
      "properties": {
        "indoor": "room",
        "level": [
          1
        ],
        "ref": "",
        "name": "",
        "room_type": "",
        "_idx": 86,
        "_centroid": [
          126.973509,
          37.295739
        ],
        "_area_m2": 20.7
      },
      "geometry": {
        "type": "Polygon",
        "coordinates": [
          [
            [
              126.9734858105105,
              37.29570938566034
            ],
            [
              126.97349910604622,
              37.2957723872865
            ],
            [
              126.97353212633075,
              37.29576796255546
            ],
            [
              126.97351911658404,
              37.29570631515307
            ],
            [
              126.9734858105105,
              37.29570938566034
            ]
          ]
        ]
      }
    },
    {
      "type": "Feature",
      "properties": {
        "indoor": "room",
        "level": [
          1
        ],
        "ref": "61106C",
        "name": "양유수교수실",
        "room_type": "office",
        "_idx": 87,
        "_centroid": [
          126.9735435,
          37.2957351
        ],
        "_area_m2": 21.8
      },
      "geometry": {
        "type": "Polygon",
        "coordinates": [
          [
            [
              126.97351911658404,
              37.29570631515307
            ],
            [
              126.97353212633075,
              37.29576796255546
            ],
            [
              126.97356777299099,
              37.295763185889044
            ],
            [
              126.97355507176432,
              37.29570300042303
            ],
            [
              126.97351911658404,
              37.29570631515307
            ]
          ]
        ]
      }
    },
    {
      "type": "Feature",
      "properties": {
        "indoor": "room",
        "level": [
          1
        ],
        "ref": "",
        "name": "",
        "room_type": "",
        "_idx": 88,
        "_centroid": [
          126.9735435,
          37.2957351
        ],
        "_area_m2": 21.8
      },
      "geometry": {
        "type": "Polygon",
        "coordinates": [
          [
            [
              126.97351911658404,
              37.29570631515307
            ],
            [
              126.97353212633075,
              37.29576796255546
            ],
            [
              126.97356777299099,
              37.295763185889044
            ],
            [
              126.97355507176432,
              37.29570300042303
            ],
            [
              126.97351911658404,
              37.29570631515307
            ]
          ]
        ]
      }
    },
    {
      "type": "Feature",
      "properties": {
        "indoor": "room",
        "level": [
          1
        ],
        "ref": "61104E",
        "name": "문정환교수실",
        "room_type": "office",
        "_idx": 89,
        "_centroid": [
          126.9738983,
          37.2957299
        ],
        "_area_m2": 18.3
      },
      "geometry": {
        "type": "Polygon",
        "coordinates": [
          [
            [
              126.9738981387772,
              37.29576010847631
            ],
            [
              126.97394092018214,
              37.29571399512238
            ],
            [
              126.97391497412954,
              37.29569969599032
            ],
            [
              126.97391393594478,
              37.29569912063303
            ],
            [
              126.97387156810733,
              37.29574454198392
            ],
            [
              126.97387408177954,
              37.295746014978285
            ],
            [
              126.97387429999164,
              37.29574614284905
            ],
            [
              126.9738981387772,
              37.29576010847631
            ]
          ]
        ]
      }
    },
    {
      "type": "Feature",
      "properties": {
        "indoor": "room",
        "level": [
          1
        ],
        "ref": "",
        "name": "",
        "room_type": "",
        "_idx": 90,
        "_centroid": [
          126.9738983,
          37.2957299
        ],
        "_area_m2": 18.3
      },
      "geometry": {
        "type": "Polygon",
        "coordinates": [
          [
            [
              126.9738981387772,
              37.29576010847631
            ],
            [
              126.97394092018214,
              37.29571399512238
            ],
            [
              126.97391497412954,
              37.29569969599032
            ],
            [
              126.97391393594478,
              37.29569912063303
            ],
            [
              126.97387156810733,
              37.29574454198392
            ],
            [
              126.97387408177954,
              37.295746014978285
            ],
            [
              126.97387429999164,
              37.29574614284905
            ],
            [
              126.9738981387772,
              37.29576010847631
            ]
          ]
        ]
      }
    },
    {
      "type": "Feature",
      "properties": {
        "indoor": "room",
        "level": [
          1
        ],
        "ref": "61106B",
        "name": "양유수교수연구실2",
        "room_type": "lab",
        "_idx": 91,
        "_centroid": [
          126.9735963,
          37.2957292
        ],
        "_area_m2": 41
      },
      "geometry": {
        "type": "Polygon",
        "coordinates": [
          [
            [
              126.97355507176432,
              37.29570300042303
            ],
            [
              126.97356777299099,
              37.295763185889044
            ],
            [
              126.97363722190583,
              37.2957538797073
            ],
            [
              126.97362512175611,
              37.29569654247149
            ],
            [
              126.97355507176432,
              37.29570300042303
            ]
          ]
        ]
      }
    },
    {
      "type": "Feature",
      "properties": {
        "indoor": "room",
        "level": [
          1
        ],
        "ref": "",
        "name": "",
        "room_type": "",
        "_idx": 92,
        "_centroid": [
          126.9735963,
          37.2957292
        ],
        "_area_m2": 41
      },
      "geometry": {
        "type": "Polygon",
        "coordinates": [
          [
            [
              126.97355507176432,
              37.29570300042303
            ],
            [
              126.97356777299099,
              37.295763185889044
            ],
            [
              126.97363722190583,
              37.2957538797073
            ],
            [
              126.97362512175611,
              37.29569654247149
            ],
            [
              126.97355507176432,
              37.29570300042303
            ]
          ]
        ]
      }
    },
    {
      "type": "Feature",
      "properties": {
        "indoor": "room",
        "level": [
          1
        ],
        "ref": "61105",
        "name": "바이오메카트로닉스학과사무실",
        "room_type": "office",
        "_idx": 93,
        "_centroid": [
          126.9736899,
          37.2957161
        ],
        "_area_m2": 32.7
      },
      "geometry": {
        "type": "Polygon",
        "coordinates": [
          [
            [
              126.97365636054522,
              37.295689882457374
            ],
            [
              126.97366896843761,
              37.295749625659624
            ],
            [
              126.97372353693015,
              37.29574231346028
            ],
            [
              126.97371089269083,
              37.295682576918495
            ],
            [
              126.97365636054522,
              37.295689882457374
            ]
          ]
        ]
      }
    },
    {
      "type": "Feature",
      "properties": {
        "indoor": "room",
        "level": [
          1
        ],
        "ref": "",
        "name": "",
        "room_type": "",
        "_idx": 94,
        "_centroid": [
          126.9736899,
          37.2957161
        ],
        "_area_m2": 32.7
      },
      "geometry": {
        "type": "Polygon",
        "coordinates": [
          [
            [
              126.97365636054522,
              37.295689882457374
            ],
            [
              126.97366896843761,
              37.295749625659624
            ],
            [
              126.97372353693015,
              37.29574231346028
            ],
            [
              126.97371089269083,
              37.295682576918495
            ],
            [
              126.97365636054522,
              37.295689882457374
            ]
          ]
        ]
      }
    },
    {
      "type": "Feature",
      "properties": {
        "indoor": "room",
        "level": [
          1
        ],
        "ref": "61106A",
        "name": "양유수교수연구실1",
        "room_type": "lab",
        "_idx": 95,
        "_centroid": [
          126.9736495,
          37.2957123
        ],
        "_area_m2": 18.1
      },
      "geometry": {
        "type": "Polygon",
        "coordinates": [
          [
            [
              126.97362512175611,
              37.29569654247149
            ],
            [
              126.97363722190583,
              37.2957538797073
            ],
            [
              126.97366896843761,
              37.295749625659624
            ],
            [
              126.97365636054522,
              37.295689882457374
            ],
            [
              126.9736544267794,
              37.29569014071839
            ],
            [
              126.97365516270352,
              37.2956937729782
            ],
            [
              126.97362512175611,
              37.29569654247149
            ]
          ]
        ]
      }
    },
    {
      "type": "Feature",
      "properties": {
        "indoor": "room",
        "level": [
          1
        ],
        "ref": "",
        "name": "",
        "room_type": "",
        "_idx": 96,
        "_centroid": [
          126.9736495,
          37.2957123
        ],
        "_area_m2": 18.1
      },
      "geometry": {
        "type": "Polygon",
        "coordinates": [
          [
            [
              126.97362512175611,
              37.29569654247149
            ],
            [
              126.97363722190583,
              37.2957538797073
            ],
            [
              126.97366896843761,
              37.295749625659624
            ],
            [
              126.97365636054522,
              37.295689882457374
            ],
            [
              126.9736544267794,
              37.29569014071839
            ],
            [
              126.97365516270352,
              37.2956937729782
            ],
            [
              126.97362512175611,
              37.29569654247149
            ]
          ]
        ]
      }
    },
    {
      "type": "Feature",
      "properties": {
        "indoor": "room",
        "level": [
          1
        ],
        "ref": "61104D",
        "name": "경비실",
        "room_type": "office",
        "_idx": 97,
        "_centroid": [
          126.9738684,
          37.2957003
        ],
        "_area_m2": 33.8
      },
      "geometry": {
        "type": "Polygon",
        "coordinates": [
          [
            [
              126.97387156810733,
              37.29574454198392
            ],
            [
              126.97391393594478,
              37.29569912063303
            ],
            [
              126.97386845767362,
              37.29567391678122
            ],
            [
              126.97386618857792,
              37.29566833222475
            ],
            [
              126.97382179939864,
              37.295715377868255
            ],
            [
              126.97387156810733,
              37.29574454198392
            ]
          ]
        ]
      }
    },
    {
      "type": "Feature",
      "properties": {
        "indoor": "room",
        "level": [
          1
        ],
        "ref": "",
        "name": "",
        "room_type": "",
        "_idx": 98,
        "_centroid": [
          126.9738684,
          37.2957003
        ],
        "_area_m2": 33.8
      },
      "geometry": {
        "type": "Polygon",
        "coordinates": [
          [
            [
              126.97387156810733,
              37.29574454198392
            ],
            [
              126.97391393594478,
              37.29569912063303
            ],
            [
              126.97386845767362,
              37.29567391678122
            ],
            [
              126.97386618857792,
              37.29566833222475
            ],
            [
              126.97382179939864,
              37.295715377868255
            ],
            [
              126.97387156810733,
              37.29574454198392
            ]
          ]
        ]
      }
    },
    {
      "type": "Feature",
      "properties": {
        "indoor": "room",
        "level": [
          1
        ],
        "ref": "",
        "name": "",
        "room_type": "",
        "_idx": 99,
        "_centroid": [
          126.9736926,
          37.2955571
        ],
        "_area_m2": 529.3
      },
      "geometry": {
        "type": "Polygon",
        "coordinates": [
          [
            [
              126.97365436689728,
              37.29568984516151
            ],
            [
              126.97365636054522,
              37.295689882457374
            ],
            [
              126.97371089269083,
              37.295682576918495
            ],
            [
              126.9738637090353,
              37.29566204743491
            ],
            [
              126.97375758785114,
              37.29539306664174
            ],
            [
              126.97361103571066,
              37.29538963765688
            ],
            [
              126.97359415539917,
              37.29539266261442
            ],
            [
              126.97365436689728,
              37.29568984516151
            ]
          ]
        ]
      }
    },
    {
      "type": "Feature",
      "properties": {
        "indoor": "room",
        "level": [
          1
        ],
        "ref": "",
        "name": "",
        "room_type": "",
        "_idx": 100,
        "_centroid": [
          126.9736926,
          37.2955571
        ],
        "_area_m2": 529.3
      },
      "geometry": {
        "type": "Polygon",
        "coordinates": [
          [
            [
              126.97365436689728,
              37.29568984516151
            ],
            [
              126.97365636054522,
              37.295689882457374
            ],
            [
              126.97371089269083,
              37.295682576918495
            ],
            [
              126.9738637090353,
              37.29566204743491
            ],
            [
              126.97375758785114,
              37.29539306664174
            ],
            [
              126.97361103571066,
              37.29538963765688
            ],
            [
              126.97359415539917,
              37.29539266261442
            ],
            [
              126.97365436689728,
              37.29568984516151
            ]
          ]
        ]
      }
    },
    {
      "type": "Feature",
      "properties": {
        "indoor": "room",
        "level": [
          1
        ],
        "ref": "",
        "name": "",
        "room_type": "",
        "_idx": 101,
        "_centroid": [
          126.9746202,
          37.2955545
        ],
        "_area_m2": 45.3
      },
      "geometry": {
        "type": "Polygon",
        "coordinates": [
          [
            [
              126.97466752284062,
              37.29551520493784
            ],
            [
              126.97463363355264,
              37.2954996397824
            ],
            [
              126.97455753273964,
              37.29560449771743
            ],
            [
              126.97458692028717,
              37.29562194429743
            ],
            [
              126.9746555860838,
              37.29553101239956
            ],
            [
              126.97466752284062,
              37.29551520493784
            ]
          ]
        ]
      }
    },
    {
      "type": "Feature",
      "properties": {
        "indoor": "room",
        "level": [
          1
        ],
        "ref": "",
        "name": "",
        "room_type": "",
        "_idx": 102,
        "_centroid": [
          126.9746202,
          37.2955545
        ],
        "_area_m2": 45.3
      },
      "geometry": {
        "type": "Polygon",
        "coordinates": [
          [
            [
              126.97466752284062,
              37.29551520493784
            ],
            [
              126.97463363355264,
              37.2954996397824
            ],
            [
              126.97455753273964,
              37.29560449771743
            ],
            [
              126.97458692028717,
              37.29562194429743
            ],
            [
              126.9746555860838,
              37.29553101239956
            ],
            [
              126.97466752284062,
              37.29551520493784
            ]
          ]
        ]
      }
    },
    {
      "type": "Feature",
      "properties": {
        "indoor": "room",
        "level": [
          1
        ],
        "ref": "51151",
        "name": "미화원휴게실",
        "room_type": "office",
        "_idx": 103,
        "_centroid": [
          126.9745709,
          37.2955391
        ],
        "_area_m2": 68.2
      },
      "geometry": {
        "type": "Polygon",
        "coordinates": [
          [
            [
              126.97455753273964,
              37.29560449771743
            ],
            [
              126.97463363355264,
              37.2954996397824
            ],
            [
              126.97458253264051,
              37.295476169395016
            ],
            [
              126.97450991479329,
              37.29557622825024
            ],
            [
              126.97455753273964,
              37.29560449771743
            ]
          ]
        ]
      }
    },
    {
      "type": "Feature",
      "properties": {
        "indoor": "room",
        "level": [
          1
        ],
        "ref": "",
        "name": "",
        "room_type": "",
        "_idx": 104,
        "_centroid": [
          126.9745709,
          37.2955391
        ],
        "_area_m2": 68.2
      },
      "geometry": {
        "type": "Polygon",
        "coordinates": [
          [
            [
              126.97455753273964,
              37.29560449771743
            ],
            [
              126.97463363355264,
              37.2954996397824
            ],
            [
              126.97458253264051,
              37.295476169395016
            ],
            [
              126.97450991479329,
              37.29557622825024
            ],
            [
              126.97455753273964,
              37.29560449771743
            ]
          ]
        ]
      }
    },
    {
      "type": "Feature",
      "properties": {
        "indoor": "room",
        "level": [
          1
        ],
        "ref": "51152",
        "name": "자연과학대학PC실",
        "room_type": "classroom",
        "_idx": 105,
        "_centroid": [
          126.9744902,
          37.2954969
        ],
        "_area_m2": 142.8
      },
      "geometry": {
        "type": "Polygon",
        "coordinates": [
          [
            [
              126.97450991479329,
              37.29557622825024
            ],
            [
              126.97458253264051,
              37.295476169395016
            ],
            [
              126.97446661506187,
              37.29542292904446
            ],
            [
              126.97440189798276,
              37.29551210163591
            ],
            [
              126.97450991479329,
              37.29557622825024
            ]
          ]
        ]
      }
    },
    {
      "type": "Feature",
      "properties": {
        "indoor": "room",
        "level": [
          1
        ],
        "ref": "",
        "name": "",
        "room_type": "",
        "_idx": 106,
        "_centroid": [
          126.9744902,
          37.2954969
        ],
        "_area_m2": 142.8
      },
      "geometry": {
        "type": "Polygon",
        "coordinates": [
          [
            [
              126.97450991479329,
              37.29557622825024
            ],
            [
              126.97458253264051,
              37.295476169395016
            ],
            [
              126.97446661506187,
              37.29542292904446
            ],
            [
              126.97440189798276,
              37.29551210163591
            ],
            [
              126.97450991479329,
              37.29557622825024
            ]
          ]
        ]
      }
    },
    {
      "type": "Feature",
      "properties": {
        "indoor": "room",
        "level": [
          1
        ],
        "ref": "51101A",
        "name": "응용DNA나노공학연구실",
        "room_type": "lab",
        "_idx": 107,
        "_centroid": [
          126.9746747,
          37.2954754
        ],
        "_area_m2": 13.1
      },
      "geometry": {
        "type": "Polygon",
        "coordinates": [
          [
            [
              126.97467170193055,
              37.295452889446395
            ],
            [
              126.97464508751413,
              37.295482156545276
            ],
            [
              126.9746801064916,
              37.29549824058517
            ],
            [
              126.97470181034527,
              37.295468335209385
            ],
            [
              126.97467170193055,
              37.295452889446395
            ]
          ]
        ]
      }
    },
    {
      "type": "Feature",
      "properties": {
        "indoor": "room",
        "level": [
          1
        ],
        "ref": "",
        "name": "",
        "room_type": "",
        "_idx": 108,
        "_centroid": [
          126.9746747,
          37.2954754
        ],
        "_area_m2": 13.1
      },
      "geometry": {
        "type": "Polygon",
        "coordinates": [
          [
            [
              126.97467170193055,
              37.295452889446395
            ],
            [
              126.97464508751413,
              37.295482156545276
            ],
            [
              126.9746801064916,
              37.29549824058517
            ],
            [
              126.97470181034527,
              37.295468335209385
            ],
            [
              126.97467170193055,
              37.295452889446395
            ]
          ]
        ]
      }
    },
    {
      "type": "Feature",
      "properties": {
        "indoor": "room",
        "level": [
          1
        ],
        "ref": "51153",
        "name": "헬륨액화기실I",
        "room_type": "",
        "_idx": 109,
        "_centroid": [
          126.9744171,
          37.2954585
        ],
        "_area_m2": 40.4
      },
      "geometry": {
        "type": "Polygon",
        "coordinates": [
          [
            [
              126.97440189798276,
              37.29551210163591
            ],
            [
              126.97446661506187,
              37.29542292904446
            ],
            [
              126.97443115744936,
              37.295406643544524
            ],
            [
              126.9743688571054,
              37.295492486174304
            ],
            [
              126.97440189798276,
              37.29551210163591
            ]
          ]
        ]
      }
    },
    {
      "type": "Feature",
      "properties": {
        "indoor": "room",
        "level": [
          1
        ],
        "ref": "",
        "name": "",
        "room_type": "",
        "_idx": 110,
        "_centroid": [
          126.9744171,
          37.2954585
        ],
        "_area_m2": 40.4
      },
      "geometry": {
        "type": "Polygon",
        "coordinates": [
          [
            [
              126.97440189798276,
              37.29551210163591
            ],
            [
              126.97446661506187,
              37.29542292904446
            ],
            [
              126.97443115744936,
              37.295406643544524
            ],
            [
              126.9743688571054,
              37.295492486174304
            ],
            [
              126.97440189798276,
              37.29551210163591
            ]
          ]
        ]
      }
    },
    {
      "type": "Feature",
      "properties": {
        "indoor": "room",
        "level": [
          1
        ],
        "ref": "51101B",
        "name": "응용DNA나노공학연구실",
        "room_type": "lab",
        "_idx": 111,
        "_centroid": [
          126.9746375,
          37.2954574
        ],
        "_area_m2": 24.5
      },
      "geometry": {
        "type": "Polygon",
        "coordinates": [
          [
            [
              126.97467170193055,
              37.295452889446395
            ],
            [
              126.97467132444798,
              37.29545269579601
            ],
            [
              126.974615562135,
              37.29542396606877
            ],
            [
              126.97458693443488,
              37.295455447129015
            ],
            [
              126.97463460560917,
              37.29547734225915
            ],
            [
              126.97464508751413,
              37.295482156545276
            ],
            [
              126.97467170193055,
              37.295452889446395
            ]
          ]
        ]
      }
    },
    {
      "type": "Feature",
      "properties": {
        "indoor": "room",
        "level": [
          1
        ],
        "ref": "",
        "name": "",
        "room_type": "",
        "_idx": 112,
        "_centroid": [
          126.9746271,
          37.2954524
        ],
        "_area_m2": 22.3
      },
      "geometry": {
        "type": "Polygon",
        "coordinates": [
          [
            [
              126.974615562135,
              37.29542396606877
            ],
            [
              126.97458693443488,
              37.295455447129015
            ],
            [
              126.97463460560917,
              37.29547734225915
            ],
            [
              126.97467132444798,
              37.29545269579601
            ],
            [
              126.974615562135,
              37.29542396606877
            ]
          ]
        ]
      }
    },
    {
      "type": "Feature",
      "properties": {
        "indoor": "room",
        "level": [
          1
        ],
        "ref": "51154",
        "name": "헬륨액화기실II",
        "room_type": "",
        "_idx": 113,
        "_centroid": [
          126.9743836,
          37.2954409
        ],
        "_area_m2": 37.3
      },
      "geometry": {
        "type": "Polygon",
        "coordinates": [
          [
            [
              126.9743688571054,
              37.295492486174304
            ],
            [
              126.97443115744936,
              37.295406643544524
            ],
            [
              126.974397119434,
              37.295391010058296
            ],
            [
              126.97433713906783,
              37.295473656046354
            ],
            [
              126.9743688571054,
              37.295492486174304
            ]
          ]
        ]
      }
    },
    {
      "type": "Feature",
      "properties": {
        "indoor": "room",
        "level": [
          1
        ],
        "ref": "",
        "name": "",
        "room_type": "",
        "_idx": 114,
        "_centroid": [
          126.9743836,
          37.2954409
        ],
        "_area_m2": 37.3
      },
      "geometry": {
        "type": "Polygon",
        "coordinates": [
          [
            [
              126.9743688571054,
              37.295492486174304
            ],
            [
              126.97443115744936,
              37.295406643544524
            ],
            [
              126.974397119434,
              37.295391010058296
            ],
            [
              126.97433713906783,
              37.295473656046354
            ],
            [
              126.9743688571054,
              37.295492486174304
            ]
          ]
        ]
      }
    },
    {
      "type": "Feature",
      "properties": {
        "indoor": "room",
        "level": [
          1
        ],
        "ref": "51101C",
        "name": "응용DNA나노공학연구실",
        "room_type": "lab",
        "_idx": 115,
        "_centroid": [
          126.9745845,
          37.2954316
        ],
        "_area_m2": 15.2
      },
      "geometry": {
        "type": "Polygon",
        "coordinates": [
          [
            [
              126.97458267929557,
              37.295407024249876
            ],
            [
              126.97455287203853,
              37.29543980244202
            ],
            [
              126.97458693443488,
              37.295455447129015
            ],
            [
              126.974615562135,
              37.29542396606877
            ],
            [
              126.97458267929557,
              37.295407024249876
            ]
          ]
        ]
      }
    },
    {
      "type": "Feature",
      "properties": {
        "indoor": "room",
        "level": [
          1
        ],
        "ref": "",
        "name": "",
        "room_type": "",
        "_idx": 116,
        "_centroid": [
          126.9745845,
          37.2954316
        ],
        "_area_m2": 15.2
      },
      "geometry": {
        "type": "Polygon",
        "coordinates": [
          [
            [
              126.97458267929557,
              37.295407024249876
            ],
            [
              126.97455287203853,
              37.29543980244202
            ],
            [
              126.97458693443488,
              37.295455447129015
            ],
            [
              126.974615562135,
              37.29542396606877
            ],
            [
              126.97458267929557,
              37.295407024249876
            ]
          ]
        ]
      }
    },
    {
      "type": "Feature",
      "properties": {
        "indoor": "room",
        "level": [
          1
        ],
        "ref": "51101D",
        "name": "박성하교수실",
        "room_type": "office",
        "_idx": 117,
        "_centroid": [
          126.9745513,
          37.2954154
        ],
        "_area_m2": 15.5
      },
      "geometry": {
        "type": "Polygon",
        "coordinates": [
          [
            [
              126.97455035401714,
              37.29539036969625
            ],
            [
              126.97451938720418,
              37.29542442302633
            ],
            [
              126.97455287203853,
              37.29543980244202
            ],
            [
              126.97458267929557,
              37.295407024249876
            ],
            [
              126.97455035401714,
              37.29539036969625
            ]
          ]
        ]
      }
    },
    {
      "type": "Feature",
      "properties": {
        "indoor": "room",
        "level": [
          1
        ],
        "ref": "",
        "name": "",
        "room_type": "",
        "_idx": 118,
        "_centroid": [
          126.9745513,
          37.2954154
        ],
        "_area_m2": 15.5
      },
      "geometry": {
        "type": "Polygon",
        "coordinates": [
          [
            [
              126.97455035401714,
              37.29539036969625
            ],
            [
              126.97451938720418,
              37.29542442302633
            ],
            [
              126.97455287203853,
              37.29543980244202
            ],
            [
              126.97458267929557,
              37.295407024249876
            ],
            [
              126.97455035401714,
              37.29539036969625
            ]
          ]
        ]
      }
    },
    {
      "type": "Feature",
      "properties": {
        "indoor": "room",
        "level": [
          1
        ],
        "ref": "51102",
        "name": "응용DNA나노공학연구실",
        "room_type": "lab",
        "_idx": 119,
        "_centroid": [
          126.9745168,
          37.2953986
        ],
        "_area_m2": 17.7
      },
      "geometry": {
        "type": "Polygon",
        "coordinates": [
          [
            [
              126.97451481568852,
              37.29537205972249
            ],
            [
              126.97448257406298,
              37.29540751493609
            ],
            [
              126.97451938720418,
              37.29542442302633
            ],
            [
              126.97455035401714,
              37.29539036969625
            ],
            [
              126.97451481568852,
              37.29537205972249
            ]
          ]
        ]
      }
    },
    {
      "type": "Feature",
      "properties": {
        "indoor": "room",
        "level": [
          1
        ],
        "ref": "",
        "name": "",
        "room_type": "",
        "_idx": 120,
        "_centroid": [
          126.9745168,
          37.2953986
        ],
        "_area_m2": 17.7
      },
      "geometry": {
        "type": "Polygon",
        "coordinates": [
          [
            [
              126.97451481568852,
              37.29537205972249
            ],
            [
              126.97448257406298,
              37.29540751493609
            ],
            [
              126.97451938720418,
              37.29542442302633
            ],
            [
              126.97455035401714,
              37.29539036969625
            ],
            [
              126.97451481568852,
              37.29537205972249
            ]
          ]
        ]
      }
    },
    {
      "type": "Feature",
      "properties": {
        "indoor": "room",
        "level": [
          1
        ],
        "ref": "",
        "name": "",
        "room_type": "",
        "_idx": 121,
        "_centroid": [
          126.9737383,
          37.2953869
        ],
        "_area_m2": 5.7
      },
      "geometry": {
        "type": "Polygon",
        "coordinates": [
          [
            [
              126.97376170093312,
              37.29537713208027
            ],
            [
              126.97372613267774,
              37.295380500573394
            ],
            [
              126.97372714409167,
              37.29538756564494
            ],
            [
              126.97369241482129,
              37.295390712036806
            ],
            [
              126.97375758785114,
              37.29539306664174
            ],
            [
              126.9737647318647,
              37.29539230887869
            ],
            [
              126.97376170093312,
              37.29537713208027
            ]
          ]
        ]
      }
    },
    {
      "type": "Feature",
      "properties": {
        "indoor": "room",
        "level": [
          1
        ],
        "ref": "",
        "name": "",
        "room_type": "",
        "_idx": 122,
        "_centroid": [
          126.9737383,
          37.2953869
        ],
        "_area_m2": 5.7
      },
      "geometry": {
        "type": "Polygon",
        "coordinates": [
          [
            [
              126.97376170093312,
              37.29537713208027
            ],
            [
              126.97372613267774,
              37.295380500573394
            ],
            [
              126.97372714409167,
              37.29538756564494
            ],
            [
              126.97369241482129,
              37.295390712036806
            ],
            [
              126.97375758785114,
              37.29539306664174
            ],
            [
              126.9737647318647,
              37.29539230887869
            ],
            [
              126.97376170093312,
              37.29537713208027
            ]
          ]
        ]
      }
    },
    {
      "type": "Feature",
      "properties": {
        "indoor": "room",
        "level": [
          1
        ],
        "ref": "51155",
        "name": "배터리학과",
        "room_type": "office",
        "_idx": 123,
        "_centroid": [
          126.9742577,
          37.2953843
        ],
        "_area_m2": 180.6
      },
      "geometry": {
        "type": "Polygon",
        "coordinates": [
          [
            [
              126.97433713906783,
              37.295473656046354
            ],
            [
              126.974397119434,
              37.295391010058296
            ],
            [
              126.97420793256232,
              37.29530411749648
            ],
            [
              126.97416342191846,
              37.29537052494494
            ],
            [
              126.97418268312514,
              37.29538195979445
            ],
            [
              126.97433713906783,
              37.295473656046354
            ]
          ]
        ]
      }
    },
    {
      "type": "Feature",
      "properties": {
        "indoor": "room",
        "level": [
          1
        ],
        "ref": "",
        "name": "",
        "room_type": "",
        "_idx": 124,
        "_centroid": [
          126.9742577,
          37.2953843
        ],
        "_area_m2": 180.6
      },
      "geometry": {
        "type": "Polygon",
        "coordinates": [
          [
            [
              126.97433713906783,
              37.295473656046354
            ],
            [
              126.974397119434,
              37.295391010058296
            ],
            [
              126.97420793256232,
              37.29530411749648
            ],
            [
              126.97416342191846,
              37.29537052494494
            ],
            [
              126.97418268312514,
              37.29538195979445
            ],
            [
              126.97433713906783,
              37.295473656046354
            ]
          ]
        ]
      }
    },
    {
      "type": "Feature",
      "properties": {
        "indoor": "room",
        "level": [
          1
        ],
        "ref": "",
        "name": "",
        "room_type": "",
        "_idx": 125,
        "_centroid": [
          126.9744766,
          37.295379
        ],
        "_area_m2": 22.6
      },
      "geometry": {
        "type": "Polygon",
        "coordinates": [
          [
            [
              126.97447013355979,
              37.295349038701616
            ],
            [
              126.97443887699005,
              37.29538744509068
            ],
            [
              126.97448257406298,
              37.29540751493609
            ],
            [
              126.97451481568852,
              37.29537205972249
            ],
            [
              126.97447013355979,
              37.295349038701616
            ]
          ]
        ]
      }
    },
    {
      "type": "Feature",
      "properties": {
        "indoor": "room",
        "level": [
          1
        ],
        "ref": "",
        "name": "",
        "room_type": "",
        "_idx": 126,
        "_centroid": [
          126.9744766,
          37.295379
        ],
        "_area_m2": 22.6
      },
      "geometry": {
        "type": "Polygon",
        "coordinates": [
          [
            [
              126.97447013355979,
              37.295349038701616
            ],
            [
              126.97443887699005,
              37.29538744509068
            ],
            [
              126.97448257406298,
              37.29540751493609
            ],
            [
              126.97451481568852,
              37.29537205972249
            ],
            [
              126.97447013355979,
              37.295349038701616
            ]
          ]
        ]
      }
    },
    {
      "type": "Feature",
      "properties": {
        "indoor": "room",
        "level": [
          1
        ],
        "ref": "",
        "name": "",
        "room_type": "",
        "_idx": 127,
        "_centroid": [
          126.9736145,
          37.2953725
        ],
        "_area_m2": 61.8
      },
      "geometry": {
        "type": "Polygon",
        "coordinates": [
          [
            [
              126.973590543379,
              37.29537150505963
            ],
            [
              126.9735729136661,
              37.29537351060381
            ],
            [
              126.97359345919672,
              37.29538922640667
            ],
            [
              126.97359415539917,
              37.29539266261442
            ],
            [
              126.97361103571062,
              37.29538963765689
            ],
            [
              126.97361103571063,
              37.29538963765689
            ],
            [
              126.97369241482129,
              37.295390712036806
            ],
            [
              126.97368071197822,
              37.29532243961272
            ],
            [
              126.97358381337618,
              37.295333219111626
            ],
            [
              126.973590543379,
              37.29537150505963
            ]
          ]
        ]
      }
    },
    {
      "type": "Feature",
      "properties": {
        "indoor": "room",
        "level": [
          1
        ],
        "ref": "",
        "name": "",
        "room_type": "",
        "_idx": 128,
        "_centroid": [
          126.9736145,
          37.2953725
        ],
        "_area_m2": 61.8
      },
      "geometry": {
        "type": "Polygon",
        "coordinates": [
          [
            [
              126.973590543379,
              37.29537150505963
            ],
            [
              126.9735729136661,
              37.29537351060381
            ],
            [
              126.97359345919672,
              37.29538922640667
            ],
            [
              126.97359415539917,
              37.29539266261442
            ],
            [
              126.97361103571062,
              37.29538963765689
            ],
            [
              126.97361103571063,
              37.29538963765689
            ],
            [
              126.97369241482129,
              37.295390712036806
            ],
            [
              126.97368071197822,
              37.29532243961272
            ],
            [
              126.97358381337618,
              37.295333219111626
            ],
            [
              126.973590543379,
              37.29537150505963
            ]
          ]
        ]
      }
    },
    {
      "type": "Feature",
      "properties": {
        "indoor": "room",
        "level": [
          1
        ],
        "ref": "",
        "name": "",
        "room_type": "",
        "_idx": 129,
        "_centroid": [
          126.973741,
          37.2953618
        ],
        "_area_m2": 11.7
      },
      "geometry": {
        "type": "Polygon",
        "coordinates": [
          [
            [
              126.97372613267774,
              37.295380500573394
            ],
            [
              126.97376170093312,
              37.29537713208027
            ],
            [
              126.97375492749646,
              37.295343215418065
            ],
            [
              126.97372123206891,
              37.29534626814796
            ],
            [
              126.97372613267774,
              37.295380500573394
            ]
          ]
        ]
      }
    },
    {
      "type": "Feature",
      "properties": {
        "indoor": "room",
        "level": [
          1
        ],
        "ref": "",
        "name": "",
        "room_type": "",
        "_idx": 130,
        "_centroid": [
          126.973741,
          37.2953618
        ],
        "_area_m2": 11.7
      },
      "geometry": {
        "type": "Polygon",
        "coordinates": [
          [
            [
              126.97372613267774,
              37.295380500573394
            ],
            [
              126.97376170093312,
              37.29537713208027
            ],
            [
              126.97375492749646,
              37.295343215418065
            ],
            [
              126.97372123206891,
              37.29534626814796
            ],
            [
              126.97372613267774,
              37.295380500573394
            ]
          ]
        ]
      }
    },
    {
      "type": "Feature",
      "properties": {
        "indoor": "room",
        "level": [
          1
        ],
        "ref": "51163",
        "name": "세미나실",
        "room_type": "classroom",
        "_idx": 131,
        "_centroid": [
          126.9737676,
          37.2953604
        ],
        "_area_m2": 16.2
      },
      "geometry": {
        "type": "Polygon",
        "coordinates": [
          [
            [
              126.97375492749646,
              37.295343215418065
            ],
            [
              126.97376170093312,
              37.29537713208027
            ],
            [
              126.9737647318647,
              37.29539230887869
            ],
            [
              126.9737927877813,
              37.29538933299728
            ],
            [
              126.97377823036072,
              37.29532900319011
            ],
            [
              126.97375321732979,
              37.295331269315405
            ],
            [
              126.97375492749646,
              37.295343215418065
            ]
          ]
        ]
      }
    },
    {
      "type": "Feature",
      "properties": {
        "indoor": "room",
        "level": [
          1
        ],
        "ref": "",
        "name": "",
        "room_type": "",
        "_idx": 132,
        "_centroid": [
          126.9737676,
          37.2953604
        ],
        "_area_m2": 16.2
      },
      "geometry": {
        "type": "Polygon",
        "coordinates": [
          [
            [
              126.97375492749646,
              37.295343215418065
            ],
            [
              126.97376170093312,
              37.29537713208027
            ],
            [
              126.9737647318647,
              37.29539230887869
            ],
            [
              126.9737927877813,
              37.29538933299728
            ],
            [
              126.97377823036072,
              37.29532900319011
            ],
            [
              126.97375321732979,
              37.295331269315405
            ],
            [
              126.97375492749646,
              37.295343215418065
            ]
          ]
        ]
      }
    },
    {
      "type": "Feature",
      "properties": {
        "indoor": "room",
        "level": [
          1
        ],
        "ref": "",
        "name": "",
        "room_type": "",
        "_idx": 133,
        "_centroid": [
          126.9744368,
          37.2953596
        ],
        "_area_m2": 18.9
      },
      "geometry": {
        "type": "Polygon",
        "coordinates": [
          [
            [
              126.97443527467114,
              37.295331078787314
            ],
            [
              126.97440286327539,
              37.29537090417302
            ],
            [
              126.97443887699005,
              37.29538744509068
            ],
            [
              126.97447013355979,
              37.295349038701616
            ],
            [
              126.97443527467114,
              37.295331078787314
            ]
          ]
        ]
      }
    },
    {
      "type": "Feature",
      "properties": {
        "indoor": "room",
        "level": [
          1
        ],
        "ref": "",
        "name": "",
        "room_type": "",
        "_idx": 134,
        "_centroid": [
          126.9744368,
          37.2953596
        ],
        "_area_m2": 18.9
      },
      "geometry": {
        "type": "Polygon",
        "coordinates": [
          [
            [
              126.97443527467114,
              37.295331078787314
            ],
            [
              126.97440286327539,
              37.29537090417302
            ],
            [
              126.97443887699005,
              37.29538744509068
            ],
            [
              126.97447013355979,
              37.295349038701616
            ],
            [
              126.97443527467114,
              37.295331078787314
            ]
          ]
        ]
      }
    },
    {
      "type": "Feature",
      "properties": {
        "indoor": "room",
        "level": [
          1
        ],
        "ref": "51164",
        "name": "창고",
        "room_type": "storage",
        "_idx": 135,
        "_centroid": [
          126.973572,
          37.2953582
        ],
        "_area_m2": 10.3
      },
      "geometry": {
        "type": "Polygon",
        "coordinates": [
          [
            [
              126.97355520730409,
              37.295336164786555
            ],
            [
              126.97356021031001,
              37.295363997078866
            ],
            [
              126.9735694377096,
              37.295370851755614
            ],
            [
              126.97357286307617,
              37.295373471906274
            ],
            [
              126.973590543379,
              37.29537150505963
            ],
            [
              126.97358381337618,
              37.295333219111626
            ],
            [
              126.97355520730409,
              37.295336164786555
            ]
          ]
        ]
      }
    },
    {
      "type": "Feature",
      "properties": {
        "indoor": "room",
        "level": [
          1
        ],
        "ref": "",
        "name": "",
        "room_type": "",
        "_idx": 136,
        "_centroid": [
          126.973572,
          37.2953582
        ],
        "_area_m2": 10.3
      },
      "geometry": {
        "type": "Polygon",
        "coordinates": [
          [
            [
              126.97355520730409,
              37.295336164786555
            ],
            [
              126.97356021031001,
              37.295363997078866
            ],
            [
              126.9735694377096,
              37.295370851755614
            ],
            [
              126.97357286307617,
              37.295373471906274
            ],
            [
              126.973590543379,
              37.29537150505963
            ],
            [
              126.97358381337618,
              37.295333219111626
            ],
            [
              126.97355520730409,
              37.295336164786555
            ]
          ]
        ]
      }
    },
    {
      "type": "Feature",
      "properties": {
        "indoor": "room",
        "level": [
          1
        ],
        "ref": "51162",
        "name": "프레시맨세미나실",
        "room_type": "classroom",
        "_idx": 137,
        "_centroid": [
          126.973808,
          37.295357
        ],
        "_area_m2": 26.9
      },
      "geometry": {
        "type": "Polygon",
        "coordinates": [
          [
            [
              126.97383761950421,
              37.295384577711886
            ],
            [
              126.97382322587615,
              37.29532492669592
            ],
            [
              126.97377823036072,
              37.29532900319011
            ],
            [
              126.9737927877813,
              37.29538933299728
            ],
            [
              126.97383761950421,
              37.295384577711886
            ]
          ]
        ]
      }
    },
    {
      "type": "Feature",
      "properties": {
        "indoor": "room",
        "level": [
          1
        ],
        "ref": "",
        "name": "",
        "room_type": "",
        "_idx": 138,
        "_centroid": [
          126.973808,
          37.295357
        ],
        "_area_m2": 26.9
      },
      "geometry": {
        "type": "Polygon",
        "coordinates": [
          [
            [
              126.97383761950421,
              37.295384577711886
            ],
            [
              126.97382322587615,
              37.29532492669592
            ],
            [
              126.97377823036072,
              37.29532900319011
            ],
            [
              126.9737927877813,
              37.29538933299728
            ],
            [
              126.97383761950421,
              37.295384577711886
            ]
          ]
        ]
      }
    },
    {
      "type": "Feature",
      "properties": {
        "indoor": "room",
        "level": [
          1
        ],
        "ref": "51161",
        "name": "도서관학생위원회",
        "room_type": "lounge",
        "_idx": 139,
        "_centroid": [
          126.9738522,
          37.2953526
        ],
        "_area_m2": 25.8
      },
      "geometry": {
        "type": "Polygon",
        "coordinates": [
          [
            [
              126.97388111623357,
              37.2953799640288
            ],
            [
              126.9738668815194,
              37.295320971591174
            ],
            [
              126.97382322587615,
              37.29532492669592
            ],
            [
              126.97383761950421,
              37.295384577711886
            ],
            [
              126.97388111623357,
              37.2953799640288
            ]
          ]
        ]
      }
    },
    {
      "type": "Feature",
      "properties": {
        "indoor": "room",
        "level": [
          1
        ],
        "ref": "",
        "name": "",
        "room_type": "",
        "_idx": 140,
        "_centroid": [
          126.9738522,
          37.2953526
        ],
        "_area_m2": 25.8
      },
      "geometry": {
        "type": "Polygon",
        "coordinates": [
          [
            [
              126.97388111623357,
              37.2953799640288
            ],
            [
              126.9738668815194,
              37.295320971591174
            ],
            [
              126.97382322587615,
              37.29532492669592
            ],
            [
              126.97383761950421,
              37.295384577711886
            ],
            [
              126.97388111623357,
              37.2953799640288
            ]
          ]
        ]
      }
    },
    {
      "type": "Feature",
      "properties": {
        "indoor": "room",
        "level": [
          1
        ],
        "ref": "51160",
        "name": "양자물질 초전도체 연구실",
        "room_type": "lab",
        "_idx": 141,
        "_centroid": [
          126.9738912,
          37.2953488
        ],
        "_area_m2": 20.2
      },
      "geometry": {
        "type": "Polygon",
        "coordinates": [
          [
            [
              126.97391536816522,
              37.29537633093821
            ],
            [
              126.9739012585898,
              37.29531785710462
            ],
            [
              126.9738668815194,
              37.295320971591174
            ],
            [
              126.97388111623357,
              37.2953799640288
            ],
            [
              126.97391536816522,
              37.29537633093821
            ]
          ]
        ]
      }
    },
    {
      "type": "Feature",
      "properties": {
        "indoor": "room",
        "level": [
          1
        ],
        "ref": "",
        "name": "",
        "room_type": "",
        "_idx": 142,
        "_centroid": [
          126.9738912,
          37.2953488
        ],
        "_area_m2": 20.2
      },
      "geometry": {
        "type": "Polygon",
        "coordinates": [
          [
            [
              126.97391536816522,
              37.29537633093821
            ],
            [
              126.9739012585898,
              37.29531785710462
            ],
            [
              126.9738668815194,
              37.295320971591174
            ],
            [
              126.97388111623357,
              37.2953799640288
            ],
            [
              126.97391536816522,
              37.29537633093821
            ]
          ]
        ]
      }
    },
    {
      "type": "Feature",
      "properties": {
        "indoor": "room",
        "level": [
          1
        ],
        "ref": "51159",
        "name": "초전도박막증착실",
        "room_type": "lab",
        "_idx": 143,
        "_centroid": [
          126.9739282,
          37.2953451
        ],
        "_area_m2": 23.1
      },
      "geometry": {
        "type": "Polygon",
        "coordinates": [
          [
            [
              126.97395504973457,
              37.29537212192783
            ],
            [
              126.97394108513487,
              37.29531424890771
            ],
            [
              126.9739012585898,
              37.29531785710462
            ],
            [
              126.97391536816522,
              37.29537633093821
            ],
            [
              126.97395504973457,
              37.29537212192783
            ]
          ]
        ]
      }
    },
    {
      "type": "Feature",
      "properties": {
        "indoor": "room",
        "level": [
          1
        ],
        "ref": "",
        "name": "",
        "room_type": "",
        "_idx": 144,
        "_centroid": [
          126.9739282,
          37.2953451
        ],
        "_area_m2": 23.1
      },
      "geometry": {
        "type": "Polygon",
        "coordinates": [
          [
            [
              126.97395504973457,
              37.29537212192783
            ],
            [
              126.97394108513487,
              37.29531424890771
            ],
            [
              126.9739012585898,
              37.29531785710462
            ],
            [
              126.97391536816522,
              37.29537633093821
            ],
            [
              126.97395504973457,
              37.29537212192783
            ]
          ]
        ]
      }
    },
    {
      "type": "Feature",
      "properties": {
        "indoor": "room",
        "level": [
          1
        ],
        "ref": "51103",
        "name": "물성측정실3",
        "room_type": "lab",
        "_idx": 145,
        "_centroid": [
          126.9744018,
          37.2953426
        ],
        "_area_m2": 19.1
      },
      "geometry": {
        "type": "Polygon",
        "coordinates": [
          [
            [
              126.974401366082,
              37.29531360848408
            ],
            [
              126.97436783134253,
              37.29535481418279
            ],
            [
              126.97440286327539,
              37.29537090417302
            ],
            [
              126.97443527467114,
              37.295331078787314
            ],
            [
              126.974401366082,
              37.29531360848408
            ]
          ]
        ]
      }
    },
    {
      "type": "Feature",
      "properties": {
        "indoor": "room",
        "level": [
          1
        ],
        "ref": "",
        "name": "",
        "room_type": "",
        "_idx": 146,
        "_centroid": [
          126.9744018,
          37.2953426
        ],
        "_area_m2": 19.1
      },
      "geometry": {
        "type": "Polygon",
        "coordinates": [
          [
            [
              126.974401366082,
              37.29531360848408
            ],
            [
              126.97436783134253,
              37.29535481418279
            ],
            [
              126.97440286327539,
              37.29537090417302
            ],
            [
              126.97443527467114,
              37.295331078787314
            ],
            [
              126.974401366082,
              37.29531360848408
            ]
          ]
        ]
      }
    },
    {
      "type": "Feature",
      "properties": {
        "indoor": "room",
        "level": [
          1
        ],
        "ref": "51158",
        "name": "학생봉사대다소미",
        "room_type": "",
        "_idx": 147,
        "_centroid": [
          126.9739662,
          37.2953414
        ],
        "_area_m2": 20.9
      },
      "geometry": {
        "type": "Polygon",
        "coordinates": [
          [
            [
              126.97399130072742,
              37.29536827679751
            ],
            [
              126.97397746856976,
              37.29531095264896
            ],
            [
              126.97394108513487,
              37.29531424890771
            ],
            [
              126.97395504973457,
              37.29537212192783
            ],
            [
              126.97399130072742,
              37.29536827679751
            ]
          ]
        ]
      }
    },
    {
      "type": "Feature",
      "properties": {
        "indoor": "room",
        "level": [
          1
        ],
        "ref": "",
        "name": "",
        "room_type": "",
        "_idx": 148,
        "_centroid": [
          126.9739662,
          37.2953414
        ],
        "_area_m2": 20.9
      },
      "geometry": {
        "type": "Polygon",
        "coordinates": [
          [
            [
              126.97399130072742,
              37.29536827679751
            ],
            [
              126.97397746856976,
              37.29531095264896
            ],
            [
              126.97394108513487,
              37.29531424890771
            ],
            [
              126.97395504973457,
              37.29537212192783
            ],
            [
              126.97399130072742,
              37.29536827679751
            ]
          ]
        ]
      }
    },
    {
      "type": "Feature",
      "properties": {
        "indoor": "room",
        "level": [
          1
        ],
        "ref": "51157",
        "name": "배터리학과",
        "room_type": "office",
        "_idx": 149,
        "_centroid": [
          126.974006,
          37.2953375
        ],
        "_area_m2": 24.6
      },
      "geometry": {
        "type": "Polygon",
        "coordinates": [
          [
            [
              126.97403438606226,
              37.2953637067509
            ],
            [
              126.97402071131553,
              37.29530703495182
            ],
            [
              126.97397746856976,
              37.29531095264896
            ],
            [
              126.97399130072742,
              37.29536827679751
            ],
            [
              126.97403438606226,
              37.2953637067509
            ]
          ]
        ]
      }
    },
    {
      "type": "Feature",
      "properties": {
        "indoor": "room",
        "level": [
          1
        ],
        "ref": "",
        "name": "",
        "room_type": "",
        "_idx": 150,
        "_centroid": [
          126.974006,
          37.2953375
        ],
        "_area_m2": 24.6
      },
      "geometry": {
        "type": "Polygon",
        "coordinates": [
          [
            [
              126.97403438606226,
              37.2953637067509
            ],
            [
              126.97402071131553,
              37.29530703495182
            ],
            [
              126.97397746856976,
              37.29531095264896
            ],
            [
              126.97399130072742,
              37.29536827679751
            ],
            [
              126.97403438606226,
              37.2953637067509
            ]
          ]
        ]
      }
    },
    {
      "type": "Feature",
      "properties": {
        "indoor": "room",
        "level": [
          1
        ],
        "ref": "",
        "name": "",
        "room_type": "",
        "_idx": 151,
        "_centroid": [
          126.9740626,
          37.2953319
        ],
        "_area_m2": 39.3
      },
      "geometry": {
        "type": "Polygon",
        "coordinates": [
          [
            [
              126.97410242793333,
              37.29535648957309
            ],
            [
              126.97409270656085,
              37.2953005123418
            ],
            [
              126.97402071131553,
              37.29530703495182
            ],
            [
              126.97403438606226,
              37.2953637067509
            ],
            [
              126.97410242793333,
              37.29535648957309
            ]
          ]
        ]
      }
    },
    {
      "type": "Feature",
      "properties": {
        "indoor": "room",
        "level": [
          1
        ],
        "ref": "",
        "name": "",
        "room_type": "",
        "_idx": 152,
        "_centroid": [
          126.9740626,
          37.2953319
        ],
        "_area_m2": 39.3
      },
      "geometry": {
        "type": "Polygon",
        "coordinates": [
          [
            [
              126.97410242793333,
              37.29535648957309
            ],
            [
              126.97409270656085,
              37.2953005123418
            ],
            [
              126.97402071131553,
              37.29530703495182
            ],
            [
              126.97403438606226,
              37.2953637067509
            ],
            [
              126.97410242793333,
              37.29535648957309
            ]
          ]
        ]
      }
    },
    {
      "type": "Feature",
      "properties": {
        "indoor": "room",
        "level": [
          1
        ],
        "ref": "",
        "name": "",
        "room_type": "",
        "_idx": 153,
        "_centroid": [
          126.9741469,
          37.2953296
        ],
        "_area_m2": 57
      },
      "geometry": {
        "type": "Polygon",
        "coordinates": [
          [
            [
              126.97409270656085,
              37.2953005123418
            ],
            [
              126.97410242793333,
              37.29535648957309
            ],
            [
              126.97413411829355,
              37.2953531281875
            ],
            [
              126.97416342191846,
              37.29537052494494
            ],
            [
              126.97420793256232,
              37.29530411749648
            ],
            [
              126.97418065028013,
              37.295292544835306
            ],
            [
              126.97409270656085,
              37.2953005123418
            ]
          ]
        ]
      }
    },
    {
      "type": "Feature",
      "properties": {
        "indoor": "room",
        "level": [
          1
        ],
        "ref": "",
        "name": "",
        "room_type": "",
        "_idx": 154,
        "_centroid": [
          126.9741469,
          37.2953296
        ],
        "_area_m2": 57
      },
      "geometry": {
        "type": "Polygon",
        "coordinates": [
          [
            [
              126.97409270656085,
              37.2953005123418
            ],
            [
              126.97410242793333,
              37.29535648957309
            ],
            [
              126.97413411829355,
              37.2953531281875
            ],
            [
              126.97416342191846,
              37.29537052494494
            ],
            [
              126.97420793256232,
              37.29530411749648
            ],
            [
              126.97418065028013,
              37.295292544835306
            ],
            [
              126.97409270656085,
              37.2953005123418
            ]
          ]
        ]
      }
    },
    {
      "type": "Feature",
      "properties": {
        "indoor": "room",
        "level": [
          1
        ],
        "ref": "51104A",
        "name": "물성측정실2",
        "room_type": "lab",
        "_idx": 155,
        "_centroid": [
          126.9743669,
          37.2953256
        ],
        "_area_m2": 20.2
      },
      "geometry": {
        "type": "Polygon",
        "coordinates": [
          [
            [
              126.97436654128666,
              37.295295666135246
            ],
            [
              126.97433185285166,
              37.29533828944323
            ],
            [
              126.97436783134253,
              37.29535481418279
            ],
            [
              126.974401366082,
              37.29531360848408
            ],
            [
              126.97436654128666,
              37.295295666135246
            ]
          ]
        ]
      }
    },
    {
      "type": "Feature",
      "properties": {
        "indoor": "room",
        "level": [
          1
        ],
        "ref": "",
        "name": "",
        "room_type": "",
        "_idx": 156,
        "_centroid": [
          126.9743669,
          37.2953256
        ],
        "_area_m2": 20.2
      },
      "geometry": {
        "type": "Polygon",
        "coordinates": [
          [
            [
              126.97436654128666,
              37.295295666135246
            ],
            [
              126.97433185285166,
              37.29533828944323
            ],
            [
              126.97436783134253,
              37.29535481418279
            ],
            [
              126.974401366082,
              37.29531360848408
            ],
            [
              126.97436654128666,
              37.295295666135246
            ]
          ]
        ]
      }
    },
    {
      "type": "Feature",
      "properties": {
        "indoor": "room",
        "level": [
          1
        ],
        "ref": "51114",
        "name": "강의실",
        "room_type": "classroom",
        "_idx": 157,
        "_centroid": [
          126.9736261,
          37.2953145
        ],
        "_area_m2": 60.2
      },
      "geometry": {
        "type": "Polygon",
        "coordinates": [
          [
            [
              126.97352669612194,
              37.295339100690306
            ],
            [
              126.97368071197822,
              37.29532243961272
            ],
            [
              126.97370406404228,
              37.2953200432205
            ],
            [
              126.97369752241381,
              37.29528255473776
            ],
            [
              126.97352142722306,
              37.29530827678881
            ],
            [
              126.97352669612194,
              37.295339100690306
            ]
          ]
        ]
      }
    },
    {
      "type": "Feature",
      "properties": {
        "indoor": "room",
        "level": [
          1
        ],
        "ref": "",
        "name": "",
        "room_type": "",
        "_idx": 158,
        "_centroid": [
          126.9736261,
          37.2953145
        ],
        "_area_m2": 60.2
      },
      "geometry": {
        "type": "Polygon",
        "coordinates": [
          [
            [
              126.97352669612194,
              37.295339100690306
            ],
            [
              126.97368071197822,
              37.29532243961272
            ],
            [
              126.97370406404228,
              37.2953200432205
            ],
            [
              126.97369752241381,
              37.29528255473776
            ],
            [
              126.97352142722306,
              37.29530827678881
            ],
            [
              126.97352669612194,
              37.295339100690306
            ]
          ]
        ]
      }
    },
    {
      "type": "Feature",
      "properties": {
        "indoor": "room",
        "level": [
          1
        ],
        "ref": "51112",
        "name": "배터리학과",
        "room_type": "office",
        "_idx": 159,
        "_centroid": [
          126.9737369,
          37.2953053
        ],
        "_area_m2": 15
      },
      "geometry": {
        "type": "Polygon",
        "coordinates": [
          [
            [
              126.97370036736719,
              37.29529816028021
            ],
            [
              126.97370406404228,
              37.2953200432205
            ],
            [
              126.97377419945533,
              37.295312298050426
            ],
            [
              126.97376901711398,
              37.29529082105505
            ],
            [
              126.97370036736719,
              37.29529816028021
            ]
          ]
        ]
      }
    },
    {
      "type": "Feature",
      "properties": {
        "indoor": "room",
        "level": [
          1
        ],
        "ref": "",
        "name": "",
        "room_type": "",
        "_idx": 160,
        "_centroid": [
          126.9737369,
          37.2953053
        ],
        "_area_m2": 15
      },
      "geometry": {
        "type": "Polygon",
        "coordinates": [
          [
            [
              126.97370036736719,
              37.29529816028021
            ],
            [
              126.97370406404228,
              37.2953200432205
            ],
            [
              126.97377419945533,
              37.295312298050426
            ],
            [
              126.97376901711398,
              37.29529082105505
            ],
            [
              126.97370036736719,
              37.29529816028021
            ]
          ]
        ]
      }
    },
    {
      "type": "Feature",
      "properties": {
        "indoor": "room",
        "level": [
          1
        ],
        "ref": "51104B",
        "name": "물성측정실2",
        "room_type": "lab",
        "_idx": 161,
        "_centroid": [
          126.9743143,
          37.2953
        ],
        "_area_m2": 41.9
      },
      "geometry": {
        "type": "Polygon",
        "coordinates": [
          [
            [
              126.9742978515386,
              37.29526027596543
            ],
            [
              126.97426088751158,
              37.29530569542013
            ],
            [
              126.97433185285166,
              37.29533828944323
            ],
            [
              126.97436654128666,
              37.295295666135246
            ],
            [
              126.9742978515386,
              37.29526027596543
            ]
          ]
        ]
      }
    },
    {
      "type": "Feature",
      "properties": {
        "indoor": "room",
        "level": [
          1
        ],
        "ref": "",
        "name": "",
        "room_type": "",
        "_idx": 162,
        "_centroid": [
          126.9743143,
          37.2953
        ],
        "_area_m2": 41.9
      },
      "geometry": {
        "type": "Polygon",
        "coordinates": [
          [
            [
              126.9742978515386,
              37.29526027596543
            ],
            [
              126.97426088751158,
              37.29530569542013
            ],
            [
              126.97433185285166,
              37.29533828944323
            ],
            [
              126.97436654128666,
              37.295295666135246
            ],
            [
              126.9742978515386,
              37.29526027596543
            ]
          ]
        ]
      }
    },
    {
      "type": "Feature",
      "properties": {
        "indoor": "room",
        "level": [
          1
        ],
        "ref": "51111",
        "name": "배터리학과",
        "room_type": "office",
        "_idx": 163,
        "_centroid": [
          126.9737872,
          37.2952899
        ],
        "_area_m2": 18.1
      },
      "geometry": {
        "type": "Polygon",
        "coordinates": [
          [
            [
              126.97381900576676,
              37.295307437442226
            ],
            [
              126.97380907002442,
              37.295266261088166
            ],
            [
              126.9737646562698,
              37.29527274856155
            ],
            [
              126.97376901711398,
              37.29529082105505
            ],
            [
              126.97377419945533,
              37.295312298050426
            ],
            [
              126.97381900576676,
              37.295307437442226
            ]
          ]
        ]
      }
    },
    {
      "type": "Feature",
      "properties": {
        "indoor": "room",
        "level": [
          1
        ],
        "ref": "",
        "name": "",
        "room_type": "",
        "_idx": 164,
        "_centroid": [
          126.9737872,
          37.2952899
        ],
        "_area_m2": 18.1
      },
      "geometry": {
        "type": "Polygon",
        "coordinates": [
          [
            [
              126.97381900576676,
              37.295307437442226
            ],
            [
              126.97380907002442,
              37.295266261088166
            ],
            [
              126.9737646562698,
              37.29527274856155
            ],
            [
              126.97376901711398,
              37.29529082105505
            ],
            [
              126.97377419945533,
              37.295312298050426
            ],
            [
              126.97381900576676,
              37.295307437442226
            ]
          ]
        ]
      }
    },
    {
      "type": "Feature",
      "properties": {
        "indoor": "room",
        "level": [
          1
        ],
        "ref": "51113",
        "name": "배터리학과",
        "room_type": "office",
        "_idx": 165,
        "_centroid": [
          126.9737329,
          37.2952861
        ],
        "_area_m2": 11.5
      },
      "geometry": {
        "type": "Polygon",
        "coordinates": [
          [
            [
              126.97370036736719,
              37.29529816028021
            ],
            [
              126.97376901711398,
              37.29529082105505
            ],
            [
              126.9737646562698,
              37.29527274856155
            ],
            [
              126.97369752241381,
              37.29528255473776
            ],
            [
              126.97370036736719,
              37.29529816028021
            ]
          ]
        ]
      }
    },
    {
      "type": "Feature",
      "properties": {
        "indoor": "room",
        "level": [
          1
        ],
        "ref": "",
        "name": "",
        "room_type": "",
        "_idx": 166,
        "_centroid": [
          126.9737329,
          37.2952861
        ],
        "_area_m2": 11.5
      },
      "geometry": {
        "type": "Polygon",
        "coordinates": [
          [
            [
              126.97370036736719,
              37.29529816028021
            ],
            [
              126.97376901711398,
              37.29529082105505
            ],
            [
              126.9737646562698,
              37.29527274856155
            ],
            [
              126.97369752241381,
              37.29528255473776
            ],
            [
              126.97370036736719,
              37.29529816028021
            ]
          ]
        ]
      }
    },
    {
      "type": "Feature",
      "properties": {
        "indoor": "room",
        "level": [
          1
        ],
        "ref": "51110",
        "name": "배터리학과",
        "room_type": "office",
        "_idx": 167,
        "_centroid": [
          126.9738357,
          37.2952841
        ],
        "_area_m2": 18.3
      },
      "geometry": {
        "type": "Polygon",
        "coordinates": [
          [
            [
              126.97386247783979,
              37.29530272157278
            ],
            [
              126.97385216122942,
              37.2952599667983
            ],
            [
              126.97380907002442,
              37.295266261088166
            ],
            [
              126.97381900576676,
              37.295307437442226
            ],
            [
              126.97386247783979,
              37.29530272157278
            ]
          ]
        ]
      }
    },
    {
      "type": "Feature",
      "properties": {
        "indoor": "room",
        "level": [
          1
        ],
        "ref": "",
        "name": "",
        "room_type": "",
        "_idx": 168,
        "_centroid": [
          126.9738357,
          37.2952841
        ],
        "_area_m2": 18.3
      },
      "geometry": {
        "type": "Polygon",
        "coordinates": [
          [
            [
              126.97386247783979,
              37.29530272157278
            ],
            [
              126.97385216122942,
              37.2952599667983
            ],
            [
              126.97380907002442,
              37.295266261088166
            ],
            [
              126.97381900576676,
              37.295307437442226
            ],
            [
              126.97386247783979,
              37.29530272157278
            ]
          ]
        ]
      }
    },
    {
      "type": "Feature",
      "properties": {
        "indoor": "room",
        "level": [
          1
        ],
        "ref": "51109",
        "name": "배터리학과",
        "room_type": "office",
        "_idx": 169,
        "_centroid": [
          126.9738744,
          37.2952792
        ],
        "_area_m2": 14.9
      },
      "geometry": {
        "type": "Polygon",
        "coordinates": [
          [
            [
              126.97389671035613,
              37.29529900801448
            ],
            [
              126.97388609382779,
              37.29525501029708
            ],
            [
              126.97385216122942,
              37.2952599667983
            ],
            [
              126.97386247783979,
              37.29530272157278
            ],
            [
              126.97389671035613,
              37.29529900801448
            ]
          ]
        ]
      }
    },
    {
      "type": "Feature",
      "properties": {
        "indoor": "room",
        "level": [
          1
        ],
        "ref": "",
        "name": "",
        "room_type": "",
        "_idx": 170,
        "_centroid": [
          126.9738744,
          37.2952792
        ],
        "_area_m2": 14.9
      },
      "geometry": {
        "type": "Polygon",
        "coordinates": [
          [
            [
              126.97389671035613,
              37.29529900801448
            ],
            [
              126.97388609382779,
              37.29525501029708
            ],
            [
              126.97385216122942,
              37.2952599667983
            ],
            [
              126.97386247783979,
              37.29530272157278
            ],
            [
              126.97389671035613,
              37.29529900801448
            ]
          ]
        ]
      }
    },
    {
      "type": "Feature",
      "properties": {
        "indoor": "room",
        "level": [
          1
        ],
        "ref": "51108",
        "name": "배터리학과",
        "room_type": "office",
        "_idx": 171,
        "_centroid": [
          126.9739111,
          37.2952745
        ],
        "_area_m2": 17.8
      },
      "geometry": {
        "type": "Polygon",
        "coordinates": [
          [
            [
              126.97393636943234,
              37.2952947057806
            ],
            [
              126.97392540544283,
              37.2952492680882
            ],
            [
              126.97388609382779,
              37.29525501029708
            ],
            [
              126.97389671035613,
              37.29529900801448
            ],
            [
              126.97393636943234,
              37.2952947057806
            ]
          ]
        ]
      }
    },
    {
      "type": "Feature",
      "properties": {
        "indoor": "room",
        "level": [
          1
        ],
        "ref": "",
        "name": "",
        "room_type": "",
        "_idx": 172,
        "_centroid": [
          126.9739111,
          37.2952745
        ],
        "_area_m2": 17.8
      },
      "geometry": {
        "type": "Polygon",
        "coordinates": [
          [
            [
              126.97393636943234,
              37.2952947057806
            ],
            [
              126.97392540544283,
              37.2952492680882
            ],
            [
              126.97388609382779,
              37.29525501029708
            ],
            [
              126.97389671035613,
              37.29529900801448
            ],
            [
              126.97393636943234,
              37.2952947057806
            ]
          ]
        ]
      }
    },
    {
      "type": "Feature",
      "properties": {
        "indoor": "room",
        "level": [
          1
        ],
        "ref": "51107",
        "name": "배터리학과",
        "room_type": "office",
        "_idx": 173,
        "_centroid": [
          126.9739489,
          37.2952697
        ],
        "_area_m2": 16.7
      },
      "geometry": {
        "type": "Polygon",
        "coordinates": [
          [
            [
              126.97397259987649,
              37.295290775486215
            ],
            [
              126.9739613184647,
              37.295244022308474
            ],
            [
              126.97392540544283,
              37.2952492680882
            ],
            [
              126.97393636943234,
              37.2952947057806
            ],
            [
              126.97397259987649,
              37.295290775486215
            ]
          ]
        ]
      }
    },
    {
      "type": "Feature",
      "properties": {
        "indoor": "room",
        "level": [
          1
        ],
        "ref": "",
        "name": "",
        "room_type": "",
        "_idx": 174,
        "_centroid": [
          126.9739489,
          37.2952697
        ],
        "_area_m2": 16.7
      },
      "geometry": {
        "type": "Polygon",
        "coordinates": [
          [
            [
              126.97397259987649,
              37.295290775486215
            ],
            [
              126.9739613184647,
              37.295244022308474
            ],
            [
              126.97392540544283,
              37.2952492680882
            ],
            [
              126.97393636943234,
              37.2952947057806
            ],
            [
              126.97397259987649,
              37.295290775486215
            ]
          ]
        ]
      }
    },
    {
      "type": "Feature",
      "properties": {
        "indoor": "room",
        "level": [
          1
        ],
        "ref": "51106",
        "name": "배터리학과",
        "room_type": "office",
        "_idx": 175,
        "_centroid": [
          126.9739884,
          37.2952647
        ],
        "_area_m2": 20.5
      },
      "geometry": {
        "type": "Polygon",
        "coordinates": [
          [
            [
              126.97401566078837,
              37.29528610421972
            ],
            [
              126.97400400211107,
              37.29523778755029
            ],
            [
              126.9739613184647,
              37.295244022308474
            ],
            [
              126.97397259987649,
              37.295290775486215
            ],
            [
              126.97401566078837,
              37.29528610421972
            ]
          ]
        ]
      }
    },
    {
      "type": "Feature",
      "properties": {
        "indoor": "room",
        "level": [
          1
        ],
        "ref": "",
        "name": "",
        "room_type": "",
        "_idx": 176,
        "_centroid": [
          126.9739884,
          37.2952647
        ],
        "_area_m2": 20.5
      },
      "geometry": {
        "type": "Polygon",
        "coordinates": [
          [
            [
              126.97401566078837,
              37.29528610421972
            ],
            [
              126.97400400211107,
              37.29523778755029
            ],
            [
              126.9739613184647,
              37.295244022308474
            ],
            [
              126.97397259987649,
              37.295290775486215
            ],
            [
              126.97401566078837,
              37.29528610421972
            ]
          ]
        ]
      }
    },
    {
      "type": "Feature",
      "properties": {
        "indoor": "room",
        "level": [
          1
        ],
        "ref": "51104C",
        "name": "물성측정실1",
        "room_type": "lab",
        "_idx": 177,
        "_centroid": [
          126.9742614,
          37.2952634
        ],
        "_area_m2": 26.1
      },
      "geometry": {
        "type": "Polygon",
        "coordinates": [
          [
            [
              126.97425556114113,
              37.29523849459562
            ],
            [
              126.97425555907827,
              37.295238493533155
            ],
            [
              126.97422031240406,
              37.29528705947771
            ],
            [
              126.97426088751158,
              37.29530569542013
            ],
            [
              126.9742978515386,
              37.29526027596543
            ],
            [
              126.97427830230599,
              37.2952502074306
            ],
            [
              126.97425556114113,
              37.29523849459562
            ]
          ]
        ]
      }
    },
    {
      "type": "Feature",
      "properties": {
        "indoor": "room",
        "level": [
          1
        ],
        "ref": "",
        "name": "",
        "room_type": "",
        "_idx": 178,
        "_centroid": [
          126.9742614,
          37.2952634
        ],
        "_area_m2": 26.1
      },
      "geometry": {
        "type": "Polygon",
        "coordinates": [
          [
            [
              126.97425556114113,
              37.29523849459562
            ],
            [
              126.97425555907827,
              37.295238493533155
            ],
            [
              126.97422031240406,
              37.29528705947771
            ],
            [
              126.97426088751158,
              37.29530569542013
            ],
            [
              126.9742978515386,
              37.29526027596543
            ],
            [
              126.97427830230599,
              37.2952502074306
            ],
            [
              126.97425556114113,
              37.29523849459562
            ]
          ]
        ]
      }
    },
    {
      "type": "Feature",
      "properties": {
        "indoor": "room",
        "level": [
          1
        ],
        "ref": "51105",
        "name": "배터리학과",
        "room_type": "office",
        "_idx": 179,
        "_centroid": [
          126.9740438,
          37.2952575
        ],
        "_area_m2": 27.5
      },
      "geometry": {
        "type": "Polygon",
        "coordinates": [
          [
            [
              126.97406983994266,
              37.295280226841435
            ],
            [
              126.97406982512979,
              37.29528015122754
            ],
            [
              126.97405981465647,
              37.29522905166415
            ],
            [
              126.97404336480231,
              37.29523177660032
            ],
            [
              126.97400400211107,
              37.29523778755029
            ],
            [
              126.97401566078837,
              37.29528610421972
            ],
            [
              126.97406983994266,
              37.295280226841435
            ]
          ]
        ]
      }
    },
    {
      "type": "Feature",
      "properties": {
        "indoor": "room",
        "level": [
          1
        ],
        "ref": "",
        "name": "",
        "room_type": "",
        "_idx": 180,
        "_centroid": [
          126.9740438,
          37.2952575
        ],
        "_area_m2": 27.5
      },
      "geometry": {
        "type": "Polygon",
        "coordinates": [
          [
            [
              126.97406983994266,
              37.295280226841435
            ],
            [
              126.97406982512979,
              37.29528015122754
            ],
            [
              126.97405981465647,
              37.29522905166415
            ],
            [
              126.97404336480231,
              37.29523177660032
            ],
            [
              126.97400400211107,
              37.29523778755029
            ],
            [
              126.97401566078837,
              37.29528610421972
            ],
            [
              126.97406983994266,
              37.295280226841435
            ]
          ]
        ]
      }
    },
    {
      "type": "Feature",
      "properties": {
        "indoor": "room",
        "level": [
          1
        ],
        "ref": "",
        "name": "",
        "room_type": "",
        "_idx": 181,
        "_centroid": [
          126.9740878,
          37.2952511
        ],
        "_area_m2": 21.3
      },
      "geometry": {
        "type": "Polygon",
        "coordinates": [
          [
            [
              126.97406982512979,
              37.29528015122754
            ],
            [
              126.97408880818655,
              37.29527806487357
            ],
            [
              126.9741097775394,
              37.29527589439352
            ],
            [
              126.97410045871867,
              37.29522152987839
            ],
            [
              126.97409791523395,
              37.29522180579701
            ],
            [
              126.97405981465647,
              37.29522905166415
            ],
            [
              126.97406982512979,
              37.29528015122754
            ]
          ]
        ]
      }
    },
    {
      "type": "Feature",
      "properties": {
        "indoor": "room",
        "level": [
          1
        ],
        "ref": "",
        "name": "",
        "room_type": "",
        "_idx": 182,
        "_centroid": [
          126.9740878,
          37.2952511
        ],
        "_area_m2": 21.3
      },
      "geometry": {
        "type": "Polygon",
        "coordinates": [
          [
            [
              126.97406982512979,
              37.29528015122754
            ],
            [
              126.97408880818655,
              37.29527806487357
            ],
            [
              126.9741097775394,
              37.29527589439352
            ],
            [
              126.97410045871867,
              37.29522152987839
            ],
            [
              126.97409791523395,
              37.29522180579701
            ],
            [
              126.97405981465647,
              37.29522905166415
            ],
            [
              126.97406982512979,
              37.29528015122754
            ]
          ]
        ]
      }
    },
    {
      "type": "Feature",
      "properties": {
        "indoor": "room",
        "level": [
          1
        ],
        "ref": "",
        "name": "",
        "room_type": "",
        "_idx": 183,
        "_centroid": [
          126.974219,
          37.2952423
        ],
        "_area_m2": 45.5
      },
      "geometry": {
        "type": "Polygon",
        "coordinates": [
          [
            [
              126.97417764046757,
              37.2952685325908
            ],
            [
              126.97422031240406,
              37.29528705947771
            ],
            [
              126.97425555907829,
              37.29523849353315
            ],
            [
              126.9742499738143,
              37.295235616843414
            ],
            [
              126.97424190884198,
              37.29520794362963
            ],
            [
              126.9741686175479,
              37.295215894310495
            ],
            [
              126.97417764046757,
              37.2952685325908
            ]
          ]
        ]
      }
    },
    {
      "type": "Feature",
      "properties": {
        "indoor": "room",
        "level": [
          1
        ],
        "ref": "",
        "name": "",
        "room_type": "",
        "_idx": 184,
        "_centroid": [
          126.974219,
          37.2952423
        ],
        "_area_m2": 45.5
      },
      "geometry": {
        "type": "Polygon",
        "coordinates": [
          [
            [
              126.97417764046757,
              37.2952685325908
            ],
            [
              126.97422031240406,
              37.29528705947771
            ],
            [
              126.97425555907829,
              37.29523849353315
            ],
            [
              126.9742499738143,
              37.295235616843414
            ],
            [
              126.97424190884198,
              37.29520794362963
            ],
            [
              126.9741686175479,
              37.295215894310495
            ],
            [
              126.97417764046757,
              37.2952685325908
            ]
          ]
        ]
      }
    },
    {
      "type": "Feature",
      "properties": {
        "indoor": "room",
        "level": [
          1
        ],
        "ref": "32157",
        "name": "미화원휴게실",
        "room_type": "office",
        "_idx": 185,
        "_centroid": [
          126.975181,
          37.2952044
        ],
        "_area_m2": 285.4
      },
      "geometry": {
        "type": "Polygon",
        "coordinates": [
          [
            [
              126.97526342331895,
              37.295195749827755
            ],
            [
              126.97524975969631,
              37.29519746591501
            ],
            [
              126.97523601306888,
              37.295128198376105
            ],
            [
              126.97514639113824,
              37.29513945469883
            ],
            [
              126.97512360209313,
              37.295125967479784
            ],
            [
              126.9750702084448,
              37.29518678533907
            ],
            [
              126.97506654169342,
              37.295249986765775
            ],
            [
              126.97520716675724,
              37.295330728092814
            ],
            [
              126.97526586243605,
              37.29528500711104
            ],
            [
              126.97526342331895,
              37.295195749827755
            ]
          ]
        ]
      }
    },
    {
      "type": "Feature",
      "properties": {
        "indoor": "room",
        "level": [
          1
        ],
        "ref": "",
        "name": "",
        "room_type": "",
        "_idx": 186,
        "_centroid": [
          126.975181,
          37.2952044
        ],
        "_area_m2": 285.4
      },
      "geometry": {
        "type": "Polygon",
        "coordinates": [
          [
            [
              126.97526342331895,
              37.295195749827755
            ],
            [
              126.97524975969631,
              37.29519746591501
            ],
            [
              126.97523601306888,
              37.295128198376105
            ],
            [
              126.97514639113824,
              37.29513945469883
            ],
            [
              126.97512360209313,
              37.295125967479784
            ],
            [
              126.9750702084448,
              37.29518678533907
            ],
            [
              126.97506654169342,
              37.295249986765775
            ],
            [
              126.97520716675724,
              37.295330728092814
            ],
            [
              126.97526586243605,
              37.29528500711104
            ],
            [
              126.97526342331895,
              37.295195749827755
            ]
          ]
        ]
      }
    },
    {
      "type": "Feature",
      "properties": {
        "indoor": "room",
        "level": [
          1
        ],
        "ref": "",
        "name": "",
        "room_type": "",
        "_idx": 187,
        "_centroid": [
          126.9752625,
          37.2951755
        ],
        "_area_m2": 25.2
      },
      "geometry": {
        "type": "Polygon",
        "coordinates": [
          [
            [
              126.9752860675534,
              37.29519278939247
            ],
            [
              126.97527234345004,
              37.295123635357974
            ],
            [
              126.97523601306888,
              37.295128198376105
            ],
            [
              126.97524975969631,
              37.29519746591501
            ],
            [
              126.97526342331895,
              37.295195749827755
            ],
            [
              126.97526341678272,
              37.29519551064074
            ],
            [
              126.9752664291451,
              37.29519537231001
            ],
            [
              126.9752860675534,
              37.29519278939247
            ]
          ]
        ]
      }
    },
    {
      "type": "Feature",
      "properties": {
        "indoor": "room",
        "level": [
          1
        ],
        "ref": "",
        "name": "",
        "room_type": "",
        "_idx": 188,
        "_centroid": [
          126.9752625,
          37.2951755
        ],
        "_area_m2": 25.2
      },
      "geometry": {
        "type": "Polygon",
        "coordinates": [
          [
            [
              126.9752860675534,
              37.29519278939247
            ],
            [
              126.97527234345004,
              37.295123635357974
            ],
            [
              126.97523601306888,
              37.295128198376105
            ],
            [
              126.97524975969631,
              37.29519746591501
            ],
            [
              126.97526342331895,
              37.295195749827755
            ],
            [
              126.97526341678272,
              37.29519551064074
            ],
            [
              126.9752664291451,
              37.29519537231001
            ],
            [
              126.9752860675534,
              37.29519278939247
            ]
          ]
        ]
      }
    },
    {
      "type": "Feature",
      "properties": {
        "indoor": "room",
        "level": [
          1
        ],
        "ref": "32156B",
        "name": "동물실험실",
        "room_type": "lab",
        "_idx": 189,
        "_centroid": [
          126.9753316,
          37.2951515
        ],
        "_area_m2": 72.2
      },
      "geometry": {
        "type": "Polygon",
        "coordinates": [
          [
            [
              126.97539070154761,
              37.29517902753487
            ],
            [
              126.97537709750748,
              37.29511047847251
            ],
            [
              126.97527234345004,
              37.295123635357974
            ],
            [
              126.9752860675534,
              37.29519278939247
            ],
            [
              126.97539070154761,
              37.29517902753487
            ]
          ]
        ]
      }
    },
    {
      "type": "Feature",
      "properties": {
        "indoor": "room",
        "level": [
          1
        ],
        "ref": "",
        "name": "",
        "room_type": "",
        "_idx": 190,
        "_centroid": [
          126.9753316,
          37.2951515
        ],
        "_area_m2": 72.2
      },
      "geometry": {
        "type": "Polygon",
        "coordinates": [
          [
            [
              126.97539070154761,
              37.29517902753487
            ],
            [
              126.97537709750748,
              37.29511047847251
            ],
            [
              126.97527234345004,
              37.295123635357974
            ],
            [
              126.9752860675534,
              37.29519278939247
            ],
            [
              126.97539070154761,
              37.29517902753487
            ]
          ]
        ]
      }
    },
    {
      "type": "Feature",
      "properties": {
        "indoor": "room",
        "level": [
          1
        ],
        "ref": "32156A",
        "name": "방사성동위원소실험실",
        "room_type": "lab",
        "_idx": 191,
        "_centroid": [
          126.9754404,
          37.2951375
        ],
        "_area_m2": 77.3
      },
      "geometry": {
        "type": "Polygon",
        "coordinates": [
          [
            [
              126.97550369759185,
              37.295164165868904
            ],
            [
              126.97549022321044,
              37.29509627012628
            ],
            [
              126.97537709750748,
              37.29511047847251
            ],
            [
              126.97539070154761,
              37.29517902753487
            ],
            [
              126.97550369759185,
              37.295164165868904
            ]
          ]
        ]
      }
    },
    {
      "type": "Feature",
      "properties": {
        "indoor": "room",
        "level": [
          1
        ],
        "ref": "",
        "name": "",
        "room_type": "",
        "_idx": 192,
        "_centroid": [
          126.9754404,
          37.2951375
        ],
        "_area_m2": 77.3
      },
      "geometry": {
        "type": "Polygon",
        "coordinates": [
          [
            [
              126.97550369759185,
              37.295164165868904
            ],
            [
              126.97549022321044,
              37.29509627012628
            ],
            [
              126.97537709750748,
              37.29511047847251
            ],
            [
              126.97539070154761,
              37.29517902753487
            ],
            [
              126.97550369759185,
              37.295164165868904
            ]
          ]
        ]
      }
    },
    {
      "type": "Feature",
      "properties": {
        "indoor": "room",
        "level": [
          1
        ],
        "ref": "32158A",
        "name": "전공실험실",
        "room_type": "lab",
        "_idx": 193,
        "_centroid": [
          126.9750284,
          37.2951277
        ],
        "_area_m2": 60.5
      },
      "geometry": {
        "type": "Polygon",
        "coordinates": [
          [
            [
              126.97509201781207,
              37.295108505324
            ],
            [
              126.97502285287945,
              37.29507089735214
            ],
            [
              126.97497061108925,
              37.29513170134656
            ],
            [
              126.97501730126868,
              37.29515764162174
            ],
            [
              126.97503937954902,
              37.29516966690909
            ],
            [
              126.97509201781207,
              37.295108505324
            ]
          ]
        ]
      }
    },
    {
      "type": "Feature",
      "properties": {
        "indoor": "room",
        "level": [
          1
        ],
        "ref": "",
        "name": "",
        "room_type": "",
        "_idx": 194,
        "_centroid": [
          126.9750284,
          37.2951277
        ],
        "_area_m2": 60.5
      },
      "geometry": {
        "type": "Polygon",
        "coordinates": [
          [
            [
              126.97509201781207,
              37.295108505324
            ],
            [
              126.97502285287945,
              37.29507089735214
            ],
            [
              126.97497061108925,
              37.29513170134656
            ],
            [
              126.97501730126868,
              37.29515764162174
            ],
            [
              126.97503937954902,
              37.29516966690909
            ],
            [
              126.97509201781207,
              37.295108505324
            ]
          ]
        ]
      }
    },
    {
      "type": "Feature",
      "properties": {
        "indoor": "room",
        "level": [
          1
        ],
        "ref": "32154",
        "name": "해양식물배양실",
        "room_type": "lab",
        "_idx": 195,
        "_centroid": [
          126.9755357,
          37.2951252
        ],
        "_area_m2": 52.6
      },
      "geometry": {
        "type": "Polygon",
        "coordinates": [
          [
            [
              126.97558120601514,
              37.295153971668704
            ],
            [
              126.97556782057106,
              37.29508652406383
            ],
            [
              126.97549022321044,
              37.29509627012628
            ],
            [
              126.97550369759185,
              37.295164165868904
            ],
            [
              126.97558120601514,
              37.295153971668704
            ]
          ]
        ]
      }
    },
    {
      "type": "Feature",
      "properties": {
        "indoor": "room",
        "level": [
          1
        ],
        "ref": "",
        "name": "",
        "room_type": "",
        "_idx": 196,
        "_centroid": [
          126.9755357,
          37.2951252
        ],
        "_area_m2": 52.6
      },
      "geometry": {
        "type": "Polygon",
        "coordinates": [
          [
            [
              126.97558120601514,
              37.295153971668704
            ],
            [
              126.97556782057106,
              37.29508652406383
            ],
            [
              126.97549022321044,
              37.29509627012628
            ],
            [
              126.97550369759185,
              37.295164165868904
            ],
            [
              126.97558120601514,
              37.295153971668704
            ]
          ]
        ]
      }
    },
    {
      "type": "Feature",
      "properties": {
        "indoor": "room",
        "level": [
          1
        ],
        "ref": "32153",
        "name": "생명과학과세미나실",
        "room_type": "classroom",
        "_idx": 197,
        "_centroid": [
          126.9756104,
          37.2951156
        ],
        "_area_m2": 48.4
      },
      "geometry": {
        "type": "Polygon",
        "coordinates": [
          [
            [
              126.97565297773315,
              37.29514453198162
            ],
            [
              126.97563967464555,
              37.29507749934582
            ],
            [
              126.97556782057106,
              37.29508652406383
            ],
            [
              126.97558120601514,
              37.295153971668704
            ],
            [
              126.97565297773315,
              37.29514453198162
            ]
          ]
        ]
      }
    },
    {
      "type": "Feature",
      "properties": {
        "indoor": "room",
        "level": [
          1
        ],
        "ref": "",
        "name": "",
        "room_type": "",
        "_idx": 198,
        "_centroid": [
          126.9756104,
          37.2951156
        ],
        "_area_m2": 48.4
      },
      "geometry": {
        "type": "Polygon",
        "coordinates": [
          [
            [
              126.97565297773315,
              37.29514453198162
            ],
            [
              126.97563967464555,
              37.29507749934582
            ],
            [
              126.97556782057106,
              37.29508652406383
            ],
            [
              126.97558120601514,
              37.295153971668704
            ],
            [
              126.97565297773315,
              37.29514453198162
            ]
          ]
        ]
      }
    },
    {
      "type": "Feature",
      "properties": {
        "indoor": "room",
        "level": [
          1
        ],
        "ref": "32152",
        "name": "식물표본실준비실",
        "room_type": "lab",
        "_idx": 199,
        "_centroid": [
          126.9756826,
          37.2951064
        ],
        "_area_m2": 48.5
      },
      "geometry": {
        "type": "Polygon",
        "coordinates": [
          [
            [
              126.97572543025078,
              37.295135002753206
            ],
            [
              126.97571221029915,
              37.29506838902294
            ],
            [
              126.97563967464555,
              37.29507749934582
            ],
            [
              126.97565297773315,
              37.29514453198162
            ],
            [
              126.97572543025078,
              37.295135002753206
            ]
          ]
        ]
      }
    },
    {
      "type": "Feature",
      "properties": {
        "indoor": "room",
        "level": [
          1
        ],
        "ref": "",
        "name": "",
        "room_type": "",
        "_idx": 200,
        "_centroid": [
          126.9756826,
          37.2951064
        ],
        "_area_m2": 48.5
      },
      "geometry": {
        "type": "Polygon",
        "coordinates": [
          [
            [
              126.97572543025078,
              37.295135002753206
            ],
            [
              126.97571221029915,
              37.29506838902294
            ],
            [
              126.97563967464555,
              37.29507749934582
            ],
            [
              126.97565297773315,
              37.29514453198162
            ],
            [
              126.97572543025078,
              37.295135002753206
            ]
          ]
        ]
      }
    },
    {
      "type": "Feature",
      "properties": {
        "indoor": "room",
        "level": [
          1
        ],
        "ref": "32151",
        "name": "식물표본실",
        "room_type": "lab",
        "_idx": 201,
        "_centroid": [
          126.975748,
          37.2950979
        ],
        "_area_m2": 38.9
      },
      "geometry": {
        "type": "Polygon",
        "coordinates": [
          [
            [
              126.97577142722344,
              37.29506095164046
            ],
            [
              126.97571221029915,
              37.29506838902294
            ],
            [
              126.97572543025078,
              37.295135002753206
            ],
            [
              126.97578311810553,
              37.29512741542895
            ],
            [
              126.97577142722344,
              37.29506095164046
            ]
          ]
        ]
      }
    },
    {
      "type": "Feature",
      "properties": {
        "indoor": "room",
        "level": [
          1
        ],
        "ref": "",
        "name": "",
        "room_type": "",
        "_idx": 202,
        "_centroid": [
          126.975748,
          37.2950979
        ],
        "_area_m2": 38.9
      },
      "geometry": {
        "type": "Polygon",
        "coordinates": [
          [
            [
              126.97577142722344,
              37.29506095164046
            ],
            [
              126.97571221029915,
              37.29506838902294
            ],
            [
              126.97572543025078,
              37.295135002753206
            ],
            [
              126.97578311810553,
              37.29512741542895
            ],
            [
              126.97577142722344,
              37.29506095164046
            ]
          ]
        ]
      }
    },
    {
      "type": "Feature",
      "properties": {
        "indoor": "room",
        "level": [
          1
        ],
        "ref": "32158B",
        "name": "합성생물학연구실/최동희교수실",
        "room_type": "lab",
        "_idx": 203,
        "_centroid": [
          126.9749559,
          37.2950788
        ],
        "_area_m2": 71.1
      },
      "geometry": {
        "type": "Polygon",
        "coordinates": [
          [
            [
              126.97497061108925,
              37.29513170134656
            ],
            [
              126.97502285287945,
              37.29507089735214
            ],
            [
              126.97494087857469,
              37.29502623600859
            ],
            [
              126.97488914986675,
              37.29508644286708
            ],
            [
              126.97497061108925,
              37.29513170134656
            ]
          ]
        ]
      }
    },
    {
      "type": "Feature",
      "properties": {
        "indoor": "room",
        "level": [
          1
        ],
        "ref": "",
        "name": "",
        "room_type": "",
        "_idx": 204,
        "_centroid": [
          126.9749559,
          37.2950788
        ],
        "_area_m2": 71.1
      },
      "geometry": {
        "type": "Polygon",
        "coordinates": [
          [
            [
              126.97497061108925,
              37.29513170134656
            ],
            [
              126.97502285287945,
              37.29507089735214
            ],
            [
              126.97494087857469,
              37.29502623600859
            ],
            [
              126.97488914986675,
              37.29508644286708
            ],
            [
              126.97497061108925,
              37.29513170134656
            ]
          ]
        ]
      }
    },
    {
      "type": "Feature",
      "properties": {
        "indoor": "room",
        "level": [
          1
        ],
        "ref": "",
        "name": "",
        "room_type": "",
        "_idx": 205,
        "_centroid": [
          126.9753358,
          37.2950625
        ],
        "_area_m2": 84.1
      },
      "geometry": {
        "type": "Polygon",
        "coordinates": [
          [
            [
              126.975515640741,
              37.29507024962432
            ],
            [
              126.97549595355271,
              37.29499213757146
            ],
            [
              126.97545906904541,
              37.29499803435676
            ],
            [
              126.9754725201385,
              37.295074884794886
            ],
            [
              126.97525852547612,
              37.29509044943104
            ],
            [
              126.97518895263435,
              37.29505241166232
            ],
            [
              126.97514028948044,
              37.295106609556534
            ],
            [
              126.97515545983252,
              37.29511522984024
            ],
            [
              126.975515640741,
              37.29507024962432
            ]
          ]
        ]
      }
    },
    {
      "type": "Feature",
      "properties": {
        "indoor": "room",
        "level": [
          1
        ],
        "ref": "",
        "name": "",
        "room_type": "",
        "_idx": 206,
        "_centroid": [
          126.9753358,
          37.2950625
        ],
        "_area_m2": 84.1
      },
      "geometry": {
        "type": "Polygon",
        "coordinates": [
          [
            [
              126.975515640741,
              37.29507024962432
            ],
            [
              126.97549595355271,
              37.29499213757146
            ],
            [
              126.97545906904541,
              37.29499803435676
            ],
            [
              126.9754725201385,
              37.295074884794886
            ],
            [
              126.97525852547612,
              37.29509044943104
            ],
            [
              126.97518895263435,
              37.29505241166232
            ],
            [
              126.97514028948044,
              37.295106609556534
            ],
            [
              126.97515545983252,
              37.29511522984024
            ],
            [
              126.975515640741,
              37.29507024962432
            ]
          ]
        ]
      }
    },
    {
      "type": "Feature",
      "properties": {
        "indoor": "room",
        "level": [
          1
        ],
        "ref": "32150",
        "name": "",
        "room_type": "",
        "_idx": 207,
        "_centroid": [
          126.9751211,
          37.2950558
        ],
        "_area_m2": 23.5
      },
      "geometry": {
        "type": "Polygon",
        "coordinates": [
          [
            [
              126.97515957749958,
              37.29503644041036
            ],
            [
              126.97513002021496,
              37.2950202406186
            ],
            [
              126.97508256798787,
              37.29507503302706
            ],
            [
              126.97511215984116,
              37.295091634113554
            ],
            [
              126.97515957749958,
              37.29503644041036
            ]
          ]
        ]
      }
    },
    {
      "type": "Feature",
      "properties": {
        "indoor": "room",
        "level": [
          1
        ],
        "ref": "",
        "name": "",
        "room_type": "",
        "_idx": 208,
        "_centroid": [
          126.9751211,
          37.2950558
        ],
        "_area_m2": 23.5
      },
      "geometry": {
        "type": "Polygon",
        "coordinates": [
          [
            [
              126.97515957749958,
              37.29503644041036
            ],
            [
              126.97513002021496,
              37.2950202406186
            ],
            [
              126.97508256798787,
              37.29507503302706
            ],
            [
              126.97511215984116,
              37.295091634113554
            ],
            [
              126.97515957749958,
              37.29503644041036
            ]
          ]
        ]
      }
    },
    {
      "type": "Feature",
      "properties": {
        "indoor": "room",
        "level": [
          1
        ],
        "ref": "32159",
        "name": "퇴행성 면역 중개의학연구실",
        "room_type": "lab",
        "_idx": 209,
        "_centroid": [
          126.9749007,
          37.2950485
        ],
        "_area_m2": 24.7
      },
      "geometry": {
        "type": "Polygon",
        "coordinates": [
          [
            [
              126.97488914986675,
              37.29508644286708
            ],
            [
              126.97494087857469,
              37.29502623600859
            ],
            [
              126.97491225843864,
              37.29501064315017
            ],
            [
              126.97486070886653,
              37.29507064152767
            ],
            [
              126.97488914986675,
              37.29508644286708
            ]
          ]
        ]
      }
    },
    {
      "type": "Feature",
      "properties": {
        "indoor": "room",
        "level": [
          1
        ],
        "ref": "",
        "name": "",
        "room_type": "",
        "_idx": 210,
        "_centroid": [
          126.9749007,
          37.2950485
        ],
        "_area_m2": 24.7
      },
      "geometry": {
        "type": "Polygon",
        "coordinates": [
          [
            [
              126.97488914986675,
              37.29508644286708
            ],
            [
              126.97494087857469,
              37.29502623600859
            ],
            [
              126.97491225843864,
              37.29501064315017
            ],
            [
              126.97486070886653,
              37.29507064152767
            ],
            [
              126.97488914986675,
              37.29508644286708
            ]
          ]
        ]
      }
    },
    {
      "type": "Feature",
      "properties": {
        "indoor": "room",
        "level": [
          1
        ],
        "ref": "",
        "name": "",
        "room_type": "",
        "_idx": 211,
        "_centroid": [
          126.9740767,
          37.2950439
        ],
        "_area_m2": 635.5
      },
      "geometry": {
        "type": "Polygon",
        "coordinates": [
          [
            [
              126.97416285896777,
              37.29493675036898
            ],
            [
              126.97415636155908,
              37.29490617545287
            ],
            [
              126.97411471949817,
              37.29491185553344
            ],
            [
              126.97401402299997,
              37.29492870090259
            ],
            [
              126.97402741776716,
              37.29497937416656
            ],
            [
              126.97399918585633,
              37.29498409703757
            ],
            [
              126.97397909340195,
              37.2949080859848
            ],
            [
              126.97397082264017,
              37.29487403650253
            ],
            [
              126.97400107754993,
              37.29483181084303
            ],
            [
              126.9739390955295,
              37.294841414866355
            ],
            [
              126.97404336480231,
              37.29523177660032
            ],
            [
              126.97409791523395,
              37.29522180579701
            ],
            [
              126.97410045871867,
              37.29522152987839
            ],
            [
              126.9741097775394,
              37.29527589439352
            ],
            [
              126.97417764046757,
              37.2952685325908
            ],
            [
              126.9741686175479,
              37.295215894310495
            ],
            [
              126.97424190884198,
              37.29520794362963
            ],
            [
              126.97416285896777,
              37.29493675036898
            ]
          ]
        ]
      }
    },
    {
      "type": "Feature",
      "properties": {
        "indoor": "room",
        "level": [
          1
        ],
        "ref": "",
        "name": "",
        "room_type": "",
        "_idx": 212,
        "_centroid": [
          126.9740767,
          37.2950439
        ],
        "_area_m2": 635.5
      },
      "geometry": {
        "type": "Polygon",
        "coordinates": [
          [
            [
              126.97416285896777,
              37.29493675036898
            ],
            [
              126.97415636155908,
              37.29490617545287
            ],
            [
              126.97411471949817,
              37.29491185553344
            ],
            [
              126.97401402299997,
              37.29492870090259
            ],
            [
              126.97402741776716,
              37.29497937416656
            ],
            [
              126.97399918585633,
              37.29498409703757
            ],
            [
              126.97397909340195,
              37.2949080859848
            ],
            [
              126.97397082264017,
              37.29487403650253
            ],
            [
              126.97400107754993,
              37.29483181084303
            ],
            [
              126.9739390955295,
              37.294841414866355
            ],
            [
              126.97404336480231,
              37.29523177660032
            ],
            [
              126.97409791523395,
              37.29522180579701
            ],
            [
              126.97410045871867,
              37.29522152987839
            ],
            [
              126.9741097775394,
              37.29527589439352
            ],
            [
              126.97417764046757,
              37.2952685325908
            ],
            [
              126.9741686175479,
              37.295215894310495
            ],
            [
              126.97424190884198,
              37.29520794362963
            ],
            [
              126.97416285896777,
              37.29493675036898
            ]
          ]
        ]
      }
    },
    {
      "type": "Feature",
      "properties": {
        "indoor": "room",
        "level": [
          1
        ],
        "ref": "32106",
        "name": "식물분자계통분류학연구실",
        "room_type": "lab",
        "_idx": 213,
        "_centroid": [
          126.9750747,
          37.2950301
        ],
        "_area_m2": 49.8
      },
      "geometry": {
        "type": "Polygon",
        "coordinates": [
          [
            [
              126.97508256798787,
              37.29507503302706
            ],
            [
              126.97513002021496,
              37.2950202406186
            ],
            [
              126.9750664955121,
              37.29498550361876
            ],
            [
              126.97501956815135,
              37.29503968999787
            ],
            [
              126.97508256798787,
              37.29507503302706
            ]
          ]
        ]
      }
    },
    {
      "type": "Feature",
      "properties": {
        "indoor": "room",
        "level": [
          1
        ],
        "ref": "",
        "name": "",
        "room_type": "",
        "_idx": 214,
        "_centroid": [
          126.9750747,
          37.2950301
        ],
        "_area_m2": 49.8
      },
      "geometry": {
        "type": "Polygon",
        "coordinates": [
          [
            [
              126.97508256798787,
              37.29507503302706
            ],
            [
              126.97513002021496,
              37.2950202406186
            ],
            [
              126.9750664955121,
              37.29498550361876
            ],
            [
              126.97501956815135,
              37.29503968999787
            ],
            [
              126.97508256798787,
              37.29507503302706
            ]
          ]
        ]
      }
    },
    {
      "type": "Feature",
      "properties": {
        "indoor": "room",
        "level": [
          1
        ],
        "ref": "32104",
        "name": "생명과학실험준비실",
        "room_type": "lab",
        "_idx": 215,
        "_centroid": [
          126.9755287,
          37.2950279
        ],
        "_area_m2": 36.6
      },
      "geometry": {
        "type": "Polygon",
        "coordinates": [
          [
            [
              126.97556163720782,
              37.295064505480305
            ],
            [
              126.97554156010608,
              37.29498484637869
            ],
            [
              126.97549595355271,
              37.29499213757146
            ],
            [
              126.975515640741,
              37.29507024962432
            ],
            [
              126.97556163720782,
              37.295064505480305
            ]
          ]
        ]
      }
    },
    {
      "type": "Feature",
      "properties": {
        "indoor": "room",
        "level": [
          1
        ],
        "ref": "",
        "name": "",
        "room_type": "",
        "_idx": 216,
        "_centroid": [
          126.9755287,
          37.2950279
        ],
        "_area_m2": 36.6
      },
      "geometry": {
        "type": "Polygon",
        "coordinates": [
          [
            [
              126.97556163720782,
              37.295064505480305
            ],
            [
              126.97554156010608,
              37.29498484637869
            ],
            [
              126.97549595355271,
              37.29499213757146
            ],
            [
              126.975515640741,
              37.29507024962432
            ],
            [
              126.97556163720782,
              37.295064505480305
            ]
          ]
        ]
      }
    },
    {
      "type": "Feature",
      "properties": {
        "indoor": "room",
        "level": [
          1
        ],
        "ref": "32160",
        "name": "퇴행성 면역 중개의학연구실",
        "room_type": "lab",
        "_idx": 217,
        "_centroid": [
          126.974857,
          37.2950244
        ],
        "_area_m2": 50.7
      },
      "geometry": {
        "type": "Polygon",
        "coordinates": [
          [
            [
              126.97486070886653,
              37.29507064152767
            ],
            [
              126.97491225843864,
              37.29501064315017
            ],
            [
              126.974853162383,
              37.294978446363004
            ],
            [
              126.97480198269501,
              37.29503801425856
            ],
            [
              126.97486070886653,
              37.29507064152767
            ]
          ]
        ]
      }
    },
    {
      "type": "Feature",
      "properties": {
        "indoor": "room",
        "level": [
          1
        ],
        "ref": "",
        "name": "",
        "room_type": "",
        "_idx": 218,
        "_centroid": [
          126.974857,
          37.2950244
        ],
        "_area_m2": 50.7
      },
      "geometry": {
        "type": "Polygon",
        "coordinates": [
          [
            [
              126.97486070886653,
              37.29507064152767
            ],
            [
              126.97491225843864,
              37.29501064315017
            ],
            [
              126.974853162383,
              37.294978446363004
            ],
            [
              126.97480198269501,
              37.29503801425856
            ],
            [
              126.97486070886653,
              37.29507064152767
            ]
          ]
        ]
      }
    },
    {
      "type": "Feature",
      "properties": {
        "indoor": "room",
        "level": [
          1
        ],
        "ref": "32103",
        "name": "김철호교수실",
        "room_type": "office",
        "_idx": 219,
        "_centroid": [
          126.9755724,
          37.2950217
        ],
        "_area_m2": 33.9
      },
      "geometry": {
        "type": "Polygon",
        "coordinates": [
          [
            [
              126.97560346493354,
              37.295059281938215
            ],
            [
              126.97558303325795,
              37.294978215999436
            ],
            [
              126.97554156010608,
              37.29498484637869
            ],
            [
              126.97556163720782,
              37.295064505480305
            ],
            [
              126.97560346493354,
              37.295059281938215
            ]
          ]
        ]
      }
    },
    {
      "type": "Feature",
      "properties": {
        "indoor": "room",
        "level": [
          1
        ],
        "ref": "",
        "name": "",
        "room_type": "",
        "_idx": 220,
        "_centroid": [
          126.9755724,
          37.2950217
        ],
        "_area_m2": 33.9
      },
      "geometry": {
        "type": "Polygon",
        "coordinates": [
          [
            [
              126.97560346493354,
              37.295059281938215
            ],
            [
              126.97558303325795,
              37.294978215999436
            ],
            [
              126.97554156010608,
              37.29498484637869
            ],
            [
              126.97556163720782,
              37.295064505480305
            ],
            [
              126.97560346493354,
              37.295059281938215
            ]
          ]
        ]
      }
    },
    {
      "type": "Feature",
      "properties": {
        "indoor": "room",
        "level": [
          1
        ],
        "ref": "32102",
        "name": "분자당쇄생물학연구실Ⅰ",
        "room_type": "lab",
        "_idx": 221,
        "_centroid": [
          126.9756375,
          37.2950125
        ],
        "_area_m2": 73.9
      },
      "geometry": {
        "type": "Polygon",
        "coordinates": [
          [
            [
              126.97569229667444,
              37.29504818842717
            ],
            [
              126.9756711119703,
              37.29496413471453
            ],
            [
              126.97558303325795,
              37.294978215999436
            ],
            [
              126.97560346493354,
              37.295059281938215
            ],
            [
              126.97569229667444,
              37.29504818842717
            ]
          ]
        ]
      }
    },
    {
      "type": "Feature",
      "properties": {
        "indoor": "room",
        "level": [
          1
        ],
        "ref": "",
        "name": "",
        "room_type": "",
        "_idx": 222,
        "_centroid": [
          126.9756375,
          37.2950125
        ],
        "_area_m2": 73.9
      },
      "geometry": {
        "type": "Polygon",
        "coordinates": [
          [
            [
              126.97569229667444,
              37.29504818842717
            ],
            [
              126.9756711119703,
              37.29496413471453
            ],
            [
              126.97558303325795,
              37.294978215999436
            ],
            [
              126.97560346493354,
              37.295059281938215
            ],
            [
              126.97569229667444,
              37.29504818842717
            ]
          ]
        ]
      }
    },
    {
      "type": "Feature",
      "properties": {
        "indoor": "room",
        "level": [
          1
        ],
        "ref": "32107",
        "name": "임화선교수실",
        "room_type": "office",
        "_idx": 223,
        "_centroid": [
          126.9750294,
          37.295005
        ],
        "_area_m2": 21.4
      },
      "geometry": {
        "type": "Polygon",
        "coordinates": [
          [
            [
              126.97501956815135,
              37.29503968999787
            ],
            [
              126.9750664955121,
              37.29498550361876
            ],
            [
              126.97503904557601,
              37.29497049326244
            ],
            [
              126.97499234501822,
              37.295024417767934
            ],
            [
              126.97501956815135,
              37.29503968999787
            ]
          ]
        ]
      }
    },
    {
      "type": "Feature",
      "properties": {
        "indoor": "room",
        "level": [
          1
        ],
        "ref": "",
        "name": "",
        "room_type": "",
        "_idx": 224,
        "_centroid": [
          126.9750294,
          37.295005
        ],
        "_area_m2": 21.4
      },
      "geometry": {
        "type": "Polygon",
        "coordinates": [
          [
            [
              126.97501956815135,
              37.29503968999787
            ],
            [
              126.9750664955121,
              37.29498550361876
            ],
            [
              126.97503904557601,
              37.29497049326244
            ],
            [
              126.97499234501822,
              37.295024417767934
            ],
            [
              126.97501956815135,
              37.29503968999787
            ]
          ]
        ]
      }
    },
    {
      "type": "Feature",
      "properties": {
        "indoor": "room",
        "level": [
          1
        ],
        "ref": "32101",
        "name": "분자당쇄생물학연구실Ⅱ",
        "room_type": "lab",
        "_idx": 225,
        "_centroid": [
          126.9757204,
          37.2950006
        ],
        "_area_m2": 66.9
      },
      "geometry": {
        "type": "Polygon",
        "coordinates": [
          [
            [
              126.97575132461283,
              37.29495134038131
            ],
            [
              126.9756711119703,
              37.29496413471453
            ],
            [
              126.97569229667444,
              37.29504818842717
            ],
            [
              126.97576704174182,
              37.29503885409214
            ],
            [
              126.97575132461283,
              37.29495134038131
            ]
          ]
        ]
      }
    },
    {
      "type": "Feature",
      "properties": {
        "indoor": "room",
        "level": [
          1
        ],
        "ref": "",
        "name": "",
        "room_type": "",
        "_idx": 226,
        "_centroid": [
          126.9757204,
          37.2950006
        ],
        "_area_m2": 66.9
      },
      "geometry": {
        "type": "Polygon",
        "coordinates": [
          [
            [
              126.97575132461283,
              37.29495134038131
            ],
            [
              126.9756711119703,
              37.29496413471453
            ],
            [
              126.97569229667444,
              37.29504818842717
            ],
            [
              126.97576704174182,
              37.29503885409214
            ],
            [
              126.97575132461283,
              37.29495134038131
            ]
          ]
        ]
      }
    },
    {
      "type": "Feature",
      "properties": {
        "indoor": "room",
        "level": [
          1
        ],
        "ref": "32161",
        "name": "생명과학과학생회실",
        "room_type": "",
        "_idx": 227,
        "_centroid": [
          126.9748105,
          37.2949988
        ],
        "_area_m2": 29.3
      },
      "geometry": {
        "type": "Polygon",
        "coordinates": [
          [
            [
              126.97480198269501,
              37.29503801425856
            ],
            [
              126.974853162383,
              37.294978446363004
            ],
            [
              126.97481881237049,
              37.2949597317461
            ],
            [
              126.97476784767957,
              37.29501904942045
            ],
            [
              126.97480198269501,
              37.29503801425856
            ]
          ]
        ]
      }
    },
    {
      "type": "Feature",
      "properties": {
        "indoor": "room",
        "level": [
          1
        ],
        "ref": "",
        "name": "",
        "room_type": "",
        "_idx": 228,
        "_centroid": [
          126.9748105,
          37.2949988
        ],
        "_area_m2": 29.3
      },
      "geometry": {
        "type": "Polygon",
        "coordinates": [
          [
            [
              126.97480198269501,
              37.29503801425856
            ],
            [
              126.974853162383,
              37.294978446363004
            ],
            [
              126.97481881237049,
              37.2949597317461
            ],
            [
              126.97476784767957,
              37.29501904942045
            ],
            [
              126.97480198269501,
              37.29503801425856
            ]
          ]
        ]
      }
    },
    {
      "type": "Feature",
      "properties": {
        "indoor": "room",
        "level": [
          1
        ],
        "ref": "32108",
        "name": "양시영교수실",
        "room_type": "office",
        "_idx": 229,
        "_centroid": [
          126.9750008,
          37.2949892
        ],
        "_area_m2": 23.2
      },
      "geometry": {
        "type": "Polygon",
        "coordinates": [
          [
            [
              126.97499234501822,
              37.295024417767934
            ],
            [
              126.97503904557601,
              37.29497049326244
            ],
            [
              126.97500908422721,
              37.29495410959874
            ],
            [
              126.97496263122213,
              37.29500774827131
            ],
            [
              126.97499234501822,
              37.295024417767934
            ]
          ]
        ]
      }
    },
    {
      "type": "Feature",
      "properties": {
        "indoor": "room",
        "level": [
          1
        ],
        "ref": "",
        "name": "",
        "room_type": "",
        "_idx": 230,
        "_centroid": [
          126.9750008,
          37.2949892
        ],
        "_area_m2": 23.2
      },
      "geometry": {
        "type": "Polygon",
        "coordinates": [
          [
            [
              126.97499234501822,
              37.295024417767934
            ],
            [
              126.97503904557601,
              37.29497049326244
            ],
            [
              126.97500908422721,
              37.29495410959874
            ],
            [
              126.97496263122213,
              37.29500774827131
            ],
            [
              126.97499234501822,
              37.295024417767934
            ]
          ]
        ]
      }
    },
    {
      "type": "Feature",
      "properties": {
        "indoor": "room",
        "level": [
          1
        ],
        "ref": "",
        "name": "",
        "room_type": "",
        "_idx": 231,
        "_centroid": [
          126.9749539,
          37.2949632
        ],
        "_area_m2": 49.2
      },
      "geometry": {
        "type": "Polygon",
        "coordinates": [
          [
            [
              126.97494500525112,
              37.29491901354348
            ],
            [
              126.97489907062413,
              37.29497209065385
            ],
            [
              126.97496263122213,
              37.29500774827131
            ],
            [
              126.97500908422721,
              37.29495410959874
            ],
            [
              126.97494500525112,
              37.29491901354348
            ]
          ]
        ]
      }
    },
    {
      "type": "Feature",
      "properties": {
        "indoor": "room",
        "level": [
          1
        ],
        "ref": "",
        "name": "",
        "room_type": "",
        "_idx": 232,
        "_centroid": [
          126.9749539,
          37.2949632
        ],
        "_area_m2": 49.2
      },
      "geometry": {
        "type": "Polygon",
        "coordinates": [
          [
            [
              126.97494500525112,
              37.29491901354348
            ],
            [
              126.97489907062413,
              37.29497209065385
            ],
            [
              126.97496263122213,
              37.29500774827131
            ],
            [
              126.97500908422721,
              37.29495410959874
            ],
            [
              126.97494500525112,
              37.29491901354348
            ]
          ]
        ]
      }
    },
    {
      "type": "Feature",
      "properties": {
        "indoor": "room",
        "level": [
          1
        ],
        "ref": "32162A",
        "name": "생명과학실험실",
        "room_type": "lab",
        "_idx": 233,
        "_centroid": [
          126.9747306,
          37.2949549
        ],
        "_area_m2": 106.3
      },
      "geometry": {
        "type": "Polygon",
        "coordinates": [
          [
            [
              126.97476784767957,
              37.29501904942045
            ],
            [
              126.97481881237049,
              37.2949597317461
            ],
            [
              126.97469291342098,
              37.2948911393225
            ],
            [
              126.97464273673637,
              37.29494953989332
            ],
            [
              126.97476784767957,
              37.29501904942045
            ]
          ]
        ]
      }
    },
    {
      "type": "Feature",
      "properties": {
        "indoor": "room",
        "level": [
          1
        ],
        "ref": "",
        "name": "",
        "room_type": "",
        "_idx": 234,
        "_centroid": [
          126.9747306,
          37.2949549
        ],
        "_area_m2": 106.3
      },
      "geometry": {
        "type": "Polygon",
        "coordinates": [
          [
            [
              126.97476784767957,
              37.29501904942045
            ],
            [
              126.97481881237049,
              37.2949597317461
            ],
            [
              126.97469291342098,
              37.2948911393225
            ],
            [
              126.97464273673637,
              37.29494953989332
            ],
            [
              126.97476784767957,
              37.29501904942045
            ]
          ]
        ]
      }
    },
    {
      "type": "Feature",
      "properties": {
        "indoor": "room",
        "level": [
          1
        ],
        "ref": "32119",
        "name": "생명과학과PC실",
        "room_type": "classroom",
        "_idx": 235,
        "_centroid": [
          126.9740406,
          37.2949331
        ],
        "_area_m2": 48.1
      },
      "geometry": {
        "type": "Polygon",
        "coordinates": [
          [
            [
              126.97410922727678,
              37.29488631607328
            ],
            [
              126.97397909340195,
              37.2949080859848
            ],
            [
              126.97399918585633,
              37.29498409703757
            ],
            [
              126.97402741776716,
              37.29497937416656
            ],
            [
              126.97401402299997,
              37.29492870090259
            ],
            [
              126.97411471949817,
              37.29491185553344
            ],
            [
              126.97410922727678,
              37.29488631607328
            ]
          ]
        ]
      }
    },
    {
      "type": "Feature",
      "properties": {
        "indoor": "room",
        "level": [
          1
        ],
        "ref": "",
        "name": "",
        "room_type": "",
        "_idx": 236,
        "_centroid": [
          126.9740406,
          37.2949331
        ],
        "_area_m2": 48.1
      },
      "geometry": {
        "type": "Polygon",
        "coordinates": [
          [
            [
              126.97410922727678,
              37.29488631607328
            ],
            [
              126.97397909340195,
              37.2949080859848
            ],
            [
              126.97399918585633,
              37.29498409703757
            ],
            [
              126.97402741776716,
              37.29497937416656
            ],
            [
              126.97401402299997,
              37.29492870090259
            ],
            [
              126.97411471949817,
              37.29491185553344
            ],
            [
              126.97410922727678,
              37.29488631607328
            ]
          ]
        ]
      }
    },
    {
      "type": "Feature",
      "properties": {
        "indoor": "room",
        "level": [
          1
        ],
        "ref": "",
        "name": "",
        "room_type": "",
        "_idx": 237,
        "_centroid": [
          126.9741723,
          37.2949229
        ],
        "_area_m2": 9.2
      },
      "geometry": {
        "type": "Polygon",
        "coordinates": [
          [
            [
              126.97419290394653,
              37.294932793111926
            ],
            [
              126.97418637742784,
              37.2949020812138
            ],
            [
              126.97415636155908,
              37.29490617545287
            ],
            [
              126.97416285896777,
              37.29493675036898
            ],
            [
              126.97416287280502,
              37.294936748508036
            ],
            [
              126.97419290394653,
              37.294932793111926
            ]
          ]
        ]
      }
    },
    {
      "type": "Feature",
      "properties": {
        "indoor": "room",
        "level": [
          1
        ],
        "ref": "",
        "name": "",
        "room_type": "",
        "_idx": 238,
        "_centroid": [
          126.9741723,
          37.2949229
        ],
        "_area_m2": 9.2
      },
      "geometry": {
        "type": "Polygon",
        "coordinates": [
          [
            [
              126.97419290394653,
              37.294932793111926
            ],
            [
              126.97418637742784,
              37.2949020812138
            ],
            [
              126.97415636155908,
              37.29490617545287
            ],
            [
              126.97416285896777,
              37.29493675036898
            ],
            [
              126.97416287280502,
              37.294936748508036
            ],
            [
              126.97419290394653,
              37.294932793111926
            ]
          ]
        ]
      }
    },
    {
      "type": "Feature",
      "properties": {
        "indoor": "room",
        "level": [
          1
        ],
        "ref": "32109",
        "name": "분자시스템생물학연구실",
        "room_type": "lab",
        "_idx": 239,
        "_centroid": [
          126.9748764,
          37.2949203
        ],
        "_area_m2": 69.4
      },
      "geometry": {
        "type": "Polygon",
        "coordinates": [
          [
            [
              126.97489907062413,
              37.29497209065385
            ],
            [
              126.97494500525112,
              37.29491901354348
            ],
            [
              126.97485342088966,
              37.29486895027576
            ],
            [
              126.97480825280792,
              37.294921141684654
            ],
            [
              126.97489907062413,
              37.29497209065385
            ]
          ]
        ]
      }
    },
    {
      "type": "Feature",
      "properties": {
        "indoor": "room",
        "level": [
          1
        ],
        "ref": "",
        "name": "",
        "room_type": "",
        "_idx": 240,
        "_centroid": [
          126.9748764,
          37.2949203
        ],
        "_area_m2": 69.4
      },
      "geometry": {
        "type": "Polygon",
        "coordinates": [
          [
            [
              126.97489907062413,
              37.29497209065385
            ],
            [
              126.97494500525112,
              37.29491901354348
            ],
            [
              126.97485342088966,
              37.29486895027576
            ],
            [
              126.97480825280792,
              37.294921141684654
            ],
            [
              126.97489907062413,
              37.29497209065385
            ]
          ]
        ]
      }
    },
    {
      "type": "Feature",
      "properties": {
        "indoor": "room",
        "level": [
          1
        ],
        "ref": "32165B",
        "name": "GT10공초점현미경실",
        "room_type": "lab",
        "_idx": 241,
        "_centroid": [
          126.9742158,
          37.2949139
        ],
        "_area_m2": 16.2
      },
      "geometry": {
        "type": "Polygon",
        "coordinates": [
          [
            [
              126.97424515195749,
              37.29492591153603
            ],
            [
              126.97423857480399,
              37.294894961362004
            ],
            [
              126.97418637742784,
              37.2949020812138
            ],
            [
              126.97419290394653,
              37.294932793111926
            ],
            [
              126.97424515195749,
              37.29492591153603
            ]
          ]
        ]
      }
    },
    {
      "type": "Feature",
      "properties": {
        "indoor": "room",
        "level": [
          1
        ],
        "ref": "",
        "name": "",
        "room_type": "",
        "_idx": 242,
        "_centroid": [
          126.9742158,
          37.2949139
        ],
        "_area_m2": 16.2
      },
      "geometry": {
        "type": "Polygon",
        "coordinates": [
          [
            [
              126.97424515195749,
              37.29492591153603
            ],
            [
              126.97423857480399,
              37.294894961362004
            ],
            [
              126.97418637742784,
              37.2949020812138
            ],
            [
              126.97419290394653,
              37.294932793111926
            ],
            [
              126.97424515195749,
              37.29492591153603
            ]
          ]
        ]
      }
    },
    {
      "type": "Feature",
      "properties": {
        "indoor": "room",
        "level": [
          1
        ],
        "ref": "32165A",
        "name": "GT10공동기기실",
        "room_type": "lab",
        "_idx": 243,
        "_centroid": [
          126.9742709,
          37.2949065
        ],
        "_area_m2": 18.1
      },
      "geometry": {
        "type": "Polygon",
        "coordinates": [
          [
            [
              126.97430326610217,
              37.294918257332746
            ],
            [
              126.97429663262875,
              37.29488704213046
            ],
            [
              126.97423857480399,
              37.294894961362004
            ],
            [
              126.97424515195749,
              37.29492591153603
            ],
            [
              126.97430326610217,
              37.294918257332746
            ]
          ]
        ]
      }
    },
    {
      "type": "Feature",
      "properties": {
        "indoor": "room",
        "level": [
          1
        ],
        "ref": "",
        "name": "",
        "room_type": "",
        "_idx": 244,
        "_centroid": [
          126.9742709,
          37.2949065
        ],
        "_area_m2": 18.1
      },
      "geometry": {
        "type": "Polygon",
        "coordinates": [
          [
            [
              126.97430326610217,
              37.294918257332746
            ],
            [
              126.97429663262875,
              37.29488704213046
            ],
            [
              126.97423857480399,
              37.294894961362004
            ],
            [
              126.97424515195749,
              37.29492591153603
            ],
            [
              126.97430326610217,
              37.294918257332746
            ]
          ]
        ]
      }
    },
    {
      "type": "Feature",
      "properties": {
        "indoor": "room",
        "level": [
          1
        ],
        "ref": "32162B",
        "name": "생태학연구실Ⅱ",
        "room_type": "lab",
        "_idx": 245,
        "_centroid": [
          126.9746408,
          37.2949054
        ],
        "_area_m2": 45.3
      },
      "geometry": {
        "type": "Polygon",
        "coordinates": [
          [
            [
              126.97464273673637,
              37.29494953989332
            ],
            [
              126.97469291342098,
              37.2948911393225
            ],
            [
              126.9746386175465,
              37.29486155777605
            ],
            [
              126.97458878070059,
              37.294919562831055
            ],
            [
              126.97464273673637,
              37.29494953989332
            ]
          ]
        ]
      }
    },
    {
      "type": "Feature",
      "properties": {
        "indoor": "room",
        "level": [
          1
        ],
        "ref": "",
        "name": "",
        "room_type": "",
        "_idx": 246,
        "_centroid": [
          126.9746408,
          37.2949054
        ],
        "_area_m2": 45.3
      },
      "geometry": {
        "type": "Polygon",
        "coordinates": [
          [
            [
              126.97464273673637,
              37.29494953989332
            ],
            [
              126.97469291342098,
              37.2948911393225
            ],
            [
              126.9746386175465,
              37.29486155777605
            ],
            [
              126.97458878070059,
              37.294919562831055
            ],
            [
              126.97464273673637,
              37.29494953989332
            ]
          ]
        ]
      }
    },
    {
      "type": "Feature",
      "properties": {
        "indoor": "room",
        "level": [
          1
        ],
        "ref": "32164",
        "name": "계산신경과학연구실",
        "room_type": "lab",
        "_idx": 247,
        "_centroid": [
          126.9743546,
          37.2948953
        ],
        "_area_m2": 34.6
      },
      "geometry": {
        "type": "Polygon",
        "coordinates": [
          [
            [
              126.97441264968214,
              37.29490385044159
            ],
            [
              126.9744059102022,
              37.29487213639794
            ],
            [
              126.97429663262875,
              37.29488704213046
            ],
            [
              126.97430326610217,
              37.294918257332746
            ],
            [
              126.97441264968214,
              37.29490385044159
            ]
          ]
        ]
      }
    },
    {
      "type": "Feature",
      "properties": {
        "indoor": "room",
        "level": [
          1
        ],
        "ref": "",
        "name": "",
        "room_type": "",
        "_idx": 248,
        "_centroid": [
          126.9743546,
          37.2948953
        ],
        "_area_m2": 34.6
      },
      "geometry": {
        "type": "Polygon",
        "coordinates": [
          [
            [
              126.97441264968214,
              37.29490385044159
            ],
            [
              126.9744059102022,
              37.29487213639794
            ],
            [
              126.97429663262875,
              37.29488704213046
            ],
            [
              126.97430326610217,
              37.294918257332746
            ],
            [
              126.97441264968214,
              37.29490385044159
            ]
          ]
        ]
      }
    },
    {
      "type": "Feature",
      "properties": {
        "indoor": "room",
        "level": [
          1
        ],
        "ref": "32110",
        "name": "김홍숙교수실",
        "room_type": "office",
        "_idx": 249,
        "_centroid": [
          126.9748161,
          37.2948869
        ],
        "_area_m2": 22.1
      },
      "geometry": {
        "type": "Polygon",
        "coordinates": [
          [
            [
              126.97480825280792,
              37.294921141684654
            ],
            [
              126.97485342088966,
              37.29486895027576
            ],
            [
              126.97482390717187,
              37.29485281702843
            ],
            [
              126.9747789861143,
              37.294904723013374
            ],
            [
              126.97480825280792,
              37.294921141684654
            ]
          ]
        ]
      }
    },
    {
      "type": "Feature",
      "properties": {
        "indoor": "room",
        "level": [
          1
        ],
        "ref": "",
        "name": "",
        "room_type": "",
        "_idx": 250,
        "_centroid": [
          126.9748161,
          37.2948869
        ],
        "_area_m2": 22.1
      },
      "geometry": {
        "type": "Polygon",
        "coordinates": [
          [
            [
              126.97480825280792,
              37.294921141684654
            ],
            [
              126.97485342088966,
              37.29486895027576
            ],
            [
              126.97482390717187,
              37.29485281702843
            ],
            [
              126.9747789861143,
              37.294904723013374
            ],
            [
              126.97480825280792,
              37.294921141684654
            ]
          ]
        ]
      }
    },
    {
      "type": "Feature",
      "properties": {
        "indoor": "room",
        "level": [
          1
        ],
        "ref": "32163",
        "name": "분자발생학 연구실",
        "room_type": "lab",
        "_idx": 251,
        "_centroid": [
          126.9744269,
          37.2948856
        ],
        "_area_m2": 11.2
      },
      "geometry": {
        "type": "Polygon",
        "coordinates": [
          [
            [
              126.97444782313273,
              37.2948992177529
            ],
            [
              126.97444104956537,
              37.2948673433015
            ],
            [
              126.9744059102022,
              37.29487213639794
            ],
            [
              126.97441264968214,
              37.29490385044159
            ],
            [
              126.97444782313273,
              37.2948992177529
            ]
          ]
        ]
      }
    },
    {
      "type": "Feature",
      "properties": {
        "indoor": "room",
        "level": [
          1
        ],
        "ref": "",
        "name": "",
        "room_type": "",
        "_idx": 252,
        "_centroid": [
          126.9744269,
          37.2948856
        ],
        "_area_m2": 11.2
      },
      "geometry": {
        "type": "Polygon",
        "coordinates": [
          [
            [
              126.97444782313273,
              37.2948992177529
            ],
            [
              126.97444104956537,
              37.2948673433015
            ],
            [
              126.9744059102022,
              37.29487213639794
            ],
            [
              126.97441264968214,
              37.29490385044159
            ],
            [
              126.97444782313273,
              37.2948992177529
            ]
          ]
        ]
      }
    },
    {
      "type": "Feature",
      "properties": {
        "indoor": "room",
        "level": [
          1
        ],
        "ref": "",
        "name": "",
        "room_type": "",
        "_idx": 253,
        "_centroid": [
          126.9744973,
          37.2948801
        ],
        "_area_m2": 28.4
      },
      "geometry": {
        "type": "Polygon",
        "coordinates": [
          [
            [
              126.97453640982013,
              37.29489046645432
            ],
            [
              126.97452894809432,
              37.29485535372376
            ],
            [
              126.97444104956537,
              37.2948673433015
            ],
            [
              126.97444782313273,
              37.2948992177529
            ],
            [
              126.97453216645086,
              37.294888108910015
            ],
            [
              126.97453640982013,
              37.29489046645432
            ]
          ]
        ]
      }
    },
    {
      "type": "Feature",
      "properties": {
        "indoor": "room",
        "level": [
          1
        ],
        "ref": "",
        "name": "",
        "room_type": "",
        "_idx": 254,
        "_centroid": [
          126.9744973,
          37.2948801
        ],
        "_area_m2": 28.4
      },
      "geometry": {
        "type": "Polygon",
        "coordinates": [
          [
            [
              126.97453640982013,
              37.29489046645432
            ],
            [
              126.97452894809432,
              37.29485535372376
            ],
            [
              126.97444104956537,
              37.2948673433015
            ],
            [
              126.97444782313273,
              37.2948992177529
            ],
            [
              126.97453216645086,
              37.294888108910015
            ],
            [
              126.97453640982013,
              37.29489046645432
            ]
          ]
        ]
      }
    },
    {
      "type": "Feature",
      "properties": {
        "indoor": "room",
        "level": [
          1
        ],
        "ref": "",
        "name": "",
        "room_type": "",
        "_idx": 255,
        "_centroid": [
          126.9745801,
          37.2948743
        ],
        "_area_m2": 48.6
      },
      "geometry": {
        "type": "Polygon",
        "coordinates": [
          [
            [
              126.97460777250343,
              37.294844752741
            ],
            [
              126.97452894809432,
              37.29485535372376
            ],
            [
              126.97453640982013,
              37.29489046645432
            ],
            [
              126.97458878070059,
              37.294919562831055
            ],
            [
              126.9746386175465,
              37.29486155777605
            ],
            [
              126.97460777250343,
              37.294844752741
            ]
          ]
        ]
      }
    },
    {
      "type": "Feature",
      "properties": {
        "indoor": "room",
        "level": [
          1
        ],
        "ref": "",
        "name": "",
        "room_type": "",
        "_idx": 256,
        "_centroid": [
          126.9745801,
          37.2948743
        ],
        "_area_m2": 48.6
      },
      "geometry": {
        "type": "Polygon",
        "coordinates": [
          [
            [
              126.97460777250343,
              37.294844752741
            ],
            [
              126.97452894809432,
              37.29485535372376
            ],
            [
              126.97453640982013,
              37.29489046645432
            ],
            [
              126.97458878070059,
              37.294919562831055
            ],
            [
              126.9746386175465,
              37.29486155777605
            ],
            [
              126.97460777250343,
              37.294844752741
            ]
          ]
        ]
      }
    },
    {
      "type": "Feature",
      "properties": {
        "indoor": "room",
        "level": [
          1
        ],
        "ref": "32111",
        "name": "김정하교수실",
        "room_type": "office",
        "_idx": 257,
        "_centroid": [
          126.9747855,
          37.2948699
        ],
        "_area_m2": 23.8
      },
      "geometry": {
        "type": "Polygon",
        "coordinates": [
          [
            [
              126.9747789861143,
              37.294904723013374
            ],
            [
              126.97482390717187,
              37.29485281702843
            ],
            [
              126.9747918845062,
              37.294835312301
            ],
            [
              126.9747472314728,
              37.29488690859855
            ],
            [
              126.9747789861143,
              37.294904723013374
            ]
          ]
        ]
      }
    },
    {
      "type": "Feature",
      "properties": {
        "indoor": "room",
        "level": [
          1
        ],
        "ref": "",
        "name": "",
        "room_type": "",
        "_idx": 258,
        "_centroid": [
          126.9747855,
          37.2948699
        ],
        "_area_m2": 23.8
      },
      "geometry": {
        "type": "Polygon",
        "coordinates": [
          [
            [
              126.9747789861143,
              37.294904723013374
            ],
            [
              126.97482390717187,
              37.29485281702843
            ],
            [
              126.9747918845062,
              37.294835312301
            ],
            [
              126.9747472314728,
              37.29488690859855
            ],
            [
              126.9747789861143,
              37.294904723013374
            ]
          ]
        ]
      }
    },
    {
      "type": "Feature",
      "properties": {
        "indoor": "room",
        "level": [
          1
        ],
        "ref": "32118",
        "name": "생명과학과열람실",
        "room_type": "lounge",
        "_idx": 259,
        "_centroid": [
          126.9740309,
          37.2948635
        ],
        "_area_m2": 85.4
      },
      "geometry": {
        "type": "Polygon",
        "coordinates": [
          [
            [
              126.97400107754993,
              37.29483181084303
            ],
            [
              126.97397082264017,
              37.29487403650253
            ],
            [
              126.97397909340195,
              37.2949080859848
            ],
            [
              126.97410922727678,
              37.29488631607328
            ],
            [
              126.97409439648963,
              37.29481735120994
            ],
            [
              126.97400107754993,
              37.29483181084303
            ]
          ]
        ]
      }
    },
    {
      "type": "Feature",
      "properties": {
        "indoor": "room",
        "level": [
          1
        ],
        "ref": "",
        "name": "",
        "room_type": "",
        "_idx": 260,
        "_centroid": [
          126.9740309,
          37.2948635
        ],
        "_area_m2": 85.4
      },
      "geometry": {
        "type": "Polygon",
        "coordinates": [
          [
            [
              126.97400107754993,
              37.29483181084303
            ],
            [
              126.97397082264017,
              37.29487403650253
            ],
            [
              126.97397909340195,
              37.2949080859848
            ],
            [
              126.97410922727678,
              37.29488631607328
            ],
            [
              126.97409439648963,
              37.29481735120994
            ],
            [
              126.97400107754993,
              37.29483181084303
            ]
          ]
        ]
      }
    },
    {
      "type": "Feature",
      "properties": {
        "indoor": "room",
        "level": [
          1
        ],
        "ref": "32117",
        "name": "바이오분자아키텍처연구실",
        "room_type": "lab",
        "_idx": 261,
        "_centroid": [
          126.974188,
          37.2948408
        ],
        "_area_m2": 79.1
      },
      "geometry": {
        "type": "Polygon",
        "coordinates": [
          [
            [
              126.97423176441097,
              37.29479561493097
            ],
            [
              126.97412617853198,
              37.29481254953671
            ],
            [
              126.97414360482891,
              37.29488554660204
            ],
            [
              126.97425046430375,
              37.294869402139206
            ],
            [
              126.97423176441097,
              37.29479561493097
            ]
          ]
        ]
      }
    },
    {
      "type": "Feature",
      "properties": {
        "indoor": "room",
        "level": [
          1
        ],
        "ref": "",
        "name": "",
        "room_type": "",
        "_idx": 262,
        "_centroid": [
          126.974188,
          37.2948408
        ],
        "_area_m2": 79.1
      },
      "geometry": {
        "type": "Polygon",
        "coordinates": [
          [
            [
              126.97423176441097,
              37.29479561493097
            ],
            [
              126.97412617853198,
              37.29481254953671
            ],
            [
              126.97414360482891,
              37.29488554660204
            ],
            [
              126.97425046430375,
              37.294869402139206
            ],
            [
              126.97423176441097,
              37.29479561493097
            ]
          ]
        ]
      }
    },
    {
      "type": "Feature",
      "properties": {
        "indoor": "room",
        "level": [
          1
        ],
        "ref": "32112",
        "name": "생태학연구실Ⅰ",
        "room_type": "lab",
        "_idx": 263,
        "_centroid": [
          126.9747162,
          37.294833
        ],
        "_area_m2": 64.6
      },
      "geometry": {
        "type": "Polygon",
        "coordinates": [
          [
            [
              126.9747472314728,
              37.29488690859855
            ],
            [
              126.9747918845062,
              37.294835312301
            ],
            [
              126.9747037898046,
              37.29478715660541
            ],
            [
              126.97467811980667,
              37.29481787282648
            ],
            [
              126.97465987410708,
              37.29483790094872
            ],
            [
              126.9747472314728,
              37.29488690859855
            ]
          ]
        ]
      }
    },
    {
      "type": "Feature",
      "properties": {
        "indoor": "room",
        "level": [
          1
        ],
        "ref": "",
        "name": "",
        "room_type": "",
        "_idx": 264,
        "_centroid": [
          126.9747162,
          37.294833
        ],
        "_area_m2": 64.6
      },
      "geometry": {
        "type": "Polygon",
        "coordinates": [
          [
            [
              126.9747472314728,
              37.29488690859855
            ],
            [
              126.9747918845062,
              37.294835312301
            ],
            [
              126.9747037898046,
              37.29478715660541
            ],
            [
              126.97467811980667,
              37.29481787282648
            ],
            [
              126.97465987410708,
              37.29483790094872
            ],
            [
              126.9747472314728,
              37.29488690859855
            ]
          ]
        ]
      }
    },
    {
      "type": "Feature",
      "properties": {
        "indoor": "room",
        "level": [
          1
        ],
        "ref": "32116",
        "name": "이상호교수실",
        "room_type": "office",
        "_idx": 265,
        "_centroid": [
          126.9742616,
          37.2948294
        ],
        "_area_m2": 30.7
      },
      "geometry": {
        "type": "Polygon",
        "coordinates": [
          [
            [
              126.97423176441097,
              37.29479561493097
            ],
            [
              126.97425046430375,
              37.294869402139206
            ],
            [
              126.97429147052009,
              37.29486320686886
            ],
            [
              126.97427275226521,
              37.294789347197344
            ],
            [
              126.97423176441097,
              37.29479561493097
            ]
          ]
        ]
      }
    },
    {
      "type": "Feature",
      "properties": {
        "indoor": "room",
        "level": [
          1
        ],
        "ref": "",
        "name": "",
        "room_type": "",
        "_idx": 266,
        "_centroid": [
          126.9742616,
          37.2948294
        ],
        "_area_m2": 30.7
      },
      "geometry": {
        "type": "Polygon",
        "coordinates": [
          [
            [
              126.97423176441097,
              37.29479561493097
            ],
            [
              126.97425046430375,
              37.294869402139206
            ],
            [
              126.97429147052009,
              37.29486320686886
            ],
            [
              126.97427275226521,
              37.294789347197344
            ],
            [
              126.97423176441097,
              37.29479561493097
            ]
          ]
        ]
      }
    },
    {
      "type": "Feature",
      "properties": {
        "indoor": "room",
        "level": [
          1
        ],
        "ref": "32115",
        "name": "식물세포생물학연구실",
        "room_type": "lab",
        "_idx": 267,
        "_centroid": [
          126.974335,
          37.2948182
        ],
        "_area_m2": 79.4
      },
      "geometry": {
        "type": "Polygon",
        "coordinates": [
          [
            [
              126.97427275226521,
              37.294789347197344
            ],
            [
              126.97429147052009,
              37.29486320686886
            ],
            [
              126.97439728999814,
              37.29484721953004
            ],
            [
              126.97437852435674,
              37.294773172862115
            ],
            [
              126.97427275226521,
              37.294789347197344
            ]
          ]
        ]
      }
    },
    {
      "type": "Feature",
      "properties": {
        "indoor": "room",
        "level": [
          1
        ],
        "ref": "",
        "name": "",
        "room_type": "",
        "_idx": 268,
        "_centroid": [
          126.974335,
          37.2948182
        ],
        "_area_m2": 79.4
      },
      "geometry": {
        "type": "Polygon",
        "coordinates": [
          [
            [
              126.97427275226521,
              37.294789347197344
            ],
            [
              126.97429147052009,
              37.29486320686886
            ],
            [
              126.97439728999814,
              37.29484721953004
            ],
            [
              126.97437852435674,
              37.294773172862115
            ],
            [
              126.97427275226521,
              37.294789347197344
            ]
          ]
        ]
      }
    },
    {
      "type": "Feature",
      "properties": {
        "indoor": "room",
        "level": [
          1
        ],
        "ref": "32112A",
        "name": "경비실",
        "room_type": "office",
        "_idx": 269,
        "_centroid": [
          126.9746365,
          37.2948129
        ],
        "_area_m2": 15.1
      },
      "geometry": {
        "type": "Polygon",
        "coordinates": [
          [
            [
              126.97467811980667,
              37.29481787282648
            ],
            [
              126.97462638240913,
              37.29478899882836
            ],
            [
              126.97460829149074,
              37.29480990279176
            ],
            [
              126.97460965223576,
              37.294809726382525
            ],
            [
              126.97465987410708,
              37.29483790094872
            ],
            [
              126.97467811980667,
              37.29481787282648
            ]
          ]
        ]
      }
    },
    {
      "type": "Feature",
      "properties": {
        "indoor": "room",
        "level": [
          1
        ],
        "ref": "",
        "name": "",
        "room_type": "",
        "_idx": 270,
        "_centroid": [
          126.9746365,
          37.2948129
        ],
        "_area_m2": 15.1
      },
      "geometry": {
        "type": "Polygon",
        "coordinates": [
          [
            [
              126.97467811980667,
              37.29481787282648
            ],
            [
              126.97462638240913,
              37.29478899882836
            ],
            [
              126.97460829149074,
              37.29480990279176
            ],
            [
              126.97460965223576,
              37.294809726382525
            ],
            [
              126.97465987410708,
              37.29483790094872
            ],
            [
              126.97467811980667,
              37.29481787282648
            ]
          ]
        ]
      }
    },
    {
      "type": "Feature",
      "properties": {
        "indoor": "room",
        "level": [
          1
        ],
        "ref": "32114",
        "name": "김지연교수실",
        "room_type": "office",
        "_idx": 271,
        "_centroid": [
          126.9744087,
          37.294807
        ],
        "_area_m2": 31.2
      },
      "geometry": {
        "type": "Polygon",
        "coordinates": [
          [
            [
              126.97437852435674,
              37.294773172862115
            ],
            [
              126.97439728999814,
              37.29484721953004
            ],
            [
              126.97443878715895,
              37.29484095008719
            ],
            [
              126.97442000293506,
              37.294766830088506
            ],
            [
              126.97437852435674,
              37.294773172862115
            ]
          ]
        ]
      }
    },
    {
      "type": "Feature",
      "properties": {
        "indoor": "room",
        "level": [
          1
        ],
        "ref": "",
        "name": "",
        "room_type": "",
        "_idx": 272,
        "_centroid": [
          126.9744087,
          37.294807
        ],
        "_area_m2": 31.2
      },
      "geometry": {
        "type": "Polygon",
        "coordinates": [
          [
            [
              126.97437852435674,
              37.294773172862115
            ],
            [
              126.97439728999814,
              37.29484721953004
            ],
            [
              126.97443878715895,
              37.29484095008719
            ],
            [
              126.97442000293506,
              37.294766830088506
            ],
            [
              126.97437852435674,
              37.294773172862115
            ]
          ]
        ]
      }
    },
    {
      "type": "Feature",
      "properties": {
        "indoor": "room",
        "level": [
          1
        ],
        "ref": "",
        "name": "",
        "room_type": "",
        "_idx": 273,
        "_centroid": [
          126.9745137,
          37.2947924
        ],
        "_area_m2": 25.8
      },
      "geometry": {
        "type": "Polygon",
        "coordinates": [
          [
            [
              126.97448748734631,
              37.29475801867797
            ],
            [
              126.97450429685743,
              37.294831052800184
            ],
            [
              126.97454005789773,
              37.29482564997758
            ],
            [
              126.97452311779043,
              37.29475468945787
            ],
            [
              126.97448748734631,
              37.29475801867797
            ]
          ]
        ]
      }
    },
    {
      "type": "Feature",
      "properties": {
        "indoor": "room",
        "level": [
          1
        ],
        "ref": "",
        "name": "",
        "room_type": "",
        "_idx": 274,
        "_centroid": [
          126.9745137,
          37.2947924
        ],
        "_area_m2": 25.8
      },
      "geometry": {
        "type": "Polygon",
        "coordinates": [
          [
            [
              126.97448748734631,
              37.29475801867797
            ],
            [
              126.97450429685743,
              37.294831052800184
            ],
            [
              126.97454005789773,
              37.29482564997758
            ],
            [
              126.97452311779043,
              37.29475468945787
            ],
            [
              126.97448748734631,
              37.29475801867797
            ]
          ]
        ]
      }
    },
    {
      "type": "Feature",
      "properties": {
        "indoor": "room",
        "level": [
          1
        ],
        "ref": "32113",
        "name": "저온실",
        "room_type": "lab",
        "_idx": 275,
        "_centroid": [
          126.9744609,
          37.2947917
        ],
        "_area_m2": 49.7
      },
      "geometry": {
        "type": "Polygon",
        "coordinates": [
          [
            [
              126.97450429685743,
              37.294831052800184
            ],
            [
              126.97448748734631,
              37.29475801867797
            ],
            [
              126.97445390554573,
              37.29476164580802
            ],
            [
              126.97442000293506,
              37.294766830088506
            ],
            [
              126.97443878715895,
              37.29484095008719
            ],
            [
              126.97450429685743,
              37.294831052800184
            ]
          ]
        ]
      }
    },
    {
      "type": "Feature",
      "properties": {
        "indoor": "room",
        "level": [
          1
        ],
        "ref": "",
        "name": "",
        "room_type": "",
        "_idx": 276,
        "_centroid": [
          126.9744609,
          37.2947917
        ],
        "_area_m2": 49.7
      },
      "geometry": {
        "type": "Polygon",
        "coordinates": [
          [
            [
              126.97450429685743,
              37.294831052800184
            ],
            [
              126.97448748734631,
              37.29475801867797
            ],
            [
              126.97445390554573,
              37.29476164580802
            ],
            [
              126.97442000293506,
              37.294766830088506
            ],
            [
              126.97443878715895,
              37.29484095008719
            ],
            [
              126.97450429685743,
              37.294831052800184
            ]
          ]
        ]
      }
    },
    {
      "type": "Feature",
      "properties": {
        "indoor": "room",
        "level": [
          1
        ],
        "ref": "32112B",
        "name": "자연과학대학학생회실",
        "room_type": "",
        "_idx": 277,
        "_centroid": [
          126.9746652,
          37.2947883
        ],
        "_area_m2": 22.5
      },
      "geometry": {
        "type": "Polygon",
        "coordinates": [
          [
            [
              126.97462638240913,
              37.29478899882836
            ],
            [
              126.97467811980667,
              37.29481787282648
            ],
            [
              126.9747037898046,
              37.29478715660541
            ],
            [
              126.9746523239331,
              37.29475902353049
            ],
            [
              126.97462638240913,
              37.29478899882836
            ]
          ]
        ]
      }
    },
    {
      "type": "Feature",
      "properties": {
        "indoor": "room",
        "level": [
          1
        ],
        "ref": "",
        "name": "",
        "room_type": "",
        "_idx": 278,
        "_centroid": [
          126.9746652,
          37.2947883
        ],
        "_area_m2": 22.5
      },
      "geometry": {
        "type": "Polygon",
        "coordinates": [
          [
            [
              126.97462638240913,
              37.29478899882836
            ],
            [
              126.97467811980667,
              37.29481787282648
            ],
            [
              126.9747037898046,
              37.29478715660541
            ],
            [
              126.9746523239331,
              37.29475902353049
            ],
            [
              126.97462638240913,
              37.29478899882836
            ]
          ]
        ]
      }
    },
    {
      "type": "Feature",
      "properties": {
        "indoor": "room",
        "level": [
          1
        ],
        "ref": "",
        "name": "",
        "room_type": "",
        "_idx": 279,
        "_centroid": [
          126.9746151,
          37.2947833
        ],
        "_area_m2": 24.1
      },
      "geometry": {
        "type": "Polygon",
        "coordinates": [
          [
            [
              126.97460829149074,
              37.29480990279176
            ],
            [
              126.97462638240913,
              37.29478899882836
            ],
            [
              126.9746523239331,
              37.29475902353049
            ],
            [
              126.9746521393684,
              37.29475892264086
            ],
            [
              126.97457135641862,
              37.29476939548328
            ],
            [
              126.97458039512807,
              37.29481351932246
            ],
            [
              126.97460829149074,
              37.29480990279176
            ]
          ]
        ]
      }
    },
    {
      "type": "Feature",
      "properties": {
        "indoor": "room",
        "level": [
          1
        ],
        "ref": "",
        "name": "",
        "room_type": "",
        "_idx": 280,
        "_centroid": [
          126.9746151,
          37.2947833
        ],
        "_area_m2": 24.1
      },
      "geometry": {
        "type": "Polygon",
        "coordinates": [
          [
            [
              126.97460829149074,
              37.29480990279176
            ],
            [
              126.97462638240913,
              37.29478899882836
            ],
            [
              126.9746523239331,
              37.29475902353049
            ],
            [
              126.9746521393684,
              37.29475892264086
            ],
            [
              126.97457135641862,
              37.29476939548328
            ],
            [
              126.97458039512807,
              37.29481351932246
            ],
            [
              126.97460829149074,
              37.29480990279176
            ]
          ]
        ]
      }
    },
    {
      "type": "Feature",
      "properties": {
        "indoor": "room",
        "level": [
          1
        ],
        "ref": "31151A",
        "name": "황정식교수실",
        "room_type": "office",
        "_idx": 281,
        "_centroid": [
          126.9754002,
          37.2946487
        ],
        "_area_m2": 87.9
      },
      "geometry": {
        "type": "Polygon",
        "coordinates": [
          [
            [
              126.97542186205173,
              37.29462749802216
            ],
            [
              126.97537684576093,
              37.2946017085949
            ],
            [
              126.97532088562875,
              37.29466352734621
            ],
            [
              126.97544378371248,
              37.29473635316211
            ],
            [
              126.97543747244828,
              37.29461430734013
            ],
            [
              126.97542186205173,
              37.29462749802216
            ]
          ]
        ]
      }
    },
    {
      "type": "Feature",
      "properties": {
        "indoor": "room",
        "level": [
          1
        ],
        "ref": "",
        "name": "",
        "room_type": "",
        "_idx": 282,
        "_centroid": [
          126.9754002,
          37.2946487
        ],
        "_area_m2": 87.9
      },
      "geometry": {
        "type": "Polygon",
        "coordinates": [
          [
            [
              126.97542186205173,
              37.29462749802216
            ],
            [
              126.97537684576093,
              37.2946017085949
            ],
            [
              126.97532088562875,
              37.29466352734621
            ],
            [
              126.97544378371248,
              37.29473635316211
            ],
            [
              126.97543747244828,
              37.29461430734013
            ],
            [
              126.97542186205173,
              37.29462749802216
            ]
          ]
        ]
      }
    },
    {
      "type": "Feature",
      "properties": {
        "indoor": "room",
        "level": [
          1
        ],
        "ref": "31151B",
        "name": "적외선분광물성연구실",
        "room_type": "lab",
        "_idx": 283,
        "_centroid": [
          126.9752857,
          37.2945961
        ],
        "_area_m2": 114.1
      },
      "geometry": {
        "type": "Polygon",
        "coordinates": [
          [
            [
              126.97532088562875,
              37.29466352734621
            ],
            [
              126.97537684576093,
              37.2946017085949
            ],
            [
              126.97524939319497,
              37.29452976668241
            ],
            [
              126.97519554399861,
              37.294589253556076
            ],
            [
              126.97532088562875,
              37.29466352734621
            ]
          ]
        ]
      }
    },
    {
      "type": "Feature",
      "properties": {
        "indoor": "room",
        "level": [
          1
        ],
        "ref": "",
        "name": "",
        "room_type": "",
        "_idx": 284,
        "_centroid": [
          126.9752857,
          37.2945961
        ],
        "_area_m2": 114.1
      },
      "geometry": {
        "type": "Polygon",
        "coordinates": [
          [
            [
              126.97532088562875,
              37.29466352734621
            ],
            [
              126.97537684576093,
              37.2946017085949
            ],
            [
              126.97524939319497,
              37.29452976668241
            ],
            [
              126.97519554399861,
              37.294589253556076
            ],
            [
              126.97532088562875,
              37.29466352734621
            ]
          ]
        ]
      }
    },
    {
      "type": "Feature",
      "properties": {
        "indoor": "room",
        "level": [
          1
        ],
        "ref": "31152",
        "name": "초전도체및박막물리연구실",
        "room_type": "lab",
        "_idx": 285,
        "_centroid": [
          126.9751735,
          37.2945312
        ],
        "_area_m2": 85.4
      },
      "geometry": {
        "type": "Polygon",
        "coordinates": [
          [
            [
              126.97519554399861,
              37.294589253556076
            ],
            [
              126.97524939319497,
              37.29452976668241
            ],
            [
              126.97515068764278,
              37.29447405131768
            ],
            [
              126.97509847325693,
              37.29453173226895
            ],
            [
              126.97519554399861,
              37.294589253556076
            ]
          ]
        ]
      }
    },
    {
      "type": "Feature",
      "properties": {
        "indoor": "room",
        "level": [
          1
        ],
        "ref": "",
        "name": "",
        "room_type": "",
        "_idx": 286,
        "_centroid": [
          126.9751735,
          37.2945312
        ],
        "_area_m2": 85.4
      },
      "geometry": {
        "type": "Polygon",
        "coordinates": [
          [
            [
              126.97519554399861,
              37.294589253556076
            ],
            [
              126.97524939319497,
              37.29452976668241
            ],
            [
              126.97515068764278,
              37.29447405131768
            ],
            [
              126.97509847325693,
              37.29453173226895
            ],
            [
              126.97519554399861,
              37.294589253556076
            ]
          ]
        ]
      }
    },
    {
      "type": "Feature",
      "properties": {
        "indoor": "room",
        "level": [
          1
        ],
        "ref": "31101",
        "name": "반도체나노소자연구실",
        "room_type": "lab",
        "_idx": 287,
        "_centroid": [
          126.9753323,
          37.2945196
        ],
        "_area_m2": 92.1
      },
      "geometry": {
        "type": "Polygon",
        "coordinates": [
          [
            [
              126.97526891950267,
              37.29444062313275
            ],
            [
              126.97522877942691,
              37.29442135262091
            ],
            [
              126.97518867340956,
              37.29447422271532
            ],
            [
              126.97543746584239,
              37.29461417959703
            ],
            [
              126.97543754711221,
              37.2946142442496
            ],
            [
              126.97543400109933,
              37.29455735880953
            ],
            [
              126.97539120216688,
              37.2945223381255
            ],
            [
              126.9753655228074,
              37.29456027719914
            ],
            [
              126.97523834883664,
              37.29447175266426
            ],
            [
              126.97526891950267,
              37.29444062313275
            ]
          ]
        ]
      }
    },
    {
      "type": "Feature",
      "properties": {
        "indoor": "room",
        "level": [
          1
        ],
        "ref": "",
        "name": "",
        "room_type": "",
        "_idx": 288,
        "_centroid": [
          126.9753323,
          37.2945196
        ],
        "_area_m2": 92.1
      },
      "geometry": {
        "type": "Polygon",
        "coordinates": [
          [
            [
              126.97526891950267,
              37.29444062313275
            ],
            [
              126.97522877942691,
              37.29442135262091
            ],
            [
              126.97518867340956,
              37.29447422271532
            ],
            [
              126.97543746584239,
              37.29461417959703
            ],
            [
              126.97543754711221,
              37.2946142442496
            ],
            [
              126.97543400109933,
              37.29455735880953
            ],
            [
              126.97539120216688,
              37.2945223381255
            ],
            [
              126.9753655228074,
              37.29456027719914
            ],
            [
              126.97523834883664,
              37.29447175266426
            ],
            [
              126.97526891950267,
              37.29444062313275
            ]
          ]
        ]
      }
    },
    {
      "type": "Feature",
      "properties": {
        "indoor": "room",
        "level": [
          1
        ],
        "ref": "31153",
        "name": "강원남교수실",
        "room_type": "office",
        "_idx": 289,
        "_centroid": [
          126.9751114,
          37.2944952
        ],
        "_area_m2": 22.6
      },
      "geometry": {
        "type": "Polygon",
        "coordinates": [
          [
            [
              126.97509847325693,
              37.29453173226895
            ],
            [
              126.97515068764278,
              37.29447405131768
            ],
            [
              126.97512402119435,
              37.29445899916643
            ],
            [
              126.97507224847166,
              37.294516192226936
            ],
            [
              126.97509847325693,
              37.29453173226895
            ]
          ]
        ]
      }
    },
    {
      "type": "Feature",
      "properties": {
        "indoor": "room",
        "level": [
          1
        ],
        "ref": "",
        "name": "",
        "room_type": "",
        "_idx": 290,
        "_centroid": [
          126.9751114,
          37.2944952
        ],
        "_area_m2": 22.6
      },
      "geometry": {
        "type": "Polygon",
        "coordinates": [
          [
            [
              126.97509847325693,
              37.29453173226895
            ],
            [
              126.97515068764278,
              37.29447405131768
            ],
            [
              126.97512402119435,
              37.29445899916643
            ],
            [
              126.97507224847166,
              37.294516192226936
            ],
            [
              126.97509847325693,
              37.29453173226895
            ]
          ]
        ]
      }
    },
    {
      "type": "Feature",
      "properties": {
        "indoor": "room",
        "level": [
          1
        ],
        "ref": "",
        "name": "",
        "room_type": "",
        "_idx": 291,
        "_centroid": [
          126.9744642,
          37.2944778
        ],
        "_area_m2": 639.4
      },
      "geometry": {
        "type": "Polygon",
        "coordinates": [
          [
            [
              126.97453184533964,
              37.29438546242522
            ],
            [
              126.97439684632282,
              37.29440076684236
            ],
            [
              126.97439107319349,
              37.29436853825234
            ],
            [
              126.97443327716144,
              37.29432029694347
            ],
            [
              126.9744266496334,
              37.294321018636396
            ],
            [
              126.9742931038424,
              37.29433556086874
            ],
            [
              126.97439948976023,
              37.29441046638679
            ],
            [
              126.97445390554573,
              37.29476164580802
            ],
            [
              126.97448748734631,
              37.29475801867797
            ],
            [
              126.9746251012756,
              37.29474413551561
            ],
            [
              126.97458490496344,
              37.29446158897231
            ],
            [
              126.97454682231194,
              37.29446606719836
            ],
            [
              126.97453184533964,
              37.29438546242522
            ]
          ]
        ]
      }
    },
    {
      "type": "Feature",
      "properties": {
        "indoor": "room",
        "level": [
          1
        ],
        "ref": "",
        "name": "",
        "room_type": "",
        "_idx": 292,
        "_centroid": [
          126.9744642,
          37.2944778
        ],
        "_area_m2": 639.4
      },
      "geometry": {
        "type": "Polygon",
        "coordinates": [
          [
            [
              126.97453184533964,
              37.29438546242522
            ],
            [
              126.97439684632282,
              37.29440076684236
            ],
            [
              126.97439107319349,
              37.29436853825234
            ],
            [
              126.97443327716144,
              37.29432029694347
            ],
            [
              126.9744266496334,
              37.294321018636396
            ],
            [
              126.9742931038424,
              37.29433556086874
            ],
            [
              126.97439948976023,
              37.29441046638679
            ],
            [
              126.97445390554573,
              37.29476164580802
            ],
            [
              126.97448748734631,
              37.29475801867797
            ],
            [
              126.9746251012756,
              37.29474413551561
            ],
            [
              126.97458490496344,
              37.29446158897231
            ],
            [
              126.97454682231194,
              37.29446606719836
            ],
            [
              126.97453184533964,
              37.29438546242522
            ]
          ]
        ]
      }
    },
    {
      "type": "Feature",
      "properties": {
        "indoor": "room",
        "level": [
          1
        ],
        "ref": "31154",
        "name": "나노물리 및 나노소자 연구실: 반도체/에너지/광",
        "room_type": "lab",
        "_idx": 293,
        "_centroid": [
          126.9750806,
          37.2944774
        ],
        "_area_m2": 29.8
      },
      "geometry": {
        "type": "Polygon",
        "coordinates": [
          [
            [
              126.97507224847166,
              37.294516192226936
            ],
            [
              126.97512402119435,
              37.29445899916643
            ],
            [
              126.97508856583363,
              37.294438986023195
            ],
            [
              126.97503738033991,
              37.294495530390186
            ],
            [
              126.97507224847166,
              37.294516192226936
            ]
          ]
        ]
      }
    },
    {
      "type": "Feature",
      "properties": {
        "indoor": "room",
        "level": [
          1
        ],
        "ref": "",
        "name": "",
        "room_type": "",
        "_idx": 294,
        "_centroid": [
          126.9750806,
          37.2944774
        ],
        "_area_m2": 29.8
      },
      "geometry": {
        "type": "Polygon",
        "coordinates": [
          [
            [
              126.97507224847166,
              37.294516192226936
            ],
            [
              126.97512402119435,
              37.29445899916643
            ],
            [
              126.97508856583363,
              37.294438986023195
            ],
            [
              126.97503738033991,
              37.294495530390186
            ],
            [
              126.97507224847166,
              37.294516192226936
            ]
          ]
        ]
      }
    },
    {
      "type": "Feature",
      "properties": {
        "indoor": "room",
        "level": [
          1
        ],
        "ref": "31155A",
        "name": "나노물리 및 나노소자 연구실: 반도체/에너지/광",
        "room_type": "lab",
        "_idx": 295,
        "_centroid": [
          126.9750181,
          37.2944413
        ],
        "_area_m2": 74.4
      },
      "geometry": {
        "type": "Polygon",
        "coordinates": [
          [
            [
              126.97503738033991,
              37.294495530390186
            ],
            [
              126.97508856583363,
              37.294438986023195
            ],
            [
              126.97499803484993,
              37.29438788487778
            ],
            [
              126.97494834877419,
              37.29444277288399
            ],
            [
              126.97503738033991,
              37.294495530390186
            ]
          ]
        ]
      }
    },
    {
      "type": "Feature",
      "properties": {
        "indoor": "room",
        "level": [
          1
        ],
        "ref": "",
        "name": "",
        "room_type": "",
        "_idx": 296,
        "_centroid": [
          126.9750181,
          37.2944413
        ],
        "_area_m2": 74.4
      },
      "geometry": {
        "type": "Polygon",
        "coordinates": [
          [
            [
              126.97503738033991,
              37.294495530390186
            ],
            [
              126.97508856583363,
              37.294438986023195
            ],
            [
              126.97499803484993,
              37.29438788487778
            ],
            [
              126.97494834877419,
              37.29444277288399
            ],
            [
              126.97503738033991,
              37.294495530390186
            ]
          ]
        ]
      }
    },
    {
      "type": "Feature",
      "properties": {
        "indoor": "room",
        "level": [
          1
        ],
        "ref": "",
        "name": "",
        "room_type": "",
        "_idx": 297,
        "_centroid": [
          126.9745972,
          37.2944301
        ],
        "_area_m2": 23.5
      },
      "geometry": {
        "type": "Polygon",
        "coordinates": [
          [
            [
              126.97462270162357,
              37.29445165506731
            ],
            [
              126.97461261282423,
              37.29439137165557
            ],
            [
              126.97457295964243,
              37.2943960345692
            ],
            [
              126.97458413658319,
              37.2944561879001
            ],
            [
              126.97459351003315,
              37.29445508565459
            ],
            [
              126.97462270162357,
              37.29445165506731
            ]
          ]
        ]
      }
    },
    {
      "type": "Feature",
      "properties": {
        "indoor": "room",
        "level": [
          1
        ],
        "ref": "",
        "name": "",
        "room_type": "",
        "_idx": 298,
        "_centroid": [
          126.9745972,
          37.2944301
        ],
        "_area_m2": 23.5
      },
      "geometry": {
        "type": "Polygon",
        "coordinates": [
          [
            [
              126.97462270162357,
              37.29445165506731
            ],
            [
              126.97461261282423,
              37.29439137165557
            ],
            [
              126.97457295964243,
              37.2943960345692
            ],
            [
              126.97458413658319,
              37.2944561879001
            ],
            [
              126.97459351003315,
              37.29445508565459
            ],
            [
              126.97462270162357,
              37.29445165506731
            ]
          ]
        ]
      }
    },
    {
      "type": "Feature",
      "properties": {
        "indoor": "room",
        "level": [
          1
        ],
        "ref": "31102",
        "name": "",
        "room_type": "",
        "_idx": 299,
        "_centroid": [
          126.9751623,
          37.2944237
        ],
        "_area_m2": 63.4
      },
      "geometry": {
        "type": "Polygon",
        "coordinates": [
          [
            [
              126.97518867340956,
              37.29447422271532
            ],
            [
              126.97522877942691,
              37.29442135262091
            ],
            [
              126.97513247495102,
              37.29437506476959
            ],
            [
              126.9750993935611,
              37.29442399880357
            ],
            [
              126.97518867340956,
              37.29447422271532
            ]
          ]
        ]
      }
    },
    {
      "type": "Feature",
      "properties": {
        "indoor": "room",
        "level": [
          1
        ],
        "ref": "",
        "name": "",
        "room_type": "",
        "_idx": 300,
        "_centroid": [
          126.9751623,
          37.2944237
        ],
        "_area_m2": 63.4
      },
      "geometry": {
        "type": "Polygon",
        "coordinates": [
          [
            [
              126.97518867340956,
              37.29447422271532
            ],
            [
              126.97522877942691,
              37.29442135262091
            ],
            [
              126.97513247495102,
              37.29437506476959
            ],
            [
              126.9750993935611,
              37.29442399880357
            ],
            [
              126.97518867340956,
              37.29447422271532
            ]
          ]
        ]
      }
    },
    {
      "type": "Feature",
      "properties": {
        "indoor": "room",
        "level": [
          1
        ],
        "ref": "31157",
        "name": "중성미자천체입자물리연구실",
        "room_type": "lab",
        "_idx": 301,
        "_centroid": [
          126.9746371,
          37.2944192
        ],
        "_area_m2": 23.3
      },
      "geometry": {
        "type": "Polygon",
        "coordinates": [
          [
            [
              126.97466150494266,
              37.29444709491246
            ],
            [
              126.97465141568188,
              37.29438680873362
            ],
            [
              126.97461261282423,
              37.29439137165557
            ],
            [
              126.97462270162357,
              37.29445165506731
            ],
            [
              126.97466150494266,
              37.29444709491246
            ]
          ]
        ]
      }
    },
    {
      "type": "Feature",
      "properties": {
        "indoor": "room",
        "level": [
          1
        ],
        "ref": "",
        "name": "",
        "room_type": "",
        "_idx": 302,
        "_centroid": [
          126.9746371,
          37.2944192
        ],
        "_area_m2": 23.3
      },
      "geometry": {
        "type": "Polygon",
        "coordinates": [
          [
            [
              126.97466150494266,
              37.29444709491246
            ],
            [
              126.97465141568188,
              37.29438680873362
            ],
            [
              126.97461261282423,
              37.29439137165557
            ],
            [
              126.97462270162357,
              37.29445165506731
            ],
            [
              126.97466150494266,
              37.29444709491246
            ]
          ]
        ]
      }
    },
    {
      "type": "Feature",
      "properties": {
        "indoor": "room",
        "level": [
          1
        ],
        "ref": "31156B",
        "name": "에피산화물연구실",
        "room_type": "lab",
        "_idx": 303,
        "_centroid": [
          126.9746942,
          37.2944125
        ],
        "_area_m2": 45.3
      },
      "geometry": {
        "type": "Polygon",
        "coordinates": [
          [
            [
              126.97473694777177,
              37.294438228892965
            ],
            [
              126.97472685761174,
              37.29437793733448
            ],
            [
              126.97465141568188,
              37.29438680873362
            ],
            [
              126.97466150494266,
              37.29444709491246
            ],
            [
              126.97473694777177,
              37.294438228892965
            ]
          ]
        ]
      }
    },
    {
      "type": "Feature",
      "properties": {
        "indoor": "room",
        "level": [
          1
        ],
        "ref": "",
        "name": "",
        "room_type": "",
        "_idx": 304,
        "_centroid": [
          126.9746942,
          37.2944125
        ],
        "_area_m2": 45.3
      },
      "geometry": {
        "type": "Polygon",
        "coordinates": [
          [
            [
              126.97473694777177,
              37.294438228892965
            ],
            [
              126.97472685761174,
              37.29437793733448
            ],
            [
              126.97465141568188,
              37.29438680873362
            ],
            [
              126.97466150494266,
              37.29444709491246
            ],
            [
              126.97473694777177,
              37.294438228892965
            ]
          ]
        ]
      }
    },
    {
      "type": "Feature",
      "properties": {
        "indoor": "room",
        "level": [
          1
        ],
        "ref": "31156A",
        "name": "중성미자천체입자물리연구실",
        "room_type": "lab",
        "_idx": 305,
        "_centroid": [
          126.9747723,
          37.2944033
        ],
        "_area_m2": 48.6
      },
      "geometry": {
        "type": "Polygon",
        "coordinates": [
          [
            [
              126.97481779431992,
              37.294428727829974
            ],
            [
              126.97480770319643,
              37.29436843050649
            ],
            [
              126.97472685761174,
              37.29437793733448
            ],
            [
              126.97473694777177,
              37.294438228892965
            ],
            [
              126.97481779431992,
              37.294428727829974
            ]
          ]
        ]
      }
    },
    {
      "type": "Feature",
      "properties": {
        "indoor": "room",
        "level": [
          1
        ],
        "ref": "",
        "name": "",
        "room_type": "",
        "_idx": 306,
        "_centroid": [
          126.9747723,
          37.2944033
        ],
        "_area_m2": 48.6
      },
      "geometry": {
        "type": "Polygon",
        "coordinates": [
          [
            [
              126.97481779431992,
              37.294428727829974
            ],
            [
              126.97480770319643,
              37.29436843050649
            ],
            [
              126.97472685761174,
              37.29437793733448
            ],
            [
              126.97473694777177,
              37.294438228892965
            ],
            [
              126.97481779431992,
              37.294428727829974
            ]
          ]
        ]
      }
    },
    {
      "type": "Feature",
      "properties": {
        "indoor": "room",
        "level": [
          1
        ],
        "ref": "31155B",
        "name": "나노물리 및 나노소자 연구실: 반도체/에너지/광",
        "room_type": "lab",
        "_idx": 307,
        "_centroid": [
          126.9749561,
          37.2943972
        ],
        "_area_m2": 29.8
      },
      "geometry": {
        "type": "Polygon",
        "coordinates": [
          [
            [
              126.97494834877419,
              37.29444277288399
            ],
            [
              126.97499803484993,
              37.29438788487778
            ],
            [
              126.97496126649385,
              37.2943671306008
            ],
            [
              126.97496088580934,
              37.29436715415557
            ],
            [
              126.97491195549584,
              37.29442120728989
            ],
            [
              126.97494834877419,
              37.29444277288399
            ]
          ]
        ]
      }
    },
    {
      "type": "Feature",
      "properties": {
        "indoor": "room",
        "level": [
          1
        ],
        "ref": "",
        "name": "",
        "room_type": "",
        "_idx": 308,
        "_centroid": [
          126.9749561,
          37.2943972
        ],
        "_area_m2": 29.8
      },
      "geometry": {
        "type": "Polygon",
        "coordinates": [
          [
            [
              126.97494834877419,
              37.29444277288399
            ],
            [
              126.97499803484993,
              37.29438788487778
            ],
            [
              126.97496126649385,
              37.2943671306008
            ],
            [
              126.97496088580934,
              37.29436715415557
            ],
            [
              126.97491195549584,
              37.29442120728989
            ],
            [
              126.97494834877419,
              37.29444277288399
            ]
          ]
        ]
      }
    },
    {
      "type": "Feature",
      "properties": {
        "indoor": "room",
        "level": [
          1
        ],
        "ref": "",
        "name": "",
        "room_type": "",
        "_idx": 309,
        "_centroid": [
          126.9748511,
          37.2943941
        ],
        "_area_m2": 46
      },
      "geometry": {
        "type": "Polygon",
        "coordinates": [
          [
            [
              126.97489447083483,
              37.29441971682808
            ],
            [
              126.97488437879693,
              37.29435941403703
            ],
            [
              126.97480770319643,
              37.29436843050649
            ],
            [
              126.97481779431992,
              37.294428727829974
            ],
            [
              126.97489447083483,
              37.29441971682808
            ]
          ]
        ]
      }
    },
    {
      "type": "Feature",
      "properties": {
        "indoor": "room",
        "level": [
          1
        ],
        "ref": "",
        "name": "",
        "room_type": "",
        "_idx": 310,
        "_centroid": [
          126.9748511,
          37.2943941
        ],
        "_area_m2": 46
      },
      "geometry": {
        "type": "Polygon",
        "coordinates": [
          [
            [
              126.97489447083483,
              37.29441971682808
            ],
            [
              126.97488437879693,
              37.29435941403703
            ],
            [
              126.97480770319643,
              37.29436843050649
            ],
            [
              126.97481779431992,
              37.294428727829974
            ],
            [
              126.97489447083483,
              37.29441971682808
            ]
          ]
        ]
      }
    },
    {
      "type": "Feature",
      "properties": {
        "indoor": "room",
        "level": [
          1
        ],
        "ref": "31103",
        "name": "공동측정기기실",
        "room_type": "lab",
        "_idx": 311,
        "_centroid": [
          126.9751007,
          37.2943916
        ],
        "_area_m2": 19.4
      },
      "geometry": {
        "type": "Polygon",
        "coordinates": [
          [
            [
              126.9750993935611,
              37.29442399880357
            ],
            [
              126.97513247495102,
              37.29437506476959
            ],
            [
              126.9751013091492,
              37.29436008521659
            ],
            [
              126.97506947797154,
              37.294407169945146
            ],
            [
              126.9750993935611,
              37.29442399880357
            ]
          ]
        ]
      }
    },
    {
      "type": "Feature",
      "properties": {
        "indoor": "room",
        "level": [
          1
        ],
        "ref": "",
        "name": "",
        "room_type": "",
        "_idx": 312,
        "_centroid": [
          126.9751007,
          37.2943916
        ],
        "_area_m2": 19.4
      },
      "geometry": {
        "type": "Polygon",
        "coordinates": [
          [
            [
              126.9750993935611,
              37.29442399880357
            ],
            [
              126.97513247495102,
              37.29437506476959
            ],
            [
              126.9751013091492,
              37.29436008521659
            ],
            [
              126.97506947797154,
              37.294407169945146
            ],
            [
              126.9750993935611,
              37.29442399880357
            ]
          ]
        ]
      }
    },
    {
      "type": "Feature",
      "properties": {
        "indoor": "room",
        "level": [
          1
        ],
        "ref": "",
        "name": "",
        "room_type": "",
        "_idx": 313,
        "_centroid": [
          126.9749124,
          37.2943806
        ],
        "_area_m2": 24.6
      },
      "geometry": {
        "type": "Polygon",
        "coordinates": [
          [
            [
              126.97488437879693,
              37.29435941403703
            ],
            [
              126.97489447083483,
              37.29441971682808
            ],
            [
              126.97490696281665,
              37.29441824877399
            ],
            [
              126.97491195549584,
              37.29442120728989
            ],
            [
              126.97496088580934,
              37.29436715415557
            ],
            [
              126.97494239244617,
              37.29436829842859
            ],
            [
              126.9749062454335,
              37.29437167361275
            ],
            [
              126.97490067985433,
              37.29434209027442
            ],
            [
              126.97490348135435,
              37.29435716772107
            ],
            [
              126.97488437879693,
              37.29435941403703
            ]
          ]
        ]
      }
    },
    {
      "type": "Feature",
      "properties": {
        "indoor": "room",
        "level": [
          1
        ],
        "ref": "",
        "name": "",
        "room_type": "",
        "_idx": 314,
        "_centroid": [
          126.9749124,
          37.2943806
        ],
        "_area_m2": 24.6
      },
      "geometry": {
        "type": "Polygon",
        "coordinates": [
          [
            [
              126.97488437879693,
              37.29435941403703
            ],
            [
              126.97489447083483,
              37.29441971682808
            ],
            [
              126.97490696281665,
              37.29441824877399
            ],
            [
              126.97491195549584,
              37.29442120728989
            ],
            [
              126.97496088580934,
              37.29436715415557
            ],
            [
              126.97494239244617,
              37.29436829842859
            ],
            [
              126.9749062454335,
              37.29437167361275
            ],
            [
              126.97490067985433,
              37.29434209027442
            ],
            [
              126.97490348135435,
              37.29435716772107
            ],
            [
              126.97488437879693,
              37.29435941403703
            ]
          ]
        ]
      }
    },
    {
      "type": "Feature",
      "properties": {
        "indoor": "room",
        "level": [
          1
        ],
        "ref": "31104",
        "name": "유인태교수실",
        "room_type": "office",
        "_idx": 315,
        "_centroid": [
          126.9750579,
          37.2943693
        ],
        "_area_m2": 32.9
      },
      "geometry": {
        "type": "Polygon",
        "coordinates": [
          [
            [
              126.97506947797154,
              37.294407169945146
            ],
            [
              126.9751013091492,
              37.29436008521659
            ],
            [
              126.97504526828433,
              37.29433314969571
            ],
            [
              126.97501568517782,
              37.29437690909042
            ],
            [
              126.97506947797154,
              37.294407169945146
            ]
          ]
        ]
      }
    },
    {
      "type": "Feature",
      "properties": {
        "indoor": "room",
        "level": [
          1
        ],
        "ref": "",
        "name": "",
        "room_type": "",
        "_idx": 316,
        "_centroid": [
          126.9750579,
          37.2943693
        ],
        "_area_m2": 32.9
      },
      "geometry": {
        "type": "Polygon",
        "coordinates": [
          [
            [
              126.97506947797154,
              37.294407169945146
            ],
            [
              126.9751013091492,
              37.29436008521659
            ],
            [
              126.97504526828433,
              37.29433314969571
            ],
            [
              126.97501568517782,
              37.29437690909042
            ],
            [
              126.97506947797154,
              37.294407169945146
            ]
          ]
        ]
      }
    },
    {
      "type": "Feature",
      "properties": {
        "indoor": "room",
        "level": [
          1
        ],
        "ref": "31112",
        "name": "반도체및나노응용연구실",
        "room_type": "lab",
        "_idx": 317,
        "_centroid": [
          126.9744805,
          37.2943604
        ],
        "_area_m2": 119.5
      },
      "geometry": {
        "type": "Polygon",
        "coordinates": [
          [
            [
              126.97443327716144,
              37.29432029694347
            ],
            [
              126.97439107319349,
              37.29436853825234
            ],
            [
              126.97439684632282,
              37.29440076684236
            ],
            [
              126.97453184533964,
              37.29438546242522
            ],
            [
              126.97457171025074,
              37.29438076856481
            ],
            [
              126.97455850057395,
              37.29430666096179
            ],
            [
              126.97443327716144,
              37.29432029694347
            ]
          ]
        ]
      }
    },
    {
      "type": "Feature",
      "properties": {
        "indoor": "room",
        "level": [
          1
        ],
        "ref": "",
        "name": "",
        "room_type": "",
        "_idx": 318,
        "_centroid": [
          126.9744805,
          37.2943604
        ],
        "_area_m2": 119.5
      },
      "geometry": {
        "type": "Polygon",
        "coordinates": [
          [
            [
              126.97443327716144,
              37.29432029694347
            ],
            [
              126.97439107319349,
              37.29436853825234
            ],
            [
              126.97439684632282,
              37.29440076684236
            ],
            [
              126.97453184533964,
              37.29438546242522
            ],
            [
              126.97457171025074,
              37.29438076856481
            ],
            [
              126.97455850057395,
              37.29430666096179
            ],
            [
              126.97443327716144,
              37.29432029694347
            ]
          ]
        ]
      }
    },
    {
      "type": "Feature",
      "properties": {
        "indoor": "room",
        "level": [
          1
        ],
        "ref": "31111B",
        "name": "반도체및나노응용연구실",
        "room_type": "lab",
        "_idx": 319,
        "_centroid": [
          126.9745845,
          37.2943415
        ],
        "_area_m2": 28.6
      },
      "geometry": {
        "type": "Polygon",
        "coordinates": [
          [
            [
              126.97455850057395,
              37.29430666096179
            ],
            [
              126.97457171025074,
              37.29438076856481
            ],
            [
              126.97461008220449,
              37.294376250491396
            ],
            [
              126.97459772121414,
              37.29430239009965
            ],
            [
              126.97455850057395,
              37.29430666096179
            ]
          ]
        ]
      }
    },
    {
      "type": "Feature",
      "properties": {
        "indoor": "room",
        "level": [
          1
        ],
        "ref": "",
        "name": "",
        "room_type": "",
        "_idx": 320,
        "_centroid": [
          126.9745845,
          37.2943415
        ],
        "_area_m2": 28.6
      },
      "geometry": {
        "type": "Polygon",
        "coordinates": [
          [
            [
              126.97455850057395,
              37.29430666096179
            ],
            [
              126.97457171025074,
              37.29438076856481
            ],
            [
              126.97461008220449,
              37.294376250491396
            ],
            [
              126.97459772121414,
              37.29430239009965
            ],
            [
              126.97455850057395,
              37.29430666096179
            ]
          ]
        ]
      }
    },
    {
      "type": "Feature",
      "properties": {
        "indoor": "room",
        "level": [
          1
        ],
        "ref": "31111A",
        "name": "정동근교수실",
        "room_type": "office",
        "_idx": 321,
        "_centroid": [
          126.9746233,
          37.2943371
        ],
        "_area_m2": 28.5
      },
      "geometry": {
        "type": "Polygon",
        "coordinates": [
          [
            [
              126.97464888409621,
              37.294371681795305
            ],
            [
              126.97463657955473,
              37.294298158689486
            ],
            [
              126.97459772121414,
              37.29430239009965
            ],
            [
              126.97461008220449,
              37.294376250491396
            ],
            [
              126.97464888409621,
              37.294371681795305
            ]
          ]
        ]
      }
    },
    {
      "type": "Feature",
      "properties": {
        "indoor": "room",
        "level": [
          1
        ],
        "ref": "",
        "name": "",
        "room_type": "",
        "_idx": 322,
        "_centroid": [
          126.9746233,
          37.2943371
        ],
        "_area_m2": 28.5
      },
      "geometry": {
        "type": "Polygon",
        "coordinates": [
          [
            [
              126.97464888409621,
              37.294371681795305
            ],
            [
              126.97463657955473,
              37.294298158689486
            ],
            [
              126.97459772121414,
              37.29430239009965
            ],
            [
              126.97461008220449,
              37.294376250491396
            ],
            [
              126.97464888409621,
              37.294371681795305
            ]
          ]
        ]
      }
    },
    {
      "type": "Feature",
      "properties": {
        "indoor": "room",
        "level": [
          1
        ],
        "ref": "31110",
        "name": "최우석교수실",
        "room_type": "office",
        "_idx": 323,
        "_centroid": [
          126.9746606,
          37.2943329
        ],
        "_area_m2": 26.1
      },
      "geometry": {
        "type": "Polygon",
        "coordinates": [
          [
            [
              126.97464888409621,
              37.294371681795305
            ],
            [
              126.9746852594634,
              37.294367437474754
            ],
            [
              126.9746717800167,
              37.294294325597534
            ],
            [
              126.97463657955473,
              37.294298158689486
            ],
            [
              126.97464888409621,
              37.294371681795305
            ]
          ]
        ]
      }
    },
    {
      "type": "Feature",
      "properties": {
        "indoor": "room",
        "level": [
          1
        ],
        "ref": "",
        "name": "",
        "room_type": "",
        "_idx": 324,
        "_centroid": [
          126.9746606,
          37.2943329
        ],
        "_area_m2": 26.1
      },
      "geometry": {
        "type": "Polygon",
        "coordinates": [
          [
            [
              126.97464888409621,
              37.294371681795305
            ],
            [
              126.9746852594634,
              37.294367437474754
            ],
            [
              126.9746717800167,
              37.294294325597534
            ],
            [
              126.97463657955473,
              37.294298158689486
            ],
            [
              126.97464888409621,
              37.294371681795305
            ]
          ]
        ]
      }
    },
    {
      "type": "Feature",
      "properties": {
        "indoor": "room",
        "level": [
          1
        ],
        "ref": "",
        "name": "",
        "room_type": "",
        "_idx": 325,
        "_centroid": [
          126.9749353,
          37.2943305
        ],
        "_area_m2": 86
      },
      "geometry": {
        "type": "Polygon",
        "coordinates": [
          [
            [
              126.97486987576622,
              37.294272754311805
            ],
            [
              126.97488184141042,
              37.29434425243236
            ],
            [
              126.9748936620529,
              37.29434286062076
            ],
            [
              126.97490067985433,
              37.29434209027442
            ],
            [
              126.97489830712735,
              37.29432841047917
            ],
            [
              126.9749484667944,
              37.294322904434985
            ],
            [
              126.97495357042419,
              37.294352329063194
            ],
            [
              126.97497016481772,
              37.29435130184995
            ],
            [
              126.97501568517782,
              37.29437690909042
            ],
            [
              126.97504526828433,
              37.29433314969571
            ],
            [
              126.97491063129658,
              37.29426843767882
            ],
            [
              126.97486987576622,
              37.294272754311805
            ]
          ]
        ]
      }
    },
    {
      "type": "Feature",
      "properties": {
        "indoor": "room",
        "level": [
          1
        ],
        "ref": "",
        "name": "",
        "room_type": "",
        "_idx": 326,
        "_centroid": [
          126.9749353,
          37.2943305
        ],
        "_area_m2": 86
      },
      "geometry": {
        "type": "Polygon",
        "coordinates": [
          [
            [
              126.97486987576622,
              37.294272754311805
            ],
            [
              126.97488184141042,
              37.29434425243236
            ],
            [
              126.9748936620529,
              37.29434286062076
            ],
            [
              126.97490067985433,
              37.29434209027442
            ],
            [
              126.97489830712735,
              37.29432841047917
            ],
            [
              126.9749484667944,
              37.294322904434985
            ],
            [
              126.97495357042419,
              37.294352329063194
            ],
            [
              126.97497016481772,
              37.29435130184995
            ],
            [
              126.97501568517782,
              37.29437690909042
            ],
            [
              126.97504526828433,
              37.29433314969571
            ],
            [
              126.97491063129658,
              37.29426843767882
            ],
            [
              126.97486987576622,
              37.294272754311805
            ]
          ]
        ]
      }
    },
    {
      "type": "Feature",
      "properties": {
        "indoor": "room",
        "level": [
          1
        ],
        "ref": "31109",
        "name": "카르스텐로트교수실",
        "room_type": "office",
        "_idx": 327,
        "_centroid": [
          126.9746984,
          37.2943286
        ],
        "_area_m2": 28.9
      },
      "geometry": {
        "type": "Polygon",
        "coordinates": [
          [
            [
              126.9746717800167,
              37.294294325597534
            ],
            [
              126.9746852594634,
              37.294367437474754
            ],
            [
              126.97472432414759,
              37.29436279916993
            ],
            [
              126.9747121293535,
              37.29428993182798
            ],
            [
              126.9746717800167,
              37.294294325597534
            ]
          ]
        ]
      }
    },
    {
      "type": "Feature",
      "properties": {
        "indoor": "room",
        "level": [
          1
        ],
        "ref": "",
        "name": "",
        "room_type": "",
        "_idx": 328,
        "_centroid": [
          126.9746984,
          37.2943286
        ],
        "_area_m2": 28.9
      },
      "geometry": {
        "type": "Polygon",
        "coordinates": [
          [
            [
              126.9746717800167,
              37.294294325597534
            ],
            [
              126.9746852594634,
              37.294367437474754
            ],
            [
              126.97472432414759,
              37.29436279916993
            ],
            [
              126.9747121293535,
              37.29428993182798
            ],
            [
              126.9746717800167,
              37.294294325597534
            ]
          ]
        ]
      }
    },
    {
      "type": "Feature",
      "properties": {
        "indoor": "room",
        "level": [
          1
        ],
        "ref": "31108B",
        "name": "중력파실험물리연구실",
        "room_type": "lab",
        "_idx": 329,
        "_centroid": [
          126.974738,
          37.2943241
        ],
        "_area_m2": 28.6
      },
      "geometry": {
        "type": "Polygon",
        "coordinates": [
          [
            [
              126.97476395845281,
              37.294358132462015
            ],
            [
              126.97475143719583,
              37.29428567090134
            ],
            [
              126.9747121293535,
              37.29428993182798
            ],
            [
              126.97472432414759,
              37.29436279916993
            ],
            [
              126.97476395845281,
              37.294358132462015
            ]
          ]
        ]
      }
    },
    {
      "type": "Feature",
      "properties": {
        "indoor": "room",
        "level": [
          1
        ],
        "ref": "",
        "name": "",
        "room_type": "",
        "_idx": 330,
        "_centroid": [
          126.974738,
          37.2943241
        ],
        "_area_m2": 28.6
      },
      "geometry": {
        "type": "Polygon",
        "coordinates": [
          [
            [
              126.97476395845281,
              37.294358132462015
            ],
            [
              126.97475143719583,
              37.29428567090134
            ],
            [
              126.9747121293535,
              37.29428993182798
            ],
            [
              126.97472432414759,
              37.29436279916993
            ],
            [
              126.97476395845281,
              37.294358132462015
            ]
          ]
        ]
      }
    },
    {
      "type": "Feature",
      "properties": {
        "indoor": "room",
        "level": [
          1
        ],
        "ref": "31108A",
        "name": "이경하교수실",
        "room_type": "office",
        "_idx": 331,
        "_centroid": [
          126.9747784,
          37.2943195
        ],
        "_area_m2": 29.8
      },
      "geometry": {
        "type": "Polygon",
        "coordinates": [
          [
            [
              126.97475143719583,
              37.29428567090134
            ],
            [
              126.97476395845281,
              37.294358132462015
            ],
            [
              126.97480516771927,
              37.29435328031161
            ],
            [
              126.97479309053361,
              37.29428111570369
            ],
            [
              126.97475143719583,
              37.29428567090134
            ]
          ]
        ]
      }
    },
    {
      "type": "Feature",
      "properties": {
        "indoor": "room",
        "level": [
          1
        ],
        "ref": "",
        "name": "",
        "room_type": "",
        "_idx": 332,
        "_centroid": [
          126.9747784,
          37.2943195
        ],
        "_area_m2": 29.8
      },
      "geometry": {
        "type": "Polygon",
        "coordinates": [
          [
            [
              126.97475143719583,
              37.29428567090134
            ],
            [
              126.97476395845281,
              37.294358132462015
            ],
            [
              126.97480516771927,
              37.29435328031161
            ],
            [
              126.97479309053361,
              37.29428111570369
            ],
            [
              126.97475143719583,
              37.29428567090134
            ]
          ]
        ]
      }
    },
    {
      "type": "Feature",
      "properties": {
        "indoor": "room",
        "level": [
          1
        ],
        "ref": "31107",
        "name": "중력파실험물리연구실",
        "room_type": "lab",
        "_idx": 333,
        "_centroid": [
          126.9748375,
          37.2943129
        ],
        "_area_m2": 54.9
      },
      "geometry": {
        "type": "Polygon",
        "coordinates": [
          [
            [
              126.97488184141042,
              37.29434425243236
            ],
            [
              126.97486987576622,
              37.294272754311805
            ],
            [
              126.97479309053361,
              37.29428111570369
            ],
            [
              126.97480516771927,
              37.29435328031161
            ],
            [
              126.97488184141042,
              37.29434425243236
            ]
          ]
        ]
      }
    },
    {
      "type": "Feature",
      "properties": {
        "indoor": "room",
        "level": [
          1
        ],
        "ref": "",
        "name": "",
        "room_type": "",
        "_idx": 334,
        "_centroid": [
          126.9748375,
          37.2943129
        ],
        "_area_m2": 54.9
      },
      "geometry": {
        "type": "Polygon",
        "coordinates": [
          [
            [
              126.97488184141042,
              37.29434425243236
            ],
            [
              126.97486987576622,
              37.294272754311805
            ],
            [
              126.97479309053361,
              37.29428111570369
            ],
            [
              126.97480516771927,
              37.29435328031161
            ],
            [
              126.97488184141042,
              37.29434425243236
            ]
          ]
        ]
      }
    }
  ]
}