{
  "type": "FeatureCollection",
  "features": [
    {
      "type": "Feature",
      "properties": {
        "indoor": "room",
        "level": [
          2
        ],
        "ref": "62256",
        "name": "방사성동위원소관리실",
        "room_type": "",
        "_idx": 1,
        "_centroid": [
          126.9744669,
          37.2961084
        ],
        "_area_m2": 40.4
      },
      "geometry": {
        "type": "Polygon",
        "coordinates": [
          [
            [
              126.97450181203197,
              37.29614397169405
            ],
            [
              126.97448700171266,
              37.29606569482419
            ],
            [
              126.97447533433589,
              37.29606713337649
            ],
            [
              126.97443470559716,
              37.29607254416816
            ],
            [
              126.97445114311661,
              37.29615065393656
            ],
            [
              126.97445114311661,
              37.29615065393657
            ],
            [
              126.97450181203197,
              37.29614397169405
            ]
          ]
        ]
      }
    },
    {
      "type": "Feature",
      "properties": {
        "indoor": "room",
        "level": [
          2
        ],
        "ref": "62255",
        "name": "신경발생·줄기세포연구실",
        "room_type": "lab",
        "_idx": 2,
        "_centroid": [
          126.9745419,
          37.2960988
        ],
        "_area_m2": 74
      },
      "geometry": {
        "type": "Polygon",
        "coordinates": [
          [
            [
              126.97459666042718,
              37.29613146303908
            ],
            [
              126.97458200064625,
              37.296053981742794
            ],
            [
              126.97448700171266,
              37.29606569482419
            ],
            [
              126.97450181203197,
              37.29614397169405
            ],
            [
              126.97459666042718,
              37.29613146303908
            ]
          ]
        ]
      }
    },
    {
      "type": "Feature",
      "properties": {
        "indoor": "room",
        "level": [
          2
        ],
        "ref": "",
        "name": "",
        "room_type": "",
        "_idx": 3,
        "_centroid": [
          126.9743537,
          37.2960976
        ],
        "_area_m2": 85.4
      },
      "geometry": {
        "type": "Polygon",
        "coordinates": [
          [
            [
              126.97433297419903,
              37.29604182282299
            ],
            [
              126.97427514030299,
              37.29610652561563
            ],
            [
              126.97437730232303,
              37.296160392098265
            ],
            [
              126.97440651692617,
              37.29615640114058
            ],
            [
              126.97438973369334,
              37.2960739294551
            ],
            [
              126.97434042952213,
              37.296046388830355
            ],
            [
              126.97433297419903,
              37.29604182282299
            ]
          ]
        ]
      }
    },
    {
      "type": "Feature",
      "properties": {
        "indoor": "room",
        "level": [
          2
        ],
        "ref": "62254B",
        "name": "단백질공학연구실",
        "room_type": "lab",
        "_idx": 4,
        "_centroid": [
          126.9746098,
          37.2960901
        ],
        "_area_m2": 31.6
      },
      "geometry": {
        "type": "Polygon",
        "coordinates": [
          [
            [
              126.97463820580884,
              37.29612598401286
            ],
            [
              126.97462218412548,
              37.29604902724125
            ],
            [
              126.97458200064625,
              37.296053981742794
            ],
            [
              126.97459666042718,
              37.29613146303908
            ],
            [
              126.97463820580884,
              37.29612598401286
            ]
          ]
        ]
      }
    },
    {
      "type": "Feature",
      "properties": {
        "indoor": "room",
        "level": [
          2
        ],
        "ref": "62254A",
        "name": "공동기기실",
        "room_type": "lab",
        "_idx": 5,
        "_centroid": [
          126.974679,
          37.2960813
        ],
        "_area_m2": 74.9
      },
      "geometry": {
        "type": "Polygon",
        "coordinates": [
          [
            [
              126.97462218412548,
              37.29604902724125
            ],
            [
              126.97463820580884,
              37.29612598401286
            ],
            [
              126.97473503310795,
              37.29611321437904
            ],
            [
              126.97472059293038,
              37.296036893733024
            ],
            [
              126.97462218412548,
              37.29604902724125
            ]
          ]
        ]
      }
    },
    {
      "type": "Feature",
      "properties": {
        "indoor": "room",
        "level": [
          2
        ],
        "ref": "62253",
        "name": "단백질공학연구실Ⅰ",
        "room_type": "lab",
        "_idx": 6,
        "_centroid": [
          126.974748,
          37.2960725
        ],
        "_area_m2": 30.8
      },
      "geometry": {
        "type": "Polygon",
        "coordinates": [
          [
            [
              126.97477614030645,
              37.296107788116394
            ],
            [
              126.97476035997143,
              37.29603199057705
            ],
            [
              126.97472059293038,
              37.296036893733024
            ],
            [
              126.97473503310795,
              37.29611321437904
            ],
            [
              126.97477614030645,
              37.296107788116394
            ]
          ]
        ]
      }
    },
    {
      "type": "Feature",
      "properties": {
        "indoor": "room",
        "level": [
          2
        ],
        "ref": "62252",
        "name": "단백질공학연구실Ⅲ",
        "room_type": "lab",
        "_idx": 7,
        "_centroid": [
          126.9747882,
          37.2960673
        ],
        "_area_m2": 30.2
      },
      "geometry": {
        "type": "Polygon",
        "coordinates": [
          [
            [
              126.97476035997143,
              37.29603199057705
            ],
            [
              126.97477614030645,
              37.296107788116394
            ],
            [
              126.97481528397084,
              37.29610263085412
            ],
            [
              126.97480097115468,
              37.296026983340894
            ],
            [
              126.97476035997143,
              37.29603199057705
            ]
          ]
        ]
      }
    },
    {
      "type": "Feature",
      "properties": {
        "indoor": "room",
        "level": [
          2
        ],
        "ref": "62257A",
        "name": "식품생물화학연구실",
        "room_type": "lab",
        "_idx": 8,
        "_centroid": [
          126.9742895,
          37.2960661
        ],
        "_area_m2": 27.7
      },
      "geometry": {
        "type": "Polygon",
        "coordinates": [
          [
            [
              126.97427514030299,
              37.29610652561563
            ],
            [
              126.97433297419903,
              37.29604182282299
            ],
            [
              126.97430533080086,
              37.29602566990278
            ],
            [
              126.97424457020438,
              37.296090407065066
            ],
            [
              126.97427514030299,
              37.29610652561563
            ]
          ]
        ]
      }
    },
    {
      "type": "Feature",
      "properties": {
        "indoor": "room",
        "level": [
          2
        ],
        "ref": "62251A",
        "name": "이종성교수실",
        "room_type": "office",
        "_idx": 9,
        "_centroid": [
          126.9748868,
          37.2960548
        ],
        "_area_m2": 118
      },
      "geometry": {
        "type": "Polygon",
        "coordinates": [
          [
            [
              126.97497246068299,
              37.29608190230878
            ],
            [
              126.97495839731117,
              37.29600757317158
            ],
            [
              126.97480097115468,
              37.296026983340894
            ],
            [
              126.97481528397084,
              37.29610263085412
            ],
            [
              126.97497246068299,
              37.29608190230878
            ]
          ]
        ]
      }
    },
    {
      "type": "Feature",
      "properties": {
        "indoor": "room",
        "level": [
          2
        ],
        "ref": "",
        "name": "",
        "room_type": "",
        "_idx": 10,
        "_centroid": [
          126.974988,
          37.2960419
        ],
        "_area_m2": 33.5
      },
      "geometry": {
        "type": "Polygon",
        "coordinates": [
          [
            [
              126.97495839731117,
              37.29600757317158
            ],
            [
              126.97497246068299,
              37.29608190230878
            ],
            [
              126.9750171872333,
              37.296076003748404
            ],
            [
              126.97500391458419,
              37.29600196102938
            ],
            [
              126.97495839731117,
              37.29600757317158
            ]
          ]
        ]
      }
    },
    {
      "type": "Feature",
      "properties": {
        "indoor": "room",
        "level": [
          2
        ],
        "ref": "62257B",
        "name": "윤정훈교수실",
        "room_type": "office",
        "_idx": 11,
        "_centroid": [
          126.9742324,
          37.2960343
        ],
        "_area_m2": 84.2
      },
      "geometry": {
        "type": "Polygon",
        "coordinates": [
          [
            [
              126.97422190087092,
              37.29597642085288
            ],
            [
              126.97415783816656,
              37.29604467627581
            ],
            [
              126.97424457020438,
              37.296090407065066
            ],
            [
              126.97430533080086,
              37.29602566990278
            ],
            [
              126.97422190087092,
              37.29597642085288
            ]
          ]
        ]
      }
    },
    {
      "type": "Feature",
      "properties": {
        "indoor": "room",
        "level": [
          2
        ],
        "ref": "62208",
        "name": "융합생명공학과 사무실",
        "room_type": "office",
        "_idx": 12,
        "_centroid": [
          126.9744601,
          37.2960149
        ],
        "_area_m2": 47.1
      },
      "geometry": {
        "type": "Polygon",
        "coordinates": [
          [
            [
              126.97450586012461,
              37.29604278863642
            ],
            [
              126.97449446857755,
              37.295982580893906
            ],
            [
              126.97444045445273,
              37.295989301704864
            ],
            [
              126.9744158000881,
              37.29597570789596
            ],
            [
              126.97443069697461,
              37.29605208617742
            ],
            [
              126.97447331342282,
              37.29604682600306
            ],
            [
              126.97450586012461,
              37.29604278863642
            ]
          ]
        ]
      }
    },
    {
      "type": "Feature",
      "properties": {
        "indoor": "room",
        "level": [
          2
        ],
        "ref": "62207",
        "name": "윤기정교수실",
        "room_type": "office",
        "_idx": 13,
        "_centroid": [
          126.9745144,
          37.2960109
        ],
        "_area_m2": 17.1
      },
      "geometry": {
        "type": "Polygon",
        "coordinates": [
          [
            [
              126.97453440687511,
              37.29603924745738
            ],
            [
              126.97452277309542,
              37.29597911537722
            ],
            [
              126.97449446857755,
              37.295982580893906
            ],
            [
              126.97450586012461,
              37.29604278863642
            ],
            [
              126.97453440687511,
              37.29603924745738
            ]
          ]
        ]
      }
    },
    {
      "type": "Feature",
      "properties": {
        "indoor": "room",
        "level": [
          2
        ],
        "ref": "62206",
        "name": "김희권교수실",
        "room_type": "office",
        "_idx": 14,
        "_centroid": [
          126.9745505,
          37.2960064
        ],
        "_area_m2": 26.4
      },
      "geometry": {
        "type": "Polygon",
        "coordinates": [
          [
            [
              126.97452277309542,
              37.29597911537722
            ],
            [
              126.97453440687511,
              37.29603924745738
            ],
            [
              126.97457818535706,
              37.29603381680626
            ],
            [
              126.97456678874349,
              37.29597358231871
            ],
            [
              126.97452277309542,
              37.29597911537722
            ]
          ]
        ]
      }
    },
    {
      "type": "Feature",
      "properties": {
        "indoor": "room",
        "level": [
          2
        ],
        "ref": "62258",
        "name": "이재환교수실",
        "room_type": "office",
        "_idx": 15,
        "_centroid": [
          126.9741748,
          37.2960021
        ],
        "_area_m2": 30.9
      },
      "geometry": {
        "type": "Polygon",
        "coordinates": [
          [
            [
              126.97419235588907,
              37.29595898032181
            ],
            [
              126.9741271238129,
              37.29602848166457
            ],
            [
              126.97415783816656,
              37.29604467627581
            ],
            [
              126.97422190087092,
              37.29597642085288
            ],
            [
              126.97419235588907,
              37.29595898032181
            ]
          ]
        ]
      }
    },
    {
      "type": "Feature",
      "properties": {
        "indoor": "room",
        "level": [
          2
        ],
        "ref": "62205",
        "name": "유전자교정연구실",
        "room_type": "lab",
        "_idx": 16,
        "_centroid": [
          126.9746236,
          37.2959974
        ],
        "_area_m2": 61.6
      },
      "geometry": {
        "type": "Polygon",
        "coordinates": [
          [
            [
              126.9746805029801,
              37.29602112446771
            ],
            [
              126.97466884811543,
              37.29596088338583
            ],
            [
              126.97456678874349,
              37.29597358231871
            ],
            [
              126.97457818535706,
              37.29603381680626
            ],
            [
              126.9746805029801,
              37.29602112446771
            ]
          ]
        ]
      }
    },
    {
      "type": "Feature",
      "properties": {
        "indoor": "room",
        "level": [
          2
        ],
        "ref": "",
        "name": "",
        "room_type": "",
        "_idx": 17,
        "_centroid": [
          126.9743655,
          37.2959905
        ],
        "_area_m2": 29.7
      },
      "geometry": {
        "type": "Polygon",
        "coordinates": [
          [
            [
              126.97437389901796,
              37.29595261413875
            ],
            [
              126.97432165495131,
              37.29600827739451
            ],
            [
              126.97435677231064,
              37.29602886825802
            ],
            [
              126.97440956556038,
              37.29597227033107
            ],
            [
              126.97437389901796,
              37.29595261413875
            ]
          ]
        ]
      }
    },
    {
      "type": "Feature",
      "properties": {
        "indoor": "room",
        "level": [
          2
        ],
        "ref": "62204",
        "name": "권대혁교수실",
        "room_type": "office",
        "_idx": 18,
        "_centroid": [
          126.9746929,
          37.2959887
        ],
        "_area_m2": 21.9
      },
      "geometry": {
        "type": "Polygon",
        "coordinates": [
          [
            [
              126.97466884811543,
              37.29596088338583
            ],
            [
              126.9746805029801,
              37.29602112446771
            ],
            [
              126.97471675838972,
              37.29601662704176
            ],
            [
              126.97470535208329,
              37.2959563413097
            ],
            [
              126.97466884811543,
              37.29596088338583
            ]
          ]
        ]
      }
    },
    {
      "type": "Feature",
      "properties": {
        "indoor": "room",
        "level": [
          2
        ],
        "ref": "",
        "name": "",
        "room_type": "",
        "_idx": 19,
        "_centroid": [
          126.9741488,
          37.2959876
        ],
        "_area_m2": 22.9
      },
      "geometry": {
        "type": "Polygon",
        "coordinates": [
          [
            [
              126.97417083115177,
              37.29594627417592
            ],
            [
              126.97410474713763,
              37.296016683221374
            ],
            [
              126.9741271238129,
              37.29602848166457
            ],
            [
              126.97419235588907,
              37.29595898032181
            ],
            [
              126.97417083115177,
              37.29594627417592
            ]
          ]
        ]
      }
    },
    {
      "type": "Feature",
      "properties": {
        "indoor": "room",
        "level": [
          2
        ],
        "ref": "",
        "name": "",
        "room_type": "",
        "_idx": 20,
        "_centroid": [
          126.9747512,
          37.2959815
        ],
        "_area_m2": 48.5
      },
      "geometry": {
        "type": "Polygon",
        "coordinates": [
          [
            [
              126.97479712544887,
              37.29600665763578
            ],
            [
              126.97478571352086,
              37.295946342183875
            ],
            [
              126.97470535208329,
              37.2959563413097
            ],
            [
              126.97471675838972,
              37.29601662704176
            ],
            [
              126.97479712544887,
              37.29600665763578
            ]
          ]
        ]
      }
    },
    {
      "type": "Feature",
      "properties": {
        "indoor": "room",
        "level": [
          2
        ],
        "ref": "62209",
        "name": "허진희교수실",
        "room_type": "office",
        "_idx": 21,
        "_centroid": [
          126.9743329,
          37.295972
        ],
        "_area_m2": 24.6
      },
      "geometry": {
        "type": "Polygon",
        "coordinates": [
          [
            [
              126.97434392481932,
              37.295936095054664
            ],
            [
              126.97429232015521,
              37.295991077104006
            ],
            [
              126.97432165495131,
              37.29600827739451
            ],
            [
              126.97437389901796,
              37.29595261413875
            ],
            [
              126.97434392481932,
              37.295936095054664
            ]
          ]
        ]
      }
    },
    {
      "type": "Feature",
      "properties": {
        "indoor": "room",
        "level": [
          2
        ],
        "ref": "62202",
        "name": "생체소재공학연구실",
        "room_type": "lab",
        "_idx": 22,
        "_centroid": [
          126.9748513,
          37.2959691
        ],
        "_area_m2": 72.3
      },
      "geometry": {
        "type": "Polygon",
        "coordinates": [
          [
            [
              126.9749170858335,
              37.295991776740685
            ],
            [
              126.97490541405617,
              37.295931448215455
            ],
            [
              126.97478571352086,
              37.295946342183875
            ],
            [
              126.97479712544887,
              37.29600665763578
            ],
            [
              126.9749170858335,
              37.295991776740685
            ]
          ]
        ]
      }
    },
    {
      "type": "Feature",
      "properties": {
        "indoor": "room",
        "level": [
          2
        ],
        "ref": "62201B",
        "name": "",
        "room_type": "",
        "_idx": 23,
        "_centroid": [
          126.97493,
          37.2959593
        ],
        "_area_m2": 22.7
      },
      "geometry": {
        "type": "Polygon",
        "coordinates": [
          [
            [
              126.97490541405617,
              37.295931448215455
            ],
            [
              126.9749170858335,
              37.295991776740685
            ],
            [
              126.9749545297373,
              37.29598713188392
            ],
            [
              126.97494310679791,
              37.29592675822385
            ],
            [
              126.97490541405617,
              37.295931448215455
            ]
          ]
        ]
      }
    },
    {
      "type": "Feature",
      "properties": {
        "indoor": "room",
        "level": [
          2
        ],
        "ref": "62210",
        "name": "박계원교수실",
        "room_type": "office",
        "_idx": 24,
        "_centroid": [
          126.9743028,
          37.2959549
        ],
        "_area_m2": 25
      },
      "geometry": {
        "type": "Polygon",
        "coordinates": [
          [
            [
              126.97431303548892,
              37.295919071632206
            ],
            [
              126.97426208972942,
              37.29597335166613
            ],
            [
              126.97429232015521,
              37.295991077104006
            ],
            [
              126.97434392481932,
              37.295936095054664
            ],
            [
              126.97431303548892,
              37.295919071632206
            ]
          ]
        ]
      }
    },
    {
      "type": "Feature",
      "properties": {
        "indoor": "room",
        "level": [
          2
        ],
        "ref": "62201A",
        "name": "",
        "room_type": "",
        "_idx": 25,
        "_centroid": [
          126.9749718,
          37.2959541
        ],
        "_area_m2": 27.7
      },
      "geometry": {
        "type": "Polygon",
        "coordinates": [
          [
            [
              126.97498939081434,
              37.295921216315136
            ],
            [
              126.97494310679791,
              37.29592675822385
            ],
            [
              126.9749545297373,
              37.29598713188392
            ],
            [
              126.9750002399267,
              37.29598146160756
            ],
            [
              126.97498939081434,
              37.295921216315136
            ]
          ]
        ]
      }
    },
    {
      "type": "Feature",
      "properties": {
        "indoor": "room",
        "level": [
          2
        ],
        "ref": "",
        "name": "",
        "room_type": "",
        "_idx": 26,
        "_centroid": [
          126.9740699,
          37.2959436
        ],
        "_area_m2": 147.9
      },
      "geometry": {
        "type": "Polygon",
        "coordinates": [
          [
            [
              126.97403774824795,
              37.29586771475994
            ],
            [
              126.9739663968796,
              37.295943735938536
            ],
            [
              126.97410474713763,
              37.296016683221374
            ],
            [
              126.97417083115177,
              37.29594627417592
            ],
            [
              126.97403774824795,
              37.29586771475994
            ]
          ]
        ]
      }
    },
    {
      "type": "Feature",
      "properties": {
        "indoor": "room",
        "level": [
          2
        ],
        "ref": "62211",
        "name": "예비(신임교원)",
        "room_type": "reserved",
        "_idx": 27,
        "_centroid": [
          126.9742754,
          37.2959393
        ],
        "_area_m2": 19.7
      },
      "geometry": {
        "type": "Polygon",
        "coordinates": [
          [
            [
              126.97428844626079,
              37.29590552025984
            ],
            [
              126.9742380249982,
              37.295959241448124
            ],
            [
              126.97426208972942,
              37.29597335166613
            ],
            [
              126.97431303548892,
              37.295919071632206
            ],
            [
              126.97428844626079,
              37.29590552025984
            ]
          ]
        ]
      }
    },
    {
      "type": "Feature",
      "properties": {
        "indoor": "room",
        "level": [
          2
        ],
        "ref": "62212",
        "name": "우한민교수실",
        "room_type": "office",
        "_idx": 28,
        "_centroid": [
          126.9742483,
          37.2959239
        ],
        "_area_m2": 23.9
      },
      "geometry": {
        "type": "Polygon",
        "coordinates": [
          [
            [
              126.9742581849363,
              37.2958888429378
            ],
            [
              126.97420840918218,
              37.29594187638318
            ],
            [
              126.9742380249982,
              37.295959241448124
            ],
            [
              126.97428844626079,
              37.29590552025984
            ],
            [
              126.9742581849363,
              37.2958888429378
            ]
          ]
        ]
      }
    },
    {
      "type": "Feature",
      "properties": {
        "indoor": "room",
        "level": [
          2
        ],
        "ref": "",
        "name": "",
        "room_type": "",
        "_idx": 29,
        "_centroid": [
          126.9742224,
          37.2959092
        ],
        "_area_m2": 17.2
      },
      "geometry": {
        "type": "Polygon",
        "coordinates": [
          [
            [
              126.97423613831656,
              37.29587669282263
            ],
            [
              126.97418683283989,
              37.29592922521785
            ],
            [
              126.97420840918218,
              37.29594187638318
            ],
            [
              126.9742581849363,
              37.2958888429378
            ],
            [
              126.97423613831656,
              37.29587669282263
            ]
          ]
        ]
      }
    },
    {
      "type": "Feature",
      "properties": {
        "indoor": "room",
        "level": [
          2
        ],
        "ref": "61253",
        "name": "세포배양실",
        "room_type": "lab",
        "_idx": 30,
        "_centroid": [
          126.97399,
          37.295899
        ],
        "_area_m2": 27.5
      },
      "geometry": {
        "type": "Polygon",
        "coordinates": [
          [
            [
              126.97401411015633,
              37.29585376109181
            ],
            [
              126.97394182321044,
              37.29593077909682
            ],
            [
              126.9739663968796,
              37.295943735938536
            ],
            [
              126.97403774824795,
              37.29586771475994
            ],
            [
              126.97401411015633,
              37.29585376109181
            ]
          ]
        ]
      }
    },
    {
      "type": "Feature",
      "properties": {
        "indoor": "room",
        "level": [
          2
        ],
        "ref": "61201",
        "name": "대사생명공학연구실",
        "room_type": "lab",
        "_idx": 31,
        "_centroid": [
          126.9741703,
          37.2958796
        ],
        "_area_m2": 63.5
      },
      "geometry": {
        "type": "Polygon",
        "coordinates": [
          [
            [
              126.97415147470065,
              37.29583031832778
            ],
            [
              126.97410659056035,
              37.29588217561455
            ],
            [
              126.97418683283989,
              37.29592922521785
            ],
            [
              126.97423613831656,
              37.29587669282263
            ],
            [
              126.97415147470065,
              37.29583031832778
            ]
          ]
        ]
      }
    },
    {
      "type": "Feature",
      "properties": {
        "indoor": "room",
        "level": [
          2
        ],
        "ref": "61254",
        "name": "식품분자생물공학연구실",
        "room_type": "lab",
        "_idx": 32,
        "_centroid": [
          126.973898,
          37.2958476
        ],
        "_area_m2": 191.2
      },
      "geometry": {
        "type": "Polygon",
        "coordinates": [
          [
            [
              126.97385726951048,
              37.29576117737755
            ],
            [
              126.97377877494527,
              37.295844809413175
            ],
            [
              126.97394182321044,
              37.29593077909682
            ],
            [
              126.97401411015633,
              37.29585376109181
            ],
            [
              126.97385726951048,
              37.29576117737755
            ]
          ]
        ]
      }
    },
    {
      "type": "Feature",
      "properties": {
        "indoor": "room",
        "level": [
          2
        ],
        "ref": "",
        "name": "",
        "room_type": "",
        "_idx": 33,
        "_centroid": [
          126.9737744,
          37.2958243
        ],
        "_area_m2": 183.4
      },
      "geometry": {
        "type": "MultiPolygon",
        "coordinates": [
          [
            [
              [
                126.9737631952259,
                37.2958365947686
              ],
              [
                126.97377828311038,
                37.295844550085725
              ],
              [
                126.9738007196746,
                37.29582049650897
              ],
              [
                126.97375535221012,
                37.2957957142789
              ],
              [
                126.9737631952259,
                37.2958365947686
              ]
            ]
          ],
          [
            [
              [
                126.97386618857792,
                37.29566833222475
              ],
              [
                126.97376028869283,
                37.2953925926524
              ],
              [
                126.97373005768105,
                37.295391994121616
              ],
              [
                126.97378476922748,
                37.295675457601405
              ],
              [
                126.97378476922746,
                37.295675457601405
              ],
              [
                126.97381628281005,
                37.29571195531965
              ],
              [
                126.97382191355825,
                37.295715256876775
              ],
              [
                126.97386618857792,
                37.29566833222475
              ]
            ]
          ]
        ]
      }
    },
    {
      "type": "Feature",
      "properties": {
        "indoor": "room",
        "level": [
          2
        ],
        "ref": "61256",
        "name": "예비(신임교원)",
        "room_type": "reserved",
        "_idx": 34,
        "_centroid": [
          126.9734829,
          37.2958227
        ],
        "_area_m2": 50.1
      },
      "geometry": {
        "type": "Polygon",
        "coordinates": [
          [
            [
              126.97352755105248,
              37.29584874619324
            ],
            [
              126.97351972902463,
              37.29578675990776
            ],
            [
              126.9734362500085,
              37.2957968953882
            ],
            [
              126.97344807229068,
              37.29585851716024
            ],
            [
              126.97352755105248,
              37.29584874619324
            ]
          ]
        ]
      }
    },
    {
      "type": "Feature",
      "properties": {
        "indoor": "room",
        "level": [
          2
        ],
        "ref": "61255",
        "name": "학부실험실",
        "room_type": "lab",
        "_idx": 35,
        "_centroid": [
          126.9735855,
          37.2958102
        ],
        "_area_m2": 76
      },
      "geometry": {
        "type": "Polygon",
        "coordinates": [
          [
            [
              126.97351972902463,
              37.29578675990776
            ],
            [
              126.97352755105248,
              37.29584874619324
            ],
            [
              126.9736513129862,
              37.29583353113777
            ],
            [
              126.973643514414,
              37.29577173068903
            ],
            [
              126.97351972902463,
              37.29578675990776
            ]
          ]
        ]
      }
    },
    {
      "type": "Feature",
      "properties": {
        "indoor": "room",
        "level": [
          2
        ],
        "ref": "",
        "name": "",
        "room_type": "",
        "_idx": 36,
        "_centroid": [
          126.9734403,
          37.295808
        ],
        "_area_m2": 25
      },
      "geometry": {
        "type": "Polygon",
        "coordinates": [
          [
            [
              126.97351972902463,
              37.29578675990776
            ],
            [
              126.97351952890037,
              37.29578517400697
            ],
            [
              126.97339921298243,
              37.2958010834886
            ],
            [
              126.973394869141,
              37.295786339578555
            ],
            [
              126.97339338354556,
              37.295786538578895
            ],
            [
              126.97341103771502,
              37.295863013653154
            ],
            [
              126.97344807229068,
              37.29585851716024
            ],
            [
              126.9734362500085,
              37.2957968953882
            ],
            [
              126.97351972902463,
              37.29578675990776
            ]
          ]
        ]
      }
    },
    {
      "type": "Feature",
      "properties": {
        "indoor": "room",
        "level": [
          2
        ],
        "ref": "",
        "name": "",
        "room_type": "",
        "_idx": 37,
        "_centroid": [
          126.9737218,
          37.2958021
        ],
        "_area_m2": 66.9
      },
      "geometry": {
        "type": "Polygon",
        "coordinates": [
          [
            [
              126.973643514414,
              37.29577173068903
            ],
            [
              126.9736513129862,
              37.29583353113777
            ],
            [
              126.9737373291336,
              37.29582295647708
            ],
            [
              126.9737631952259,
              37.2958365947686
            ],
            [
              126.97375535221012,
              37.2957957142789
            ],
            [
              126.97375430406802,
              37.29579514172545
            ],
            [
              126.97374727536317,
              37.29575913270789
            ],
            [
              126.973643514414,
              37.29577173068903
            ]
          ]
        ]
      }
    },
    {
      "type": "Feature",
      "properties": {
        "indoor": "room",
        "level": [
          2
        ],
        "ref": "",
        "name": "",
        "room_type": "",
        "_idx": 38,
        "_centroid": [
          126.9740114,
          37.2957893
        ],
        "_area_m2": 168.7
      },
      "geometry": {
        "type": "Polygon",
        "coordinates": [
          [
            [
              126.97410659056035,
              37.29588217561455
            ],
            [
              126.97415147470065,
              37.29583031832778
            ],
            [
              126.97391497412954,
              37.29569969599032
            ],
            [
              126.97387251943563,
              37.29574492934456
            ],
            [
              126.97410659056035,
              37.29588217561455
            ]
          ]
        ]
      }
    },
    {
      "type": "Feature",
      "properties": {
        "indoor": "room",
        "level": [
          2
        ],
        "ref": "",
        "name": "",
        "room_type": "",
        "_idx": 39,
        "_centroid": [
          126.9733491,
          37.2957877
        ],
        "_area_m2": 137
      },
      "geometry": {
        "type": "Polygon",
        "coordinates": [
          [
            [
              126.97341103771502,
              37.295863013653154
            ],
            [
              126.97339338354556,
              37.295786538578895
            ],
            [
              126.97337693260373,
              37.295720652168185
            ],
            [
              126.97336360166808,
              37.295720652168185
            ],
            [
              126.97322743821563,
              37.295733485356415
            ],
            [
              126.97333012786186,
              37.295818092576
            ],
            [
              126.97334113330162,
              37.29587159547062
            ],
            [
              126.97341103771502,
              37.295863013653154
            ]
          ]
        ]
      }
    },
    {
      "type": "Feature",
      "properties": {
        "indoor": "room",
        "level": [
          2
        ],
        "ref": "61216",
        "name": "슈퍼컴퓨팅센터(서버룸집적)",
        "room_type": "",
        "_idx": 40,
        "_centroid": [
          126.9733922,
          37.295752
        ],
        "_area_m2": 22.2
      },
      "geometry": {
        "type": "Polygon",
        "coordinates": [
          [
            [
              126.97341445916574,
              37.29571603184543
            ],
            [
              126.97337691254427,
              37.29571903028209
            ],
            [
              126.97336360166808,
              37.295720652168185
            ],
            [
              126.97337693260373,
              37.295720652168185
            ],
            [
              126.97339338354556,
              37.295786538578895
            ],
            [
              126.973394869141,
              37.295786339578555
            ],
            [
              126.97339454482616,
              37.29578523878588
            ],
            [
              126.97342269276362,
              37.29578127970881
            ],
            [
              126.97341445916574,
              37.29571603184543
            ]
          ]
        ]
      }
    },
    {
      "type": "Feature",
      "properties": {
        "indoor": "room",
        "level": [
          2
        ],
        "ref": "61215",
        "name": "예비(신임교원)",
        "room_type": "reserved",
        "_idx": 41,
        "_centroid": [
          126.9734359,
          37.2957466
        ],
        "_area_m2": 22.2
      },
      "geometry": {
        "type": "Polygon",
        "coordinates": [
          [
            [
              126.97341445916574,
              37.29571603184543
            ],
            [
              126.97342269276362,
              37.29578127970881
            ],
            [
              126.97345729951498,
              37.29577641218358
            ],
            [
              126.97344927388572,
              37.29571281238203
            ],
            [
              126.97341445916574,
              37.29571603184543
            ]
          ]
        ]
      }
    },
    {
      "type": "Feature",
      "properties": {
        "indoor": "room",
        "level": [
          2
        ],
        "ref": "61214",
        "name": "생명공학연구원장실",
        "room_type": "lab",
        "_idx": 42,
        "_centroid": [
          126.9734695,
          37.2957427
        ],
        "_area_m2": 20.2
      },
      "geometry": {
        "type": "Polygon",
        "coordinates": [
          [
            [
              126.97344927388572,
              37.29571281238203
            ],
            [
              126.97345729951498,
              37.29577641218358
            ],
            [
              126.97348970092843,
              37.29577185484458
            ],
            [
              126.97348187001498,
              37.295709798081035
            ],
            [
              126.97344927388572,
              37.29571281238203
            ]
          ]
        ]
      }
    },
    {
      "type": "Feature",
      "properties": {
        "indoor": "room",
        "level": [
          2
        ],
        "ref": "61212",
        "name": "생명공학연구소/학부장부속실",
        "room_type": "lab",
        "_idx": 43,
        "_centroid": [
          126.9735144,
          37.2957375
        ],
        "_area_m2": 34.4
      },
      "geometry": {
        "type": "Polygon",
        "coordinates": [
          [
            [
              126.97354730412725,
              37.2957637528121
            ],
            [
              126.97353855147455,
              37.29570449939558
            ],
            [
              126.97348187001498,
              37.295709798081035
            ],
            [
              126.97348970092843,
              37.29577185484458
            ],
            [
              126.97354730412725,
              37.2957637528121
            ]
          ]
        ]
      }
    },
    {
      "type": "Feature",
      "properties": {
        "indoor": "room",
        "level": [
          2
        ],
        "ref": "61211",
        "name": "생명공학대학장실",
        "room_type": "office",
        "_idx": 44,
        "_centroid": [
          126.9735902,
          37.2957286
        ],
        "_area_m2": 53.5
      },
      "geometry": {
        "type": "Polygon",
        "coordinates": [
          [
            [
              126.97353855147455,
              37.29570449939558
            ],
            [
              126.97354730412725,
              37.2957637528121
            ],
            [
              126.97364084740116,
              37.2957505957191
            ],
            [
              126.97363392479485,
              37.29569573693682
            ],
            [
              126.97353855147455,
              37.29570449939558
            ]
          ]
        ]
      }
    },
    {
      "type": "Feature",
      "properties": {
        "indoor": "room",
        "level": [
          2
        ],
        "ref": "61210",
        "name": "식품생명공학학생회실",
        "room_type": "",
        "_idx": 45,
        "_centroid": [
          126.9736796,
          37.2957023
        ],
        "_area_m2": 43.7
      },
      "geometry": {
        "type": "Polygon",
        "coordinates": [
          [
            [
              126.97363392479485,
              37.29569573693682
            ],
            [
              126.97364084740116,
              37.2957505957191
            ],
            [
              126.97372193818467,
              37.295739190099695
            ],
            [
              126.97370824492634,
              37.295683238432325
            ],
            [
              126.97371097397713,
              37.29568296094815
            ],
            [
              126.97371089269083,
              37.295682576918495
            ],
            [
              126.9736544267794,
              37.29569014071839
            ],
            [
              126.97365516270352,
              37.2956937729782
            ],
            [
              126.97363392479485,
              37.29569573693682
            ]
          ]
        ]
      }
    },
    {
      "type": "Feature",
      "properties": {
        "indoor": "room",
        "level": [
          2
        ],
        "ref": "",
        "name": "",
        "room_type": "",
        "_idx": 46,
        "_centroid": [
          126.9738684,
          37.2957002
        ],
        "_area_m2": 33.7
      },
      "geometry": {
        "type": "Polygon",
        "coordinates": [
          [
            [
              126.97391393594478,
              37.29569912063303
            ],
            [
              126.97386845767362,
              37.29567391678122
            ],
            [
              126.97386618857792,
              37.29566833222475
            ],
            [
              126.97382191355825,
              37.295715256876775
            ],
            [
              126.9738716708833,
              37.295744431800735
            ],
            [
              126.97391393594478,
              37.29569912063303
            ]
          ]
        ]
      }
    },
    {
      "type": "Feature",
      "properties": {
        "indoor": "room",
        "level": [
          2
        ],
        "ref": "61207",
        "name": "",
        "room_type": "",
        "_idx": 47,
        "_centroid": [
          126.973698,
          37.2956474
        ],
        "_area_m2": 104.9
      },
      "geometry": {
        "type": "Polygon",
        "coordinates": [
          [
            [
              126.97372877070434,
              37.295568844021524
            ],
            [
              126.97363249051202,
              37.2955811020716
            ],
            [
              126.9736544267794,
              37.29569014071839
            ],
            [
              126.97371089269083,
              37.295682576918495
            ],
            [
              126.97371097397713,
              37.29568296094815
            ],
            [
              126.97375024919721,
              37.295678967525895
            ],
            [
              126.97372877070434,
              37.295568844021524
            ]
          ]
        ]
      }
    },
    {
      "type": "Feature",
      "properties": {
        "indoor": "room",
        "level": [
          2
        ],
        "ref": "51251",
        "name": "성균어학원교사실",
        "room_type": "",
        "_idx": 48,
        "_centroid": [
          126.9746175,
          37.2955528
        ],
        "_area_m2": 55.5
      },
      "geometry": {
        "type": "Polygon",
        "coordinates": [
          [
            [
              126.97454348534843,
              37.29559623843643
            ],
            [
              126.97458692028717,
              37.29562194429743
            ],
            [
              126.9746555860838,
              37.29553101239956
            ],
            [
              126.97466752284062,
              37.295515204937836
            ],
            [
              126.97463376503543,
              37.29549970015225
            ],
            [
              126.97454348534843,
              37.29559623843643
            ]
          ]
        ]
      }
    },
    {
      "type": "Feature",
      "properties": {
        "indoor": "room",
        "level": [
          2
        ],
        "ref": "61208",
        "name": "일반강의실",
        "room_type": "classroom",
        "_idx": 49,
        "_centroid": [
          126.973674,
          37.2955419
        ],
        "_area_m2": 64
      },
      "geometry": {
        "type": "Polygon",
        "coordinates": [
          [
            [
              126.97363249051202,
              37.2955811020716
            ],
            [
              126.97372877070434,
              37.295568844021524
            ],
            [
              126.97371584832486,
              37.29550258901367
            ],
            [
              126.97361902599236,
              37.2955149160978
            ],
            [
              126.97363249051202,
              37.2955811020716
            ]
          ]
        ]
      }
    },
    {
      "type": "Feature",
      "properties": {
        "indoor": "room",
        "level": [
          2
        ],
        "ref": "51252A",
        "name": "성균어학원강의실",
        "room_type": "classroom",
        "_idx": 50,
        "_centroid": [
          126.974555,
          37.2955304
        ],
        "_area_m2": 91.5
      },
      "geometry": {
        "type": "Polygon",
        "coordinates": [
          [
            [
              126.97454348534843,
              37.29559623843643
            ],
            [
              126.97463376503543,
              37.29549970015225
            ],
            [
              126.97456369282693,
              37.295467516348765
            ],
            [
              126.97447908393183,
              37.295557990756116
            ],
            [
              126.97454348534843,
              37.29559623843643
            ]
          ]
        ]
      }
    },
    {
      "type": "Feature",
      "properties": {
        "indoor": "room",
        "level": [
          2
        ],
        "ref": "51252B",
        "name": "",
        "room_type": "",
        "_idx": 51,
        "_centroid": [
          126.9745022,
          37.2955027
        ],
        "_area_m2": 49.5
      },
      "geometry": {
        "type": "Polygon",
        "coordinates": [
          [
            [
              126.97447908393183,
              37.295557990756116
            ],
            [
              126.97456369282693,
              37.295467516348765
            ],
            [
              126.97452370578246,
              37.29544915050574
            ],
            [
              126.97444233296866,
              37.295536164542284
            ],
            [
              126.97447908393183,
              37.295557990756116
            ]
          ]
        ]
      }
    },
    {
      "type": "Feature",
      "properties": {
        "indoor": "room",
        "level": [
          2
        ],
        "ref": "51252C",
        "name": "성균어학원행정실",
        "room_type": "office",
        "_idx": 52,
        "_centroid": [
          126.9744619,
          37.2954816
        ],
        "_area_m2": 52.4
      },
      "geometry": {
        "type": "Polygon",
        "coordinates": [
          [
            [
              126.97444233296866,
              37.295536164542284
            ],
            [
              126.97452370578246,
              37.29544915050574
            ],
            [
              126.97447962255173,
              37.29542890330552
            ],
            [
              126.97440181729444,
              37.29551210248531
            ],
            [
              126.97444233296866,
              37.295536164542284
            ]
          ]
        ]
      }
    },
    {
      "type": "Feature",
      "properties": {
        "indoor": "room",
        "level": [
          2
        ],
        "ref": "61209",
        "name": "일반강의실",
        "room_type": "classroom",
        "_idx": 53,
        "_centroid": [
          126.9736617,
          37.2954799
        ],
        "_area_m2": 56.1
      },
      "geometry": {
        "type": "Polygon",
        "coordinates": [
          [
            [
              126.97361902599236,
              37.2955149160978
            ],
            [
              126.97371584832486,
              37.29550258901367
            ],
            [
              126.97370458558137,
              37.295444843212316
            ],
            [
              126.97360729073647,
              37.295457230464784
            ],
            [
              126.97361902599236,
              37.2955149160978
            ]
          ]
        ]
      }
    },
    {
      "type": "Feature",
      "properties": {
        "indoor": "room",
        "level": [
          2
        ],
        "ref": "51201A",
        "name": "성균어학원강의실",
        "room_type": "classroom",
        "_idx": 54,
        "_centroid": [
          126.9746531,
          37.2954649
        ],
        "_area_m2": 31.5
      },
      "geometry": {
        "type": "Polygon",
        "coordinates": [
          [
            [
              126.97462861309772,
              37.2954306349734
            ],
            [
              126.97460172016109,
              37.29546226517192
            ],
            [
              126.9746801064916,
              37.29549824058517
            ],
            [
              126.97470181034527,
              37.295468335209385
            ],
            [
              126.97462861309772,
              37.2954306349734
            ]
          ]
        ]
      }
    },
    {
      "type": "Feature",
      "properties": {
        "indoor": "room",
        "level": [
          2
        ],
        "ref": "51252D",
        "name": "",
        "room_type": "",
        "_idx": 55,
        "_centroid": [
          126.9744222,
          37.2954608
        ],
        "_area_m2": 44
      },
      "geometry": {
        "type": "Polygon",
        "coordinates": [
          [
            [
              126.97440181729444,
              37.29551210248531
            ],
            [
              126.97447962255173,
              37.29542890330552
            ],
            [
              126.97444094379127,
              37.295411138350595
            ],
            [
              126.97436626871875,
              37.295490990363405
            ],
            [
              126.97440181729444,
              37.29551210248531
            ]
          ]
        ]
      }
    },
    {
      "type": "Feature",
      "properties": {
        "indoor": "room",
        "level": [
          2
        ],
        "ref": "51253",
        "name": "성균어학원강의실",
        "room_type": "classroom",
        "_idx": 56,
        "_centroid": [
          126.9743784,
          37.2954379
        ],
        "_area_m2": 56.8
      },
      "geometry": {
        "type": "Polygon",
        "coordinates": [
          [
            [
              126.97436626871875,
              37.295490990363405
            ],
            [
              126.97444094379127,
              37.295411138350595
            ],
            [
              126.97438848525121,
              37.295387044414056
            ],
            [
              126.97431805552768,
              37.29546235678954
            ],
            [
              126.97436626871875,
              37.295490990363405
            ]
          ]
        ]
      }
    },
    {
      "type": "Feature",
      "properties": {
        "indoor": "room",
        "level": [
          2
        ],
        "ref": "51201B",
        "name": "",
        "room_type": "",
        "_idx": 57,
        "_centroid": [
          126.9745846,
          37.2954316
        ],
        "_area_m2": 27.7
      },
      "geometry": {
        "type": "Polygon",
        "coordinates": [
          [
            [
              126.97460172016109,
              37.29546226517192
            ],
            [
              126.97462861309772,
              37.2954306349734
            ],
            [
              126.97456949545374,
              37.29540018643601
            ],
            [
              126.97453855260575,
              37.295433274416865
            ],
            [
              126.97460172016109,
              37.29546226517192
            ]
          ]
        ]
      }
    },
    {
      "type": "Feature",
      "properties": {
        "indoor": "room",
        "level": [
          2
        ],
        "ref": "51255A",
        "name": "고압실험실",
        "room_type": "lab",
        "_idx": 58,
        "_centroid": [
          126.9743319,
          37.2954135
        ],
        "_area_m2": 45.6
      },
      "geometry": {
        "type": "Polygon",
        "coordinates": [
          [
            [
              126.97431805552768,
              37.29546235678954
            ],
            [
              126.97438848525121,
              37.295387044414056
            ],
            [
              126.97434403346884,
              37.29536662793998
            ],
            [
              126.97427720112567,
              37.29543809356384
            ],
            [
              126.97431805552768,
              37.29546235678954
            ]
          ]
        ]
      }
    },
    {
      "type": "Feature",
      "properties": {
        "indoor": "room",
        "level": [
          2
        ],
        "ref": "51201C",
        "name": "",
        "room_type": "",
        "_idx": 59,
        "_centroid": [
          126.9745324,
          37.2954062
        ],
        "_area_m2": 20.9
      },
      "geometry": {
        "type": "Polygon",
        "coordinates": [
          [
            [
              126.97453855260575,
              37.295433274416865
            ],
            [
              126.97456949545374,
              37.29540018643601
            ],
            [
              126.97452696352816,
              37.29537828037145
            ],
            [
              126.97449445942786,
              37.29541303784902
            ],
            [
              126.97453855260575,
              37.295433274416865
            ]
          ]
        ]
      }
    },
    {
      "type": "Feature",
      "properties": {
        "indoor": "room",
        "level": [
          2
        ],
        "ref": "51255B",
        "name": "CeQMF사무실",
        "room_type": "office",
        "_idx": 60,
        "_centroid": [
          126.9742896,
          37.2953913
        ],
        "_area_m2": 42.6
      },
      "geometry": {
        "type": "Polygon",
        "coordinates": [
          [
            [
              126.97430047013694,
              37.295346619526605
            ],
            [
              126.97423673380008,
              37.29541379458212
            ],
            [
              126.97427720112567,
              37.29543809356384
            ],
            [
              126.97434403346884,
              37.29536662793998
            ],
            [
              126.97430047013694,
              37.295346619526605
            ]
          ]
        ]
      }
    },
    {
      "type": "Feature",
      "properties": {
        "indoor": "room",
        "level": [
          2
        ],
        "ref": "",
        "name": "",
        "room_type": "",
        "_idx": 61,
        "_centroid": [
          126.9744917,
          37.2953864
        ],
        "_area_m2": 19.2
      },
      "geometry": {
        "type": "Polygon",
        "coordinates": [
          [
            [
              126.97449445942786,
              37.29541303784902
            ],
            [
              126.97452696352816,
              37.29537828037145
            ],
            [
              126.97448964588648,
              37.29535905992335
            ],
            [
              126.97445577193956,
              37.29539528222288
            ],
            [
              126.97449445942786,
              37.29541303784902
            ]
          ]
        ]
      }
    },
    {
      "type": "Feature",
      "properties": {
        "indoor": "room",
        "level": [
          2
        ],
        "ref": "",
        "name": "",
        "room_type": "",
        "_idx": 62,
        "_centroid": [
          126.9737416,
          37.2953685
        ],
        "_area_m2": 14.9
      },
      "geometry": {
        "type": "Polygon",
        "coordinates": [
          [
            [
              126.97376028869283,
              37.2953925926524
            ],
            [
              126.97375492749646,
              37.295343215418065
            ],
            [
              126.97372123206891,
              37.29534626814796
            ],
            [
              126.97373005768104,
              37.295391994121616
            ],
            [
              126.97376028869283,
              37.2953925926524
            ]
          ]
        ]
      }
    },
    {
      "type": "Feature",
      "properties": {
        "indoor": "room",
        "level": [
          2
        ],
        "ref": "",
        "name": "",
        "room_type": "",
        "_idx": 63,
        "_centroid": [
          126.9736245,
          37.2953661
        ],
        "_area_m2": 195.9
      },
      "geometry": {
        "type": "Polygon",
        "coordinates": [
          [
            [
              126.97360729073647,
              37.295457230464784
            ],
            [
              126.97370458558137,
              37.295444843212316
            ],
            [
              126.97368071197822,
              37.29532243961272
            ],
            [
              126.97369328083295,
              37.295321081080225
            ],
            [
              126.97368452205562,
              37.29528442468962
            ],
            [
              126.97349305107875,
              37.295312421664256
            ],
            [
              126.9735694377096,
              37.295370851755614
            ],
            [
              126.97359345919672,
              37.29538922640667
            ],
            [
              126.97359415539917,
              37.29539266261442
            ],
            [
              126.97360729073647,
              37.295457230464784
            ]
          ]
        ]
      }
    },
    {
      "type": "Feature",
      "properties": {
        "indoor": "room",
        "level": [
          2
        ],
        "ref": "51203",
        "name": "박두선교수연구실",
        "room_type": "lab",
        "_idx": 64,
        "_centroid": [
          126.9744469,
          37.2953646
        ],
        "_area_m2": 27.3
      },
      "geometry": {
        "type": "Polygon",
        "coordinates": [
          [
            [
              126.97445577193956,
              37.29539528222288
            ],
            [
              126.97448964588648,
              37.29535905992335
            ],
            [
              126.97443903338002,
              37.29533299195629
            ],
            [
              126.97440330156239,
              37.29537120093868
            ],
            [
              126.97445577193956,
              37.29539528222288
            ]
          ]
        ]
      }
    },
    {
      "type": "Feature",
      "properties": {
        "indoor": "room",
        "level": [
          2
        ],
        "ref": "51255C",
        "name": "시료제작실II",
        "room_type": "lab",
        "_idx": 65,
        "_centroid": [
          126.9742182,
          37.2953634
        ],
        "_area_m2": 76.8
      },
      "geometry": {
        "type": "Polygon",
        "coordinates": [
          [
            [
              126.97423673380008,
              37.29541379458212
            ],
            [
              126.97430047013694,
              37.295346619526605
            ],
            [
              126.97420793256232,
              37.29530411749648
            ],
            [
              126.97416342191846,
              37.29537052494494
            ],
            [
              126.97418268312514,
              37.29538195979445
            ],
            [
              126.97423673380008,
              37.29541379458212
            ]
          ]
        ]
      }
    },
    {
      "type": "Feature",
      "properties": {
        "indoor": "room",
        "level": [
          2
        ],
        "ref": "51262",
        "name": "해조류바이오매스생산연구단",
        "room_type": "lab",
        "_idx": 66,
        "_centroid": [
          126.9737819,
          37.2953557
        ],
        "_area_m2": 38.3
      },
      "geometry": {
        "type": "Polygon",
        "coordinates": [
          [
            [
              126.97375492749646,
              37.295343215418065
            ],
            [
              126.97376028869283,
              37.2953925926524
            ],
            [
              126.9738256199583,
              37.295385758740906
            ],
            [
              126.97381548032305,
              37.2953256284259
            ],
            [
              126.97375321732979,
              37.295331269315405
            ],
            [
              126.97375492749646,
              37.295343215418065
            ]
          ]
        ]
      }
    },
    {
      "type": "Feature",
      "properties": {
        "indoor": "room",
        "level": [
          2
        ],
        "ref": "51261",
        "name": "운동생화학실험실",
        "room_type": "lab",
        "_idx": 67,
        "_centroid": [
          126.9738431,
          37.2953535
        ],
        "_area_m2": 26.8
      },
      "geometry": {
        "type": "Polygon",
        "coordinates": [
          [
            [
              126.97387070860367,
              37.29538104228839
            ],
            [
              126.97386067385926,
              37.295321533991455
            ],
            [
              126.97381548032305,
              37.2953256284259
            ],
            [
              126.9738256199583,
              37.295385758740906
            ],
            [
              126.97387070860367,
              37.29538104228839
            ]
          ]
        ]
      }
    },
    {
      "type": "Feature",
      "properties": {
        "indoor": "room",
        "level": [
          2
        ],
        "ref": "51259",
        "name": "시료제작실I",
        "room_type": "lab",
        "_idx": 68,
        "_centroid": [
          126.9739111,
          37.2953468
        ],
        "_area_m2": 53
      },
      "geometry": {
        "type": "Polygon",
        "coordinates": [
          [
            [
              126.97386067385926,
              37.295321533991455
            ],
            [
              126.97387070860367,
              37.29538104228839
            ],
            [
              126.97396335743612,
              37.29537115507957
            ],
            [
              126.97394957630492,
              37.29531347962647
            ],
            [
              126.97386067385926,
              37.295321533991455
            ]
          ]
        ]
      }
    },
    {
      "type": "Feature",
      "properties": {
        "indoor": "room",
        "level": [
          2
        ],
        "ref": "51204A",
        "name": "학생연구실",
        "room_type": "lab",
        "_idx": 69,
        "_centroid": [
          126.9743993,
          37.2953415
        ],
        "_area_m2": 24.2
      },
      "geometry": {
        "type": "Polygon",
        "coordinates": [
          [
            [
              126.97440330156239,
              37.29537120093868
            ],
            [
              126.97443903338002,
              37.29533299195629
            ],
            [
              126.97439614586901,
              37.29531090274748
            ],
            [
              126.97435883974929,
              37.295350795185676
            ],
            [
              126.97440330156239,
              37.29537120093868
            ]
          ]
        ]
      }
    },
    {
      "type": "Feature",
      "properties": {
        "indoor": "room",
        "level": [
          2
        ],
        "ref": "51257",
        "name": "방사성동위원소실",
        "room_type": "",
        "_idx": 70,
        "_centroid": [
          126.9739971,
          37.2953383
        ],
        "_area_m2": 46.4
      },
      "geometry": {
        "type": "Polygon",
        "coordinates": [
          [
            [
              126.97404457093819,
              37.29536258152789
            ],
            [
              126.9740310741567,
              37.29530609610133
            ],
            [
              126.97394957630492,
              37.29531347962647
            ],
            [
              126.97396335743612,
              37.29537115507957
            ],
            [
              126.97404457093819,
              37.29536258152789
            ]
          ]
        ]
      }
    },
    {
      "type": "Feature",
      "properties": {
        "indoor": "room",
        "level": [
          2
        ],
        "ref": "",
        "name": "",
        "room_type": "",
        "_idx": 71,
        "_centroid": [
          126.974127,
          37.2953315
        ],
        "_area_m2": 90.5
      },
      "geometry": {
        "type": "Polygon",
        "coordinates": [
          [
            [
              126.9740310741567,
              37.29530609610133
            ],
            [
              126.97404457093819,
              37.29536258152789
            ],
            [
              126.97413411829355,
              37.2953531281875
            ],
            [
              126.97416342191845,
              37.29537052494495
            ],
            [
              126.97420793256232,
              37.29530411749648
            ],
            [
              126.97418065028013,
              37.295292544835306
            ],
            [
              126.9740310741567,
              37.29530609610133
            ]
          ]
        ]
      }
    },
    {
      "type": "Feature",
      "properties": {
        "indoor": "room",
        "level": [
          2
        ],
        "ref": "51204B",
        "name": "연구원실",
        "room_type": "lab",
        "_idx": 72,
        "_centroid": [
          126.9743425,
          37.2953138
        ],
        "_area_m2": 41
      },
      "geometry": {
        "type": "Polygon",
        "coordinates": [
          [
            [
              126.97435883974929,
              37.295350795185676
            ],
            [
              126.97439614586901,
              37.29531090274748
            ],
            [
              126.97432743432972,
              37.29527551287514
            ],
            [
              126.97428760598675,
              37.29531810244413
            ],
            [
              126.97435883974929,
              37.295350795185676
            ]
          ]
        ]
      }
    },
    {
      "type": "Feature",
      "properties": {
        "indoor": "room",
        "level": [
          2
        ],
        "ref": "51212",
        "name": "배터리학과",
        "room_type": "office",
        "_idx": 73,
        "_centroid": [
          126.9737312,
          37.2952974
        ],
        "_area_m2": 32.5
      },
      "geometry": {
        "type": "Polygon",
        "coordinates": [
          [
            [
              126.97377818849785,
              37.295311903647246
            ],
            [
              126.97376868218934,
              37.295272118756
            ],
            [
              126.97368452205562,
              37.29528442468962
            ],
            [
              126.97369328083295,
              37.295321081080225
            ],
            [
              126.97377818849785,
              37.295311903647246
            ]
          ]
        ]
      }
    },
    {
      "type": "Feature",
      "properties": {
        "indoor": "room",
        "level": [
          2
        ],
        "ref": "51210",
        "name": "배터리학과",
        "room_type": "office",
        "_idx": 74,
        "_centroid": [
          126.9738564,
          37.2952815
        ],
        "_area_m2": 71.6
      },
      "geometry": {
        "type": "Polygon",
        "coordinates": [
          [
            [
              126.97394489428315,
              37.295293884883286
            ],
            [
              126.9739339202837,
              37.29524795756556
            ],
            [
              126.97376868218934,
              37.295272118756
            ],
            [
              126.97377818849785,
              37.295311903647246
            ],
            [
              126.97394489428315,
              37.295293884883286
            ]
          ]
        ]
      }
    },
    {
      "type": "Feature",
      "properties": {
        "indoor": "room",
        "level": [
          2
        ],
        "ref": "51204C",
        "name": "구조생물학연구실2",
        "room_type": "lab",
        "_idx": 75,
        "_centroid": [
          126.9742738,
          37.2952739
        ],
        "_area_m2": 43.6
      },
      "geometry": {
        "type": "Polygon",
        "coordinates": [
          [
            [
              126.97428760598675,
              37.29531810244413
            ],
            [
              126.97432743432972,
              37.29527551287514
            ],
            [
              126.97427830230599,
              37.2952502074306
            ],
            [
              126.97425555907829,
              37.29523849353315
            ],
            [
              126.97422007683161,
              37.29528710993247
            ],
            [
              126.97428760598675,
              37.29531810244413
            ]
          ]
        ]
      }
    },
    {
      "type": "Feature",
      "properties": {
        "indoor": "room",
        "level": [
          2
        ],
        "ref": "51209",
        "name": "배터리학과",
        "room_type": "office",
        "_idx": 76,
        "_centroid": [
          126.9739798,
          37.2952658
        ],
        "_area_m2": 38.6
      },
      "geometry": {
        "type": "Polygon",
        "coordinates": [
          [
            [
              126.9740260601328,
              37.29528511189269
            ],
            [
              126.97401437154528,
              37.295236193944945
            ],
            [
              126.9739339202837,
              37.29524795756556
            ],
            [
              126.97394489428315,
              37.295293884883286
            ],
            [
              126.9740260601328,
              37.29528511189269
            ]
          ]
        ]
      }
    },
    {
      "type": "Feature",
      "properties": {
        "indoor": "room",
        "level": [
          2
        ],
        "ref": "",
        "name": "",
        "room_type": "",
        "_idx": 77,
        "_centroid": [
          126.9741516,
          37.2952524
        ],
        "_area_m2": 61
      },
      "geometry": {
        "type": "Polygon",
        "coordinates": [
          [
            [
              126.97409333710407,
              37.295224253030725
            ],
            [
              126.97410591076007,
              37.295276481060824
            ],
            [
              126.97410980472085,
              37.29527606017345
            ],
            [
              126.97417758922649,
              37.295268663076754
            ],
            [
              126.97421904835406,
              37.295261214543345
            ],
            [
              126.97420388182123,
              37.29520760999361
            ],
            [
              126.97409333710407,
              37.295224253030725
            ]
          ]
        ]
      }
    },
    {
      "type": "Feature",
      "properties": {
        "indoor": "room",
        "level": [
          2
        ],
        "ref": "51208",
        "name": "교육매체지원실",
        "room_type": "office",
        "_idx": 78,
        "_centroid": [
          126.9740666,
          37.2952493
        ],
        "_area_m2": 40.4
      },
      "geometry": {
        "type": "Polygon",
        "coordinates": [
          [
            [
              126.97409333710083,
              37.295224253031215
            ],
            [
              126.97401437154528,
              37.295236193944945
            ],
            [
              126.97402614608008,
              37.29528510260289
            ],
            [
              126.97410591076007,
              37.295276481060824
            ],
            [
              126.97409333710407,
              37.295224253030725
            ],
            [
              126.97409333710083,
              37.295224253031215
            ]
          ]
        ]
      }
    },
    {
      "type": "Feature",
      "properties": {
        "indoor": "room",
        "level": [
          2
        ],
        "ref": "32255",
        "name": "송천강의실",
        "room_type": "classroom",
        "_idx": 79,
        "_centroid": [
          126.9751864,
          37.2952036
        ],
        "_area_m2": 302.5
      },
      "geometry": {
        "type": "Polygon",
        "coordinates": [
          [
            [
              126.9752746261727,
              37.29519405012553
            ],
            [
              126.97526023191692,
              37.29512515656548
            ],
            [
              126.97514639113824,
              37.29513945469883
            ],
            [
              126.97512360209313,
              37.295125967479784
            ],
            [
              126.9750702084448,
              37.29518678533907
            ],
            [
              126.97506654169342,
              37.295249986765775
            ],
            [
              126.97520716675724,
              37.295330728092814
            ],
            [
              126.97526586243605,
              37.29528500711104
            ],
            [
              126.97526341678272,
              37.29519551064074
            ],
            [
              126.9752746261727,
              37.29519405012553
            ]
          ]
        ]
      }
    },
    {
      "type": "Feature",
      "properties": {
        "indoor": "room",
        "level": [
          2
        ],
        "ref": "51205",
        "name": "배터리학과",
        "room_type": "office",
        "_idx": 80,
        "_centroid": [
          126.97411,
          37.2951933
        ],
        "_area_m2": 111.3
      },
      "geometry": {
        "type": "Polygon",
        "coordinates": [
          [
            [
              126.97404336480231,
              37.29523177660032
            ],
            [
              126.97409333710407,
              37.295224253030725
            ],
            [
              126.97420388182123,
              37.29520760999361
            ],
            [
              126.9741838946932,
              37.29513696754614
            ],
            [
              126.97402571733925,
              37.295165708293716
            ],
            [
              126.97404336480231,
              37.29523177660032
            ]
          ]
        ]
      }
    },
    {
      "type": "Feature",
      "properties": {
        "indoor": "room",
        "level": [
          2
        ],
        "ref": "",
        "name": "",
        "room_type": "",
        "_idx": 81,
        "_centroid": [
          126.9752864,
          37.2951572
        ],
        "_area_m2": 26.2
      },
      "geometry": {
        "type": "Polygon",
        "coordinates": [
          [
            [
              126.97531251860747,
              37.295189112972174
            ],
            [
              126.97529816058776,
              37.295120392813864
            ],
            [
              126.97526023191692,
              37.29512515656548
            ],
            [
              126.9752746261727,
              37.29519405012553
            ],
            [
              126.97531251860747,
              37.295189112972174
            ]
          ]
        ]
      }
    },
    {
      "type": "Feature",
      "properties": {
        "indoor": "room",
        "level": [
          2
        ],
        "ref": "32254B",
        "name": "일반화학실험실Ⅲ",
        "room_type": "lab",
        "_idx": 82,
        "_centroid": [
          126.975384,
          37.2951447
        ],
        "_area_m2": 107.9
      },
      "geometry": {
        "type": "Polygon",
        "coordinates": [
          [
            [
              126.97546979969404,
              37.29516862020499
            ],
            [
              126.97545559206426,
              37.29510061979166
            ],
            [
              126.97529816058776,
              37.295120392813864
            ],
            [
              126.97531251860747,
              37.295189112972174
            ],
            [
              126.97546979969404,
              37.29516862020499
            ]
          ]
        ]
      }
    },
    {
      "type": "Feature",
      "properties": {
        "indoor": "room",
        "level": [
          2
        ],
        "ref": "32256",
        "name": "신경유전학연구실",
        "room_type": "lab",
        "_idx": 83,
        "_centroid": [
          126.9750415,
          37.2951348
        ],
        "_area_m2": 31.9
      },
      "geometry": {
        "type": "Polygon",
        "coordinates": [
          [
            [
              126.97509201781207,
              37.295108505324
            ],
            [
              126.97505572854135,
              37.29508869283725
            ],
            [
              126.97500306887419,
              37.29514973434372
            ],
            [
              126.97501730126868,
              37.29515764162174
            ],
            [
              126.97503937954902,
              37.29516966690909
            ],
            [
              126.97509201781207,
              37.295108505324
            ]
          ]
        ]
      }
    },
    {
      "type": "Feature",
      "properties": {
        "indoor": "room",
        "level": [
          2
        ],
        "ref": "32254A",
        "name": "일반화학실험준비실Ⅲ",
        "room_type": "lab",
        "_idx": 84,
        "_centroid": [
          126.9754836,
          37.2951319
        ],
        "_area_m2": 28.5
      },
      "geometry": {
        "type": "Polygon",
        "coordinates": [
          [
            [
              126.97551158212157,
              37.295163176209286
            ],
            [
              126.97549741444253,
              37.295095366999576
            ],
            [
              126.97545559206426,
              37.29510061979166
            ],
            [
              126.97546979969404,
              37.29516862020499
            ],
            [
              126.97551158212157,
              37.295163176209286
            ]
          ]
        ]
      }
    },
    {
      "type": "Feature",
      "properties": {
        "indoor": "room",
        "level": [
          2
        ],
        "ref": "32253",
        "name": "일반화학시약실",
        "room_type": "lab",
        "_idx": 85,
        "_centroid": [
          126.9755198,
          37.2951273
        ],
        "_area_m2": 20.8
      },
      "geometry": {
        "type": "Polygon",
        "coordinates": [
          [
            [
              126.97554223914133,
              37.29515918178642
            ],
            [
              126.97552810077471,
              37.295091512868616
            ],
            [
              126.97549741444253,
              37.295095366999576
            ],
            [
              126.97551158212157,
              37.295163176209286
            ],
            [
              126.97554223914133,
              37.29515918178642
            ]
          ]
        ]
      }
    },
    {
      "type": "Feature",
      "properties": {
        "indoor": "room",
        "level": [
          2
        ],
        "ref": "32252",
        "name": "일반화학실험준비실Ⅱ",
        "room_type": "lab",
        "_idx": 86,
        "_centroid": [
          126.975557,
          37.2951226
        ],
        "_area_m2": 29.5
      },
      "geometry": {
        "type": "Polygon",
        "coordinates": [
          [
            [
              126.97558580275522,
              37.29515350571298
            ],
            [
              126.97557170604254,
              37.295086036149804
            ],
            [
              126.97552810077471,
              37.295091512868616
            ],
            [
              126.97554223914133,
              37.29515918178642
            ],
            [
              126.97558580275522,
              37.29515350571298
            ]
          ]
        ]
      }
    },
    {
      "type": "Feature",
      "properties": {
        "indoor": "room",
        "level": [
          2
        ],
        "ref": "51206",
        "name": "배터리학과",
        "room_type": "office",
        "_idx": 87,
        "_centroid": [
          126.9740951,
          37.2951159
        ],
        "_area_m2": 114.6
      },
      "geometry": {
        "type": "Polygon",
        "coordinates": [
          [
            [
              126.97416386090637,
              37.29506616018797
            ],
            [
              126.97400675217416,
              37.2950947067942
            ],
            [
              126.97402571733925,
              37.295165708293716
            ],
            [
              126.9741838946932,
              37.29513696754614
            ],
            [
              126.97416386090637,
              37.29506616018797
            ]
          ]
        ]
      }
    },
    {
      "type": "Feature",
      "properties": {
        "indoor": "room",
        "level": [
          2
        ],
        "ref": "32257",
        "name": "권재영교수실",
        "room_type": "office",
        "_idx": 88,
        "_centroid": [
          126.9750149,
          37.2951112
        ],
        "_area_m2": 25.5
      },
      "geometry": {
        "type": "Polygon",
        "coordinates": [
          [
            [
              126.97500306887419,
              37.29514973434372
            ],
            [
              126.97505572854135,
              37.29508869283725
            ],
            [
              126.9750265573206,
              37.29507280728198
            ],
            [
              126.97497408514285,
              37.29513363147207
            ],
            [
              126.97500306887419,
              37.29514973434372
            ]
          ]
        ]
      }
    },
    {
      "type": "Feature",
      "properties": {
        "indoor": "room",
        "level": [
          2
        ],
        "ref": "32251",
        "name": "일반화학실험실Ⅱ",
        "room_type": "lab",
        "_idx": 89,
        "_centroid": [
          126.975678,
          37.295107
        ],
        "_area_m2": 133.1
      },
      "geometry": {
        "type": "Polygon",
        "coordinates": [
          [
            [
              126.97558580275522,
              37.29515350571298
            ],
            [
              126.97578311810553,
              37.29512741542895
            ],
            [
              126.97577142722344,
              37.29506095164046
            ],
            [
              126.97557170604254,
              37.295086036149804
            ],
            [
              126.97558580275522,
              37.29515350571298
            ]
          ]
        ]
      }
    },
    {
      "type": "Feature",
      "properties": {
        "indoor": "room",
        "level": [
          2
        ],
        "ref": "",
        "name": "",
        "room_type": "",
        "_idx": 90,
        "_centroid": [
          126.9751985,
          37.2950928
        ],
        "_area_m2": 39
      },
      "geometry": {
        "type": "Polygon",
        "coordinates": [
          [
            [
              126.97525554639641,
              37.29510273080115
            ],
            [
              126.9752522652804,
              37.29508702677543
            ],
            [
              126.97518895263435,
              37.29505241166232
            ],
            [
              126.97514028948044,
              37.295106609556534
            ],
            [
              126.97515545983252,
              37.29511522984024
            ],
            [
              126.97525554639641,
              37.29510273080115
            ]
          ]
        ]
      }
    },
    {
      "type": "Feature",
      "properties": {
        "indoor": "room",
        "level": [
          2
        ],
        "ref": "",
        "name": "",
        "room_type": "",
        "_idx": 91,
        "_centroid": [
          126.9753716,
          37.2950852
        ],
        "_area_m2": 9.3
      },
      "geometry": {
        "type": "Polygon",
        "coordinates": [
          [
            [
              126.97545093500555,
              37.2950783302246
            ],
            [
              126.97545054902257,
              37.295076482836734
            ],
            [
              126.97529140472584,
              37.29508805799962
            ],
            [
              126.97529348059405,
              37.29509799349176
            ],
            [
              126.97545093500555,
              37.2950783302246
            ]
          ]
        ]
      }
    },
    {
      "type": "Feature",
      "properties": {
        "indoor": "room",
        "level": [
          2
        ],
        "ref": "32258",
        "name": "식물생화학연구실",
        "room_type": "lab",
        "_idx": 92,
        "_centroid": [
          126.974946,
          37.2950733
        ],
        "_area_m2": 94.5
      },
      "geometry": {
        "type": "Polygon",
        "coordinates": [
          [
            [
              126.97497408514285,
              37.29513363147207
            ],
            [
              126.9750265573206,
              37.29507280728198
            ],
            [
              126.97491755793195,
              37.29501345029355
            ],
            [
              126.97486578630783,
              37.29507346246831
            ],
            [
              126.97497408514285,
              37.29513363147207
            ]
          ]
        ]
      }
    },
    {
      "type": "Feature",
      "properties": {
        "indoor": "room",
        "level": [
          2
        ],
        "ref": "",
        "name": "",
        "room_type": "",
        "_idx": 93,
        "_centroid": [
          126.9754671,
          37.2950493
        ],
        "_area_m2": 14.9
      },
      "geometry": {
        "type": "Polygon",
        "coordinates": [
          [
            [
              126.97549276347628,
              37.29507310658948
            ],
            [
              126.97547649654264,
              37.29499524994743
            ],
            [
              126.97545906904541,
              37.29499803435676
            ],
            [
              126.9754725201385,
              37.295074884794886
            ],
            [
              126.97545054902257,
              37.295076482836734
            ],
            [
              126.97545093500555,
              37.2950783302246
            ],
            [
              126.97549276347628,
              37.29507310658948
            ]
          ]
        ]
      }
    },
    {
      "type": "Feature",
      "properties": {
        "indoor": "room",
        "level": [
          2
        ],
        "ref": "32203",
        "name": "분자유전학연구실Ⅰ",
        "room_type": "lab",
        "_idx": 94,
        "_centroid": [
          126.9751059,
          37.2950474
        ],
        "_area_m2": 47.5
      },
      "geometry": {
        "type": "Polygon",
        "coordinates": [
          [
            [
              126.97515957749958,
              37.29503644041036
            ],
            [
              126.97509979870705,
              37.29500346728042
            ],
            [
              126.97505224865215,
              37.29505802382154
            ],
            [
              126.97511215984116,
              37.295091634113554
            ],
            [
              126.97515957749958,
              37.29503644041036
            ]
          ]
        ]
      }
    },
    {
      "type": "Feature",
      "properties": {
        "indoor": "room",
        "level": [
          2
        ],
        "ref": "51207",
        "name": "배터리학과",
        "room_type": "office",
        "_idx": 95,
        "_centroid": [
          126.9740751,
          37.2950432
        ],
        "_area_m2": 119.7
      },
      "geometry": {
        "type": "Polygon",
        "coordinates": [
          [
            [
              126.97414279476253,
              37.29499170407016
            ],
            [
              126.97398680971853,
              37.29502004652897
            ],
            [
              126.97400675217416,
              37.2950947067942
            ],
            [
              126.97416386090637,
              37.29506616018797
            ],
            [
              126.97414279476253,
              37.29499170407016
            ]
          ]
        ]
      }
    },
    {
      "type": "Feature",
      "properties": {
        "indoor": "room",
        "level": [
          2
        ],
        "ref": "",
        "name": "",
        "room_type": "",
        "_idx": 96,
        "_centroid": [
          126.9754999,
          37.295032
        ],
        "_area_m2": 24.1
      },
      "geometry": {
        "type": "Polygon",
        "coordinates": [
          [
            [
              126.97552345427847,
              37.29506927385188
            ],
            [
              126.97550697085296,
              37.294990381035234
            ],
            [
              126.97547649654264,
              37.29499524994743
            ],
            [
              126.97549276347628,
              37.29507310658948
            ],
            [
              126.97552345427847,
              37.29506927385188
            ]
          ]
        ]
      }
    },
    {
      "type": "Feature",
      "properties": {
        "indoor": "room",
        "level": [
          2
        ],
        "ref": "32260",
        "name": "분자발생학 및 세포신호전달 연구실",
        "room_type": "lab",
        "_idx": 97,
        "_centroid": [
          126.9748647,
          37.2950286
        ],
        "_area_m2": 46.4
      },
      "geometry": {
        "type": "Polygon",
        "coordinates": [
          [
            [
              126.97486578630783,
              37.29507346246831
            ],
            [
              126.97491755793195,
              37.29501345029355
            ],
            [
              126.97486350826067,
              37.29498401686505
            ],
            [
              126.97481208402158,
              37.295043626385
            ],
            [
              126.97486578630783,
              37.29507346246831
            ]
          ]
        ]
      }
    },
    {
      "type": "Feature",
      "properties": {
        "indoor": "room",
        "level": [
          2
        ],
        "ref": "32202",
        "name": "일반화학실험준비실Ⅰ",
        "room_type": "lab",
        "_idx": 98,
        "_centroid": [
          126.9755369,
          37.2950267
        ],
        "_area_m2": 34.8
      },
      "geometry": {
        "type": "Polygon",
        "coordinates": [
          [
            [
              126.97556706589852,
              37.295063827532985
            ],
            [
              126.97555027483939,
              37.29498346231236
            ],
            [
              126.97550697085296,
              37.294990381035234
            ],
            [
              126.97552345427847,
              37.29506927385188
            ],
            [
              126.97556706589852,
              37.295063827532985
            ]
          ]
        ]
      }
    },
    {
      "type": "Feature",
      "properties": {
        "indoor": "room",
        "level": [
          2
        ],
        "ref": "32204",
        "name": "분자유전학연구실Ⅱ",
        "room_type": "lab",
        "_idx": 99,
        "_centroid": [
          126.9750608,
          37.2950223
        ],
        "_area_m2": 23.9
      },
      "geometry": {
        "type": "Polygon",
        "coordinates": [
          [
            [
              126.97505224865215,
              37.29505802382154
            ],
            [
              126.97509979870705,
              37.29500346728042
            ],
            [
              126.97506930260658,
              37.29498680805486
            ],
            [
              126.9750220154712,
              37.295041062949004
            ],
            [
              126.97505224865215,
              37.29505802382154
            ]
          ]
        ]
      }
    },
    {
      "type": "Feature",
      "properties": {
        "indoor": "room",
        "level": [
          2
        ],
        "ref": "32201",
        "name": "일반화학실험실Ⅰ",
        "room_type": "lab",
        "_idx": 100,
        "_centroid": [
          126.9756589,
          37.2950094
        ],
        "_area_m2": 168.9
      },
      "geometry": {
        "type": "Polygon",
        "coordinates": [
          [
            [
              126.97555027483939,
              37.29498346231236
            ],
            [
              126.97556706589852,
              37.295063827532985
            ],
            [
              126.97576704174182,
              37.29503885409214
            ],
            [
              126.97575132461283,
              37.29495134038131
            ],
            [
              126.97555027483939,
              37.29498346231236
            ]
          ]
        ]
      }
    },
    {
      "type": "Feature",
      "properties": {
        "indoor": "room",
        "level": [
          2
        ],
        "ref": "32205",
        "name": "최철용교수실",
        "room_type": "office",
        "_idx": 101,
        "_centroid": [
          126.9750306,
          37.2950056
        ],
        "_area_m2": 23.5
      },
      "geometry": {
        "type": "Polygon",
        "coordinates": [
          [
            [
              126.9750220154712,
              37.295041062949004
            ],
            [
              126.97506930260658,
              37.29498680805486
            ],
            [
              126.97503913370858,
              37.294970327571484
            ],
            [
              126.97499210667098,
              37.29502428405468
            ],
            [
              126.9750220154712,
              37.295041062949004
            ]
          ]
        ]
      }
    },
    {
      "type": "Feature",
      "properties": {
        "indoor": "room",
        "level": [
          2
        ],
        "ref": "32262",
        "name": "분자발생학 및 세포신호전달 연구실",
        "room_type": "lab",
        "_idx": 102,
        "_centroid": [
          126.97482,
          37.295004
        ],
        "_area_m2": 30.5
      },
      "geometry": {
        "type": "Polygon",
        "coordinates": [
          [
            [
              126.97481208402158,
              37.295043626385
            ],
            [
              126.97486350826067,
              37.29498401686505
            ],
            [
              126.97482776757457,
              37.29496455382478
            ],
            [
              126.97477657304493,
              37.2950238970861
            ],
            [
              126.97481208402158,
              37.295043626385
            ]
          ]
        ]
      }
    },
    {
      "type": "Feature",
      "properties": {
        "indoor": "room",
        "level": [
          2
        ],
        "ref": "32206",
        "name": "정재훈교수실",
        "room_type": "office",
        "_idx": 103,
        "_centroid": [
          126.9750019,
          37.2949897
        ],
        "_area_m2": 21.3
      },
      "geometry": {
        "type": "Polygon",
        "coordinates": [
          [
            [
              126.97499210667098,
              37.29502428405468
            ],
            [
              126.97503913370858,
              37.294970327571484
            ],
            [
              126.97501166251148,
              37.29495532077186
            ],
            [
              126.9749648723136,
              37.29500900552793
            ],
            [
              126.97499210667098,
              37.29502428405468
            ]
          ]
        ]
      }
    },
    {
      "type": "Feature",
      "properties": {
        "indoor": "room",
        "level": [
          2
        ],
        "ref": "32263A",
        "name": "계산유전체학연구실",
        "room_type": "lab",
        "_idx": 104,
        "_centroid": [
          126.9747763,
          37.29498
        ],
        "_area_m2": 44.2
      },
      "geometry": {
        "type": "Polygon",
        "coordinates": [
          [
            [
              126.97477657304493,
              37.2950238970861
            ],
            [
              126.97482776757457,
              37.29496455382478
            ],
            [
              126.97477577181277,
              37.29493623887853
            ],
            [
              126.97472491146746,
              37.294995194786125
            ],
            [
              126.97477657304493,
              37.2950238970861
            ]
          ]
        ]
      }
    },
    {
      "type": "Feature",
      "properties": {
        "indoor": "room",
        "level": [
          2
        ],
        "ref": "",
        "name": "",
        "room_type": "",
        "_idx": 105,
        "_centroid": [
          126.9749554,
          37.294964
        ],
        "_area_m2": 50.7
      },
      "geometry": {
        "type": "Polygon",
        "coordinates": [
          [
            [
              126.9749648723136,
              37.29500900552793
            ],
            [
              126.97501166251148,
              37.29495532077186
            ],
            [
              126.9749456980492,
              37.29491928610384
            ],
            [
              126.97489947655592,
              37.29497231838236
            ],
            [
              126.9749648723136,
              37.29500900552793
            ]
          ]
        ]
      }
    },
    {
      "type": "Feature",
      "properties": {
        "indoor": "room",
        "level": [
          2
        ],
        "ref": "32263B",
        "name": "김준호교수실",
        "room_type": "office",
        "_idx": 106,
        "_centroid": [
          126.9747333,
          37.2949564
        ],
        "_area_m2": 28.8
      },
      "geometry": {
        "type": "Polygon",
        "coordinates": [
          [
            [
              126.97472491146746,
              37.294995194786125
            ],
            [
              126.97477577181277,
              37.29493623887853
            ],
            [
              126.97474162848845,
              37.294917645701695
            ],
            [
              126.97469098758665,
              37.29497634725086
            ],
            [
              126.97472491146746,
              37.294995194786125
            ]
          ]
        ]
      }
    },
    {
      "type": "Feature",
      "properties": {
        "indoor": "room",
        "level": [
          2
        ],
        "ref": "32263C",
        "name": "전공실험실",
        "room_type": "lab",
        "_idx": 107,
        "_centroid": [
          126.9746769,
          37.2949253
        ],
        "_area_m2": 66.3
      },
      "geometry": {
        "type": "Polygon",
        "coordinates": [
          [
            [
              126.97469098758665,
              37.29497634725086
            ],
            [
              126.97474162848845,
              37.294917645701695
            ],
            [
              126.97466256878346,
              37.29487459274469
            ],
            [
              126.97461243600976,
              37.29493270532134
            ],
            [
              126.97469098758665,
              37.29497634725086
            ]
          ]
        ]
      }
    },
    {
      "type": "Feature",
      "properties": {
        "indoor": "room",
        "level": [
          2
        ],
        "ref": "32207",
        "name": "미생물학연구실",
        "room_type": "lab",
        "_idx": 108,
        "_centroid": [
          126.9748832,
          37.294924
        ],
        "_area_m2": 60.1
      },
      "geometry": {
        "type": "Polygon",
        "coordinates": [
          [
            [
              126.97489947655592,
              37.29497231838236
            ],
            [
              126.9749456980492,
              37.29491928610384
            ],
            [
              126.97486649767234,
              37.29487602100036
            ],
            [
              126.97482095899475,
              37.29492826987986
            ],
            [
              126.97489947655592,
              37.29497231838236
            ]
          ]
        ]
      }
    },
    {
      "type": "Feature",
      "properties": {
        "indoor": "room",
        "level": [
          2
        ],
        "ref": "",
        "name": "",
        "room_type": "",
        "_idx": 109,
        "_centroid": [
          126.9741035,
          37.2949221
        ],
        "_area_m2": 295.4
      },
      "geometry": {
        "type": "Polygon",
        "coordinates": [
          [
            [
              126.97414279476253,
              37.29499170407016
            ],
            [
              126.97412877355642,
              37.29494286806801
            ],
            [
              126.97416287280502,
              37.294936748508036
            ],
            [
              126.97418411054295,
              37.294933810596646
            ],
            [
              126.974177929627,
              37.29490325285562
            ],
            [
              126.97411471949817,
              37.29491185553344
            ],
            [
              126.97409439648963,
              37.29481735120994
            ],
            [
              126.9739390955295,
              37.294841414866355
            ],
            [
              126.97398680971853,
              37.29502004652897
            ],
            [
              126.97414279476253,
              37.29499170407016
            ]
          ]
        ]
      }
    },
    {
      "type": "Feature",
      "properties": {
        "indoor": "room",
        "level": [
          2
        ],
        "ref": "",
        "name": "",
        "room_type": "",
        "_idx": 110,
        "_centroid": [
          126.9741997,
          37.2949161
        ],
        "_area_m2": 11.5
      },
      "geometry": {
        "type": "Polygon",
        "coordinates": [
          [
            [
              126.97418411054295,
              37.294933810596646
            ],
            [
              126.97422213063881,
              37.294928943669674
            ],
            [
              126.97421478708627,
              37.294898236684105
            ],
            [
              126.974177929627,
              37.29490325285562
            ],
            [
              126.97418411054295,
              37.294933810596646
            ]
          ]
        ]
      }
    },
    {
      "type": "Feature",
      "properties": {
        "indoor": "room",
        "level": [
          2
        ],
        "ref": "32268",
        "name": "공동기기실",
        "room_type": "lab",
        "_idx": 111,
        "_centroid": [
          126.9742701,
          37.2949067
        ],
        "_area_m2": 32.2
      },
      "geometry": {
        "type": "Polygon",
        "coordinates": [
          [
            [
              126.97432542566466,
              37.29491533870086
            ],
            [
              126.97431797717044,
              37.29488419287395
            ],
            [
              126.97421478708627,
              37.294898236684105
            ],
            [
              126.97422213063881,
              37.294928943669674
            ],
            [
              126.97432542566466,
              37.29491533870086
            ]
          ]
        ]
      }
    },
    {
      "type": "Feature",
      "properties": {
        "indoor": "room",
        "level": [
          2
        ],
        "ref": "32267",
        "name": "생명과학과사무실Ⅰ",
        "room_type": "office",
        "_idx": 112,
        "_centroid": [
          126.9743546,
          37.2948954
        ],
        "_area_m2": 20.7
      },
      "geometry": {
        "type": "Polygon",
        "coordinates": [
          [
            [
              126.97439125425888,
              37.294906668428844
            ],
            [
              126.97438373887856,
              37.2948752429351
            ],
            [
              126.97431797717044,
              37.29488419287395
            ],
            [
              126.97432542566466,
              37.29491533870086
            ],
            [
              126.97439125425888,
              37.294906668428844
            ]
          ]
        ]
      }
    },
    {
      "type": "Feature",
      "properties": {
        "indoor": "room",
        "level": [
          2
        ],
        "ref": "32208",
        "name": "조홍백교수실",
        "room_type": "office",
        "_idx": 113,
        "_centroid": [
          126.9748282,
          37.2948935
        ],
        "_area_m2": 23.5
      },
      "geometry": {
        "type": "Polygon",
        "coordinates": [
          [
            [
              126.97482095899475,
              37.29492826987986
            ],
            [
              126.97486649767234,
              37.29487602100036
            ],
            [
              126.97483524194199,
              37.29485894680878
            ],
            [
              126.97478997273114,
              37.2949108865265
            ],
            [
              126.97482095899475,
              37.29492826987986
            ]
          ]
        ]
      }
    },
    {
      "type": "Feature",
      "properties": {
        "indoor": "room",
        "level": [
          2
        ],
        "ref": "32266",
        "name": "생명과학과사무실Ⅱ",
        "room_type": "office",
        "_idx": 114,
        "_centroid": [
          126.9744043,
          37.2948887
        ],
        "_area_m2": 10.7
      },
      "geometry": {
        "type": "Polygon",
        "coordinates": [
          [
            [
              126.97442495064125,
              37.294902230284535
            ],
            [
              126.97441740102586,
              37.294870661634384
            ],
            [
              126.97438373887856,
              37.2948752429351
            ],
            [
              126.97439125425888,
              37.294906668428844
            ],
            [
              126.97442495064125,
              37.294902230284535
            ]
          ]
        ]
      }
    },
    {
      "type": "Feature",
      "properties": {
        "indoor": "room",
        "level": [
          2
        ],
        "ref": "32265",
        "name": "세포배양실",
        "room_type": "lab",
        "_idx": 115,
        "_centroid": [
          126.9744391,
          37.294884
        ],
        "_area_m2": 11.5
      },
      "geometry": {
        "type": "Polygon",
        "coordinates": [
          [
            [
              126.9744609023625,
              37.294897495089955
            ],
            [
              126.97445331622103,
              37.29486577370172
            ],
            [
              126.97441740102586,
              37.294870661634384
            ],
            [
              126.97442495064125,
              37.294902230284535
            ],
            [
              126.9744609023625,
              37.294897495089955
            ]
          ]
        ]
      }
    },
    {
      "type": "Feature",
      "properties": {
        "indoor": "room",
        "level": [
          2
        ],
        "ref": "",
        "name": "",
        "room_type": "",
        "_idx": 116,
        "_centroid": [
          126.9745885,
          37.2948791
        ],
        "_area_m2": 69
      },
      "geometry": {
        "type": "Polygon",
        "coordinates": [
          [
            [
              126.97452637916565,
              37.294855735064836
            ],
            [
              126.97453337169013,
              37.29488794331368
            ],
            [
              126.97461243600976,
              37.29493270532134
            ],
            [
              126.97466256878346,
              37.29487459274469
            ],
            [
              126.97460777250343,
              37.294844752741
            ],
            [
              126.97452637916565,
              37.294855735064836
            ]
          ]
        ]
      }
    },
    {
      "type": "Feature",
      "properties": {
        "indoor": "room",
        "level": [
          2
        ],
        "ref": "32264",
        "name": "암실",
        "room_type": "lab",
        "_idx": 117,
        "_centroid": [
          126.9745012,
          37.294879
        ],
        "_area_m2": 23.4
      },
      "geometry": {
        "type": "Polygon",
        "coordinates": [
          [
            [
              126.97453337169013,
              37.29488794331368
            ],
            [
              126.97452637916565,
              37.294855735064836
            ],
            [
              126.97445331622103,
              37.29486577370172
            ],
            [
              126.9744609023625,
              37.294897495089955
            ],
            [
              126.97453216645086,
              37.294888108910015
            ],
            [
              126.97453337169013,
              37.29488794331368
            ]
          ]
        ]
      }
    },
    {
      "type": "Feature",
      "properties": {
        "indoor": "room",
        "level": [
          2
        ],
        "ref": "32209",
        "name": "정수명교수실",
        "room_type": "office",
        "_idx": 118,
        "_centroid": [
          126.9747995,
          37.2948777
        ],
        "_area_m2": 19.6
      },
      "geometry": {
        "type": "Polygon",
        "coordinates": [
          [
            [
              126.97478997273114,
              37.2949108865265
            ],
            [
              126.97483524194199,
              37.29485894680878
            ],
            [
              126.97480899642474,
              37.29484460956615
            ],
            [
              126.97476395348548,
              37.29489628967975
            ],
            [
              126.97478997273114,
              37.2949108865265
            ]
          ]
        ]
      }
    },
    {
      "type": "Feature",
      "properties": {
        "indoor": "room",
        "level": [
          2
        ],
        "ref": "32210",
        "name": "생체대사조절연구실",
        "room_type": "lab",
        "_idx": 119,
        "_centroid": [
          126.9747436,
          37.2948467
        ],
        "_area_m2": 63.7
      },
      "geometry": {
        "type": "Polygon",
        "coordinates": [
          [
            [
              126.97476395348548,
              37.29489628967975
            ],
            [
              126.97480899642474,
              37.29484460956615
            ],
            [
              126.97472280590178,
              37.294797525927876
            ],
            [
              126.97467850604144,
              37.29484835349965
            ],
            [
              126.97476395348548,
              37.29489628967975
            ]
          ]
        ]
      }
    },
    {
      "type": "Feature",
      "properties": {
        "indoor": "room",
        "level": [
          2
        ],
        "ref": "32214",
        "name": "자연과학대학장실",
        "room_type": "office",
        "_idx": 120,
        "_centroid": [
          126.9741846,
          37.2948414
        ],
        "_area_m2": 73.7
      },
      "geometry": {
        "type": "Polygon",
        "coordinates": [
          [
            [
              126.97424308458346,
              37.29487051965386
            ],
            [
              126.97422553061271,
              37.29479711781717
            ],
            [
              126.97412617853198,
              37.29481254953671
            ],
            [
              126.97414360482891,
              37.29488554660204
            ],
            [
              126.97424308458346,
              37.29487051965386
            ]
          ]
        ]
      }
    },
    {
      "type": "Feature",
      "properties": {
        "indoor": "room",
        "level": [
          2
        ],
        "ref": "32213",
        "name": "자연과학대학장비서실",
        "room_type": "office",
        "_idx": 121,
        "_centroid": [
          126.9742689,
          37.2948285
        ],
        "_area_m2": 51.5
      },
      "geometry": {
        "type": "Polygon",
        "coordinates": [
          [
            [
              126.9743122100923,
              37.294860077876606
            ],
            [
              126.97429458808246,
              37.29478639156466
            ],
            [
              126.97422553061271,
              37.29479711781717
            ],
            [
              126.97424308458346,
              37.29487051965386
            ],
            [
              126.9743122100923,
              37.294860077876606
            ]
          ]
        ]
      }
    },
    {
      "type": "Feature",
      "properties": {
        "indoor": "room",
        "level": [
          2
        ],
        "ref": "32212",
        "name": "자연과학/생명공학/스포츠과학대학행정실",
        "room_type": "office",
        "_idx": 122,
        "_centroid": [
          126.9743863,
          37.2948182
        ],
        "_area_m2": 101.4
      },
      "geometry": {
        "type": "Polygon",
        "coordinates": [
          [
            [
              126.9744477425095,
              37.294839604787214
            ],
            [
              126.97442983071045,
              37.29476531957662
            ],
            [
              126.97429458808246,
              37.29478639156466
            ],
            [
              126.9743122100923,
              37.294860077876606
            ],
            [
              126.97444708186083,
              37.29483970477572
            ],
            [
              126.9744477425095,
              37.294839604787214
            ]
          ]
        ]
      }
    },
    {
      "type": "Feature",
      "properties": {
        "indoor": "room",
        "level": [
          2
        ],
        "ref": "",
        "name": "",
        "room_type": "",
        "_idx": 123,
        "_centroid": [
          126.9746358,
          37.2947996
        ],
        "_area_m2": 75.3
      },
      "geometry": {
        "type": "Polygon",
        "coordinates": [
          [
            [
              126.97467850604144,
              37.29484835349965
            ],
            [
              126.97472280590178,
              37.294797525927876
            ],
            [
              126.9746521393684,
              37.29475892264086
            ],
            [
              126.97457135641862,
              37.29476939548328
            ],
            [
              126.97458039512807,
              37.29481351932246
            ],
            [
              126.97460965223576,
              37.294809726382525
            ],
            [
              126.97467850604144,
              37.29484835349965
            ]
          ]
        ]
      }
    },
    {
      "type": "Feature",
      "properties": {
        "indoor": "room",
        "level": [
          2
        ],
        "ref": "",
        "name": "",
        "room_type": "",
        "_idx": 124,
        "_centroid": [
          126.9745155,
          37.294792
        ],
        "_area_m2": 23.3
      },
      "geometry": {
        "type": "Polygon",
        "coordinates": [
          [
            [
              126.97450804075787,
              37.29483047870851
            ],
            [
              126.97454005789773,
              37.29482564997758
            ],
            [
              126.97452311779043,
              37.29475468945787
            ],
            [
              126.97449059355894,
              37.294757265983684
            ],
            [
              126.97450804075787,
              37.29483047870851
            ]
          ]
        ]
      }
    },
    {
      "type": "Feature",
      "properties": {
        "indoor": "room",
        "level": [
          2
        ],
        "ref": "32211",
        "name": "자연과학대학행정실자료실",
        "room_type": "office",
        "_idx": 125,
        "_centroid": [
          126.974466,
          37.2947909
        ],
        "_area_m2": 45.2
      },
      "geometry": {
        "type": "Polygon",
        "coordinates": [
          [
            [
              126.97445390554573,
              37.29476164580802
            ],
            [
              126.97442983071045,
              37.29476531957662
            ],
            [
              126.9744477425095,
              37.294839604787214
            ],
            [
              126.97450804075787,
              37.29483047870851
            ],
            [
              126.97449059355894,
              37.294757265983684
            ],
            [
              126.97445390554573,
              37.29476164580802
            ]
          ]
        ]
      }
    },
    {
      "type": "Feature",
      "properties": {
        "indoor": "room",
        "level": [
          2
        ],
        "ref": "",
        "name": "",
        "room_type": "",
        "_idx": 126,
        "_centroid": [
          126.974528,
          37.2947296
        ],
        "_area_m2": 102.8
      },
      "geometry": {
        "type": "Polygon",
        "coordinates": [
          [
            [
              126.97462020115995,
              37.294682841727216
            ],
            [
              126.97444490367522,
              37.29470355105399
            ],
            [
              126.97445390554573,
              37.29476164580802
            ],
            [
              126.97449059355894,
              37.294757265983684
            ],
            [
              126.97463062761815,
              37.294742583853065
            ],
            [
              126.97462020115995,
              37.294682841727216
            ]
          ]
        ]
      }
    },
    {
      "type": "Feature",
      "properties": {
        "indoor": "room",
        "level": [
          2
        ],
        "ref": "",
        "name": "",
        "room_type": "",
        "_idx": 127,
        "_centroid": [
          126.9753741,
          37.2946688
        ],
        "_area_m2": 27.5
      },
      "geometry": {
        "type": "Polygon",
        "coordinates": [
          [
            [
              126.97537838797804,
              37.294697601559385
            ],
            [
              126.97539433248373,
              37.29469706888429
            ],
            [
              126.97538969351888,
              37.294609190381536
            ],
            [
              126.97533389681125,
              37.294671237393054
            ],
            [
              126.97537838797804,
              37.294697601559385
            ]
          ]
        ]
      }
    },
    {
      "type": "Feature",
      "properties": {
        "indoor": "room",
        "level": [
          2
        ],
        "ref": "",
        "name": "",
        "room_type": "",
        "_idx": 128,
        "_centroid": [
          126.9754109,
          37.2946637
        ],
        "_area_m2": 48.4
      },
      "geometry": {
        "type": "Polygon",
        "coordinates": [
          [
            [
              126.97538969351888,
              37.294609190381536
            ],
            [
              126.97539433248373,
              37.29469706888429
            ],
            [
              126.97537838797804,
              37.294697601559385
            ],
            [
              126.97544378371248,
              37.29473635316211
            ],
            [
              126.97543747244828,
              37.29461430734013
            ],
            [
              126.97542186205173,
              37.29462749802216
            ],
            [
              126.97538969351888,
              37.294609190381536
            ]
          ]
        ]
      }
    },
    {
      "type": "Feature",
      "properties": {
        "indoor": "room",
        "level": [
          2
        ],
        "ref": "31214",
        "name": "첨단e+강의실",
        "room_type": "classroom",
        "_idx": 129,
        "_centroid": [
          126.9745422,
          37.2946528
        ],
        "_area_m2": 153.2
      },
      "geometry": {
        "type": "Polygon",
        "coordinates": [
          [
            [
              126.97456154605882,
              37.294573666660796
            ],
            [
              126.97442723652357,
              37.29458953376952
            ],
            [
              126.97444490367522,
              37.29470355105399
            ],
            [
              126.97462020115995,
              37.294682841727216
            ],
            [
              126.97461991592566,
              37.29468120737521
            ],
            [
              126.97457924893955,
              37.29468588599756
            ],
            [
              126.97456154605882,
              37.294573666660796
            ]
          ]
        ]
      }
    },
    {
      "type": "Feature",
      "properties": {
        "indoor": "room",
        "level": [
          2
        ],
        "ref": "31251A",
        "name": "기하및금융수학연구실",
        "room_type": "lab",
        "_idx": 130,
        "_centroid": [
          126.9753374,
          37.2946261
        ],
        "_area_m2": 44.7
      },
      "geometry": {
        "type": "Polygon",
        "coordinates": [
          [
            [
              126.97533389681125,
              37.294671237393054
            ],
            [
              126.97538969351888,
              37.294609190381536
            ],
            [
              126.97534048551778,
              37.294581388031865
            ],
            [
              126.97528548483672,
              37.29464254987054
            ],
            [
              126.97533389681125,
              37.294671237393054
            ]
          ]
        ]
      }
    },
    {
      "type": "Feature",
      "properties": {
        "indoor": "room",
        "level": [
          2
        ],
        "ref": "31251B",
        "name": "Post-Doc연구실",
        "room_type": "lab",
        "_idx": 131,
        "_centroid": [
          126.9752999,
          37.2946044
        ],
        "_area_m2": 23.7
      },
      "geometry": {
        "type": "Polygon",
        "coordinates": [
          [
            [
              126.97528548483672,
              37.29464254987054
            ],
            [
              126.97534048551778,
              37.294581388031865
            ],
            [
              126.97531412243752,
              37.294566492983115
            ],
            [
              126.97525954822527,
              37.29462718059192
            ],
            [
              126.97528548483672,
              37.29464254987054
            ]
          ]
        ]
      }
    },
    {
      "type": "Feature",
      "properties": {
        "indoor": "room",
        "level": [
          2
        ],
        "ref": "31251C",
        "name": "박정형교수실",
        "room_type": "office",
        "_idx": 132,
        "_centroid": [
          126.9752708,
          37.2945875
        ],
        "_area_m2": 28.8
      },
      "geometry": {
        "type": "Polygon",
        "coordinates": [
          [
            [
              126.97525954822527,
              37.29462718059192
            ],
            [
              126.97531412243752,
              37.294566492983115
            ],
            [
              126.97528173381227,
              37.29454819352237
            ],
            [
              126.97522768354294,
              37.29460829851159
            ],
            [
              126.97525954822527,
              37.29462718059192
            ]
          ]
        ]
      }
    },
    {
      "type": "Feature",
      "properties": {
        "indoor": "room",
        "level": [
          2
        ],
        "ref": "31251D",
        "name": "킨카찬드라다스교수실",
        "room_type": "office",
        "_idx": 133,
        "_centroid": [
          126.9752376,
          37.2945683
        ],
        "_area_m2": 30.5
      },
      "geometry": {
        "type": "Polygon",
        "coordinates": [
          [
            [
              126.97522768354294,
              37.29460829851159
            ],
            [
              126.97528173381227,
              37.29454819352237
            ],
            [
              126.9752486485193,
              37.29452950044678
            ],
            [
              126.97519215594782,
              37.2945872458961
            ],
            [
              126.97522768354294,
              37.29460829851159
            ]
          ]
        ]
      }
    },
    {
      "type": "Feature",
      "properties": {
        "indoor": "room",
        "level": [
          2
        ],
        "ref": "31213",
        "name": "일반강의실",
        "room_type": "classroom",
        "_idx": 134,
        "_centroid": [
          126.9744856,
          37.2945252
        ],
        "_area_m2": 150.4
      },
      "geometry": {
        "type": "Polygon",
        "coordinates": [
          [
            [
              126.97454376923045,
              37.29446097856671
            ],
            [
              126.97440976966146,
              37.29447680908006
            ],
            [
              126.97442723652357,
              37.29458953376952
            ],
            [
              126.97456154605882,
              37.294573666660796
            ],
            [
              126.97454376923045,
              37.29446097856671
            ]
          ]
        ]
      }
    },
    {
      "type": "Feature",
      "properties": {
        "indoor": "room",
        "level": [
          2
        ],
        "ref": "31252",
        "name": "일반물리실험실Ⅰ",
        "room_type": "lab",
        "_idx": 135,
        "_centroid": [
          126.9751617,
          37.2945244
        ],
        "_area_m2": 101.8
      },
      "geometry": {
        "type": "Polygon",
        "coordinates": [
          [
            [
              126.97512865208293,
              37.294461716876036
            ],
            [
              126.97507731034311,
              37.29451919174416
            ],
            [
              126.97519215594782,
              37.2945872458961
            ],
            [
              126.9752486485193,
              37.29452950044678
            ],
            [
              126.97512865208293,
              37.294461716876036
            ]
          ]
        ]
      }
    },
    {
      "type": "Feature",
      "properties": {
        "indoor": "room",
        "level": [
          2
        ],
        "ref": "31201",
        "name": "",
        "room_type": "",
        "_idx": 136,
        "_centroid": [
          126.975322,
          37.2945142
        ],
        "_area_m2": 124.5
      },
      "geometry": {
        "type": "Polygon",
        "coordinates": [
          [
            [
              126.97518380342046,
              37.29439971821039
            ],
            [
              126.97514125589143,
              37.29444754823853
            ],
            [
              126.97543746584239,
              37.29461417959703
            ],
            [
              126.97543754711221,
              37.2946142442496
            ],
            [
              126.97543400109933,
              37.29455735880953
            ],
            [
              126.97539120216688,
              37.2945223381255
            ],
            [
              126.9753655228074,
              37.29456027719914
            ],
            [
              126.97523834883664,
              37.29447175266426
            ],
            [
              126.97526891950267,
              37.29444062313275
            ],
            [
              126.97518380342046,
              37.29439971821039
            ]
          ]
        ]
      }
    },
    {
      "type": "Feature",
      "properties": {
        "indoor": "room",
        "level": [
          2
        ],
        "ref": "31253",
        "name": "일반물리학실험준비실Ⅰ",
        "room_type": "lab",
        "_idx": 137,
        "_centroid": [
          126.9750788,
          37.2944851
        ],
        "_area_m2": 35.7
      },
      "geometry": {
        "type": "Polygon",
        "coordinates": [
          [
            [
              126.97512865208293,
              37.294461716876036
            ],
            [
              126.97508760479057,
              37.294438511299546
            ],
            [
              126.97503386232636,
              37.29449344571807
            ],
            [
              126.97506650540878,
              37.29451278905557
            ],
            [
              126.97507731034311,
              37.29451919174416
            ],
            [
              126.97512865208293,
              37.294461716876036
            ]
          ]
        ]
      }
    },
    {
      "type": "Feature",
      "properties": {
        "indoor": "room",
        "level": [
          2
        ],
        "ref": "31254",
        "name": "일반물리학실험준비실Ⅱ",
        "room_type": "lab",
        "_idx": 138,
        "_centroid": [
          126.975043,
          37.2944557
        ],
        "_area_m2": 29.7
      },
      "geometry": {
        "type": "Polygon",
        "coordinates": [
          [
            [
              126.97503386232636,
              37.29449344571807
            ],
            [
              126.97508760479057,
              37.29443851129954
            ],
            [
              126.9750517328411,
              37.294418243772704
            ],
            [
              126.97499860295264,
              37.294472552042755
            ],
            [
              126.97503386232636,
              37.29449344571807
            ]
          ]
        ]
      }
    },
    {
      "type": "Feature",
      "properties": {
        "indoor": "room",
        "level": [
          2
        ],
        "ref": "",
        "name": "",
        "room_type": "",
        "_idx": 139,
        "_centroid": [
          126.9746029,
          37.2944358
        ],
        "_area_m2": 21.7
      },
      "geometry": {
        "type": "Polygon",
        "coordinates": [
          [
            [
              126.97462034518362,
              37.294451931995454
            ],
            [
              126.97462034518632,
              37.294451931995134
            ],
            [
              126.97461948463913,
              37.294447322021085
            ],
            [
              126.97460918447823,
              37.294391772618205
            ],
            [
              126.97457295964243,
              37.2943960345692
            ],
            [
              126.97458413658319,
              37.2944561879001
            ],
            [
              126.97459351003315,
              37.29445508565459
            ],
            [
              126.97462034518362,
              37.294451931995454
            ]
          ]
        ]
      }
    },
    {
      "type": "Feature",
      "properties": {
        "indoor": "room",
        "level": [
          2
        ],
        "ref": "31257B",
        "name": "수리계산실(PC실)",
        "room_type": "classroom",
        "_idx": 140,
        "_centroid": [
          126.9746477,
          37.2944232
        ],
        "_area_m2": 48
      },
      "geometry": {
        "type": "Polygon",
        "coordinates": [
          [
            [
              126.97470031329435,
              37.29444253416617
            ],
            [
              126.97468915065573,
              37.29438236437873
            ],
            [
              126.97460918447823,
              37.294391772618205
            ],
            [
              126.97461948463913,
              37.294447322021085
            ],
            [
              126.97462034518634,
              37.294451931995134
            ],
            [
              126.97470031329435,
              37.29444253416617
            ]
          ]
        ]
      }
    },
    {
      "type": "Feature",
      "properties": {
        "indoor": "room",
        "level": [
          2
        ],
        "ref": "",
        "name": "",
        "room_type": "",
        "_idx": 141,
        "_centroid": [
          126.9744671,
          37.2944204
        ],
        "_area_m2": 102.7
      },
      "geometry": {
        "type": "Polygon",
        "coordinates": [
          [
            [
              126.97440976966146,
              37.29447680908006
            ],
            [
              126.97454376923045,
              37.29446097856671
            ],
            [
              126.97453226566272,
              37.294388056946715
            ],
            [
              126.97453184533964,
              37.29438546242522
            ],
            [
              126.97438531478986,
              37.29440048589764
            ],
            [
              126.97439948976023,
              37.29441046638679
            ],
            [
              126.97440976966146,
              37.29447680908006
            ]
          ]
        ]
      }
    },
    {
      "type": "Feature",
      "properties": {
        "indoor": "room",
        "level": [
          2
        ],
        "ref": "31255",
        "name": "일반물리실험실Ⅱ",
        "room_type": "lab",
        "_idx": 142,
        "_centroid": [
          126.9749811,
          37.2944199
        ],
        "_area_m2": 72.1
      },
      "geometry": {
        "type": "Polygon",
        "coordinates": [
          [
            [
              126.97499860295264,
              37.294472552042755
            ],
            [
              126.9750517328411,
              37.294418243772704
            ],
            [
              126.97496290745391,
              37.29436805773753
            ],
            [
              126.97491129441335,
              37.29442081555171
            ],
            [
              126.97499860295264,
              37.294472552042755
            ]
          ]
        ]
      }
    },
    {
      "type": "Feature",
      "properties": {
        "indoor": "room",
        "level": [
          2
        ],
        "ref": "31202",
        "name": "김훈교수실",
        "room_type": "office",
        "_idx": 143,
        "_centroid": [
          126.9751417,
          37.2944128
        ],
        "_area_m2": 27.7
      },
      "geometry": {
        "type": "Polygon",
        "coordinates": [
          [
            [
              126.97514125589143,
              37.29444754823853
            ],
            [
              126.97518380342046,
              37.29439971821039
            ],
            [
              126.97514115507344,
              37.29437922235017
            ],
            [
              126.97510068008825,
              37.29442472253269
            ],
            [
              126.97514125589143,
              37.29444754823853
            ]
          ]
        ]
      }
    },
    {
      "type": "Feature",
      "properties": {
        "indoor": "room",
        "level": [
          2
        ],
        "ref": "31257A",
        "name": "수리계산실",
        "room_type": "lab",
        "_idx": 144,
        "_centroid": [
          126.9747138,
          37.2944102
        ],
        "_area_m2": 22.9
      },
      "geometry": {
        "type": "Polygon",
        "coordinates": [
          [
            [
              126.97468915065573,
              37.29438236437873
            ],
            [
              126.97470031329435,
              37.29444253416617
            ],
            [
              126.97473815921826,
              37.294438086524124
            ],
            [
              126.97472753230039,
              37.29437785799621
            ],
            [
              126.97468915065573,
              37.29438236437873
            ]
          ]
        ]
      }
    },
    {
      "type": "Feature",
      "properties": {
        "indoor": "room",
        "level": [
          2
        ],
        "ref": "31256B",
        "name": "김장수교수실",
        "room_type": "office",
        "_idx": 145,
        "_centroid": [
          126.9747525,
          37.2944057
        ],
        "_area_m2": 23.6
      },
      "geometry": {
        "type": "Polygon",
        "coordinates": [
          [
            [
              126.97477747047525,
              37.29443346667656
            ],
            [
              126.97476684306339,
              37.29437323534844
            ],
            [
              126.97472753230039,
              37.29437785799621
            ],
            [
              126.97473815921826,
              37.294438086524124
            ],
            [
              126.97477747047525,
              37.29443346667656
            ]
          ]
        ]
      }
    },
    {
      "type": "Feature",
      "properties": {
        "indoor": "room",
        "level": [
          2
        ],
        "ref": "31256A",
        "name": "윤석배교수실",
        "room_type": "office",
        "_idx": 146,
        "_centroid": [
          126.974792,
          37.294401
        ],
        "_area_m2": 23.9
      },
      "geometry": {
        "type": "Polygon",
        "coordinates": [
          [
            [
              126.97481723381173,
              37.29442879370073
            ],
            [
              126.97480660590132,
              37.294368559540075
            ],
            [
              126.97476684306339,
              37.29437323534844
            ],
            [
              126.97477747047525,
              37.29443346667656
            ],
            [
              126.97481723381173,
              37.29442879370073
            ]
          ]
        ]
      }
    },
    {
      "type": "Feature",
      "properties": {
        "indoor": "room",
        "level": [
          2
        ],
        "ref": "",
        "name": "",
        "room_type": "",
        "_idx": 147,
        "_centroid": [
          126.9748517,
          37.294394
        ],
        "_area_m2": 47.8
      },
      "geometry": {
        "type": "Polygon",
        "coordinates": [
          [
            [
              126.97489687431907,
              37.29441943437131
            ],
            [
              126.97488624540826,
              37.294359194537684
            ],
            [
              126.97480660590132,
              37.294368559540075
            ],
            [
              126.97481723381173,
              37.29442879370073
            ],
            [
              126.97489687431907,
              37.29441943437131
            ]
          ]
        ]
      }
    },
    {
      "type": "Feature",
      "properties": {
        "indoor": "room",
        "level": [
          2
        ],
        "ref": "31203",
        "name": "생물물리계산연구실",
        "room_type": "lab",
        "_idx": 148,
        "_centroid": [
          126.9751012,
          37.2943917
        ],
        "_area_m2": 25
      },
      "geometry": {
        "type": "Polygon",
        "coordinates": [
          [
            [
              126.97510068008825,
              37.29442472253269
            ],
            [
              126.97514115507344,
              37.29437922235017
            ],
            [
              126.97510078594479,
              37.29435982183231
            ],
            [
              126.97506227274013,
              37.29440311667991
            ],
            [
              126.97510068008825,
              37.29442472253269
            ]
          ]
        ]
      }
    },
    {
      "type": "Feature",
      "properties": {
        "indoor": "room",
        "level": [
          2
        ],
        "ref": "",
        "name": "",
        "room_type": "",
        "_idx": 149,
        "_centroid": [
          126.9749178,
          37.2943792
        ],
        "_area_m2": 23.8
      },
      "geometry": {
        "type": "Polygon",
        "coordinates": [
          [
            [
              126.97488624540826,
              37.294359194537684
            ],
            [
              126.97489687431907,
              37.29441943437131
            ],
            [
              126.97490696281665,
              37.29441824877399
            ],
            [
              126.97491129441335,
              37.29442081555171
            ],
            [
              126.97496290745391,
              37.29436805773753
            ],
            [
              126.97496126649385,
              37.2943671306008
            ],
            [
              126.97494239244617,
              37.29436829842859
            ],
            [
              126.9749062454335,
              37.29437167361275
            ],
            [
              126.97490067985433,
              37.29434209027442
            ],
            [
              126.97490348135435,
              37.29435716772107
            ],
            [
              126.97488624540826,
              37.294359194537684
            ]
          ]
        ]
      }
    },
    {
      "type": "Feature",
      "properties": {
        "indoor": "room",
        "level": [
          2
        ],
        "ref": "31204A",
        "name": "응용반도체소자나노물리연구실",
        "room_type": "lab",
        "_idx": 150,
        "_centroid": [
          126.9750669,
          37.2943738
        ],
        "_area_m2": 17.8
      },
      "geometry": {
        "type": "Polygon",
        "coordinates": [
          [
            [
              126.97506227274013,
              37.29440311667991
            ],
            [
              126.97510078594479,
              37.29435982183231
            ],
            [
              126.97507073073803,
              37.294345377959104
            ],
            [
              126.97503367809792,
              37.2943870309135
            ],
            [
              126.97506227274013,
              37.29440311667991
            ]
          ]
        ]
      }
    },
    {
      "type": "Feature",
      "properties": {
        "indoor": "room",
        "level": [
          2
        ],
        "ref": "31212",
        "name": "물리학과열람실",
        "room_type": "lounge",
        "_idx": 151,
        "_centroid": [
          126.9744674,
          37.2943619
        ],
        "_area_m2": 164.9
      },
      "geometry": {
        "type": "Polygon",
        "coordinates": [
          [
            [
              126.97456994197957,
              37.2943809767684
            ],
            [
              126.97455687923517,
              37.29430694305676
            ],
            [
              126.9742931038424,
              37.29433556086874
            ],
            [
              126.97438531478986,
              37.29440048589764
            ],
            [
              126.97453184533964,
              37.29438546242522
            ],
            [
              126.97456994197957,
              37.2943809767684
            ]
          ]
        ]
      }
    },
    {
      "type": "Feature",
      "properties": {
        "indoor": "room",
        "level": [
          2
        ],
        "ref": "31204B",
        "name": "석좌초빙교수실/연구도서실",
        "room_type": "office",
        "_idx": 152,
        "_centroid": [
          126.975032,
          37.2943557
        ],
        "_area_m2": 23.3
      },
      "geometry": {
        "type": "Polygon",
        "coordinates": [
          [
            [
              126.97503367809792,
              37.2943870309135
            ],
            [
              126.97507073073803,
              37.294345377959104
            ],
            [
              126.97502941807173,
              37.29432552399774
            ],
            [
              126.97499437306523,
              37.29436492007296
            ],
            [
              126.97503367809792,
              37.2943870309135
            ]
          ]
        ]
      }
    },
    {
      "type": "Feature",
      "properties": {
        "indoor": "room",
        "level": [
          2
        ],
        "ref": "31211",
        "name": "위상양자물성 연구실-ll",
        "room_type": "lab",
        "_idx": 153,
        "_centroid": [
          126.9746018,
          37.2943396
        ],
        "_area_m2": 56.3
      },
      "geometry": {
        "type": "Polygon",
        "coordinates": [
          [
            [
              126.97464660333014,
              37.29437195034219
            ],
            [
              126.97463366336912,
              37.294298612507475
            ],
            [
              126.97455687923517,
              37.29430694305676
            ],
            [
              126.97456994197957,
              37.2943809767684
            ],
            [
              126.97464660333014,
              37.29437195034219
            ]
          ]
        ]
      }
    },
    {
      "type": "Feature",
      "properties": {
        "indoor": "room",
        "level": [
          2
        ],
        "ref": "31210",
        "name": "위상양자물성 연구실-l",
        "room_type": "lab",
        "_idx": 154,
        "_centroid": [
          126.9746793,
          37.2943309
        ],
        "_area_m2": 57
      },
      "geometry": {
        "type": "Polygon",
        "coordinates": [
          [
            [
              126.9747248640553,
              37.29436273559895
            ],
            [
              126.97471204943311,
              37.29429010815983
            ],
            [
              126.97463366336912,
              37.294298612507475
            ],
            [
              126.97464660333014,
              37.29437195034219
            ],
            [
              126.9747248640553,
              37.29436273559895
            ]
          ]
        ]
      }
    },
    {
      "type": "Feature",
      "properties": {
        "indoor": "room",
        "level": [
          2
        ],
        "ref": "",
        "name": "",
        "room_type": "",
        "_idx": 155,
        "_centroid": [
          126.9749322,
          37.2943287
        ],
        "_area_m2": 74.3
      },
      "geometry": {
        "type": "Polygon",
        "coordinates": [
          [
            [
              126.9748710125732,
              37.29427286175482
            ],
            [
              126.97488357300087,
              37.2943440485477
            ],
            [
              126.9748936620529,
              37.29434286062076
            ],
            [
              126.97490067985433,
              37.29434209027442
            ],
            [
              126.97489830712735,
              37.29432841047917
            ],
            [
              126.9749484667944,
              37.294322904434985
            ],
            [
              126.97495357009112,
              37.2943523271429
            ],
            [
              126.97497016481772,
              37.29435130184995
            ],
            [
              126.97499437306523,
              37.29436492007296
            ],
            [
              126.97502941807173,
              37.29432552399774
            ],
            [
              126.97491063129658,
              37.29426843767882
            ],
            [
              126.9748710125732,
              37.29427286175482
            ]
          ]
        ]
      }
    },
    {
      "type": "Feature",
      "properties": {
        "indoor": "room",
        "level": [
          2
        ],
        "ref": "31209",
        "name": "최광용교수실",
        "room_type": "office",
        "_idx": 156,
        "_centroid": [
          126.9747381,
          37.2943242
        ],
        "_area_m2": 28.4
      },
      "geometry": {
        "type": "Polygon",
        "coordinates": [
          [
            [
              126.97476417378728,
              37.29435810710764
            ],
            [
              126.97475142212468,
              37.29428583649418
            ],
            [
              126.97471204943311,
              37.29429010815983
            ],
            [
              126.9747248640553,
              37.29436273559895
            ],
            [
              126.97476417378728,
              37.29435810710764
            ]
          ]
        ]
      }
    },
    {
      "type": "Feature",
      "properties": {
        "indoor": "room",
        "level": [
          2
        ],
        "ref": "31208",
        "name": "고에너지물리연구실",
        "room_type": "lab",
        "_idx": 157,
        "_centroid": [
          126.9747777,
          37.2943197
        ],
        "_area_m2": 28.6
      },
      "geometry": {
        "type": "Polygon",
        "coordinates": [
          [
            [
              126.97480393558259,
              37.29435342538851
            ],
            [
              126.97479124760493,
              37.29428151570408
            ],
            [
              126.97475142212468,
              37.29428583649418
            ],
            [
              126.97476417378728,
              37.29435810710764
            ],
            [
              126.97480393558259,
              37.29435342538851
            ]
          ]
        ]
      }
    },
    {
      "type": "Feature",
      "properties": {
        "indoor": "room",
        "level": [
          2
        ],
        "ref": "31207",
        "name": "고에너지물리연구실",
        "room_type": "lab",
        "_idx": 158,
        "_centroid": [
          126.9748374,
          37.294313
        ],
        "_area_m2": 56.8
      },
      "geometry": {
        "type": "Polygon",
        "coordinates": [
          [
            [
              126.97488357300087,
              37.2943440485477
            ],
            [
              126.9748710125732,
              37.29427286175482
            ],
            [
              126.97479124760493,
              37.29428151570408
            ],
            [
              126.97480393558259,
              37.29435342538851
            ],
            [
              126.97488357300087,
              37.2943440485477
            ]
          ]
        ]
      }
    }
  ]
}