{
  "type": "FeatureCollection",
  "features": [
    {
      "type": "Feature",
      "properties": {
        "indoor": "room",
        "level": [
          3
        ],
        "ref": "62354",
        "name": "",
        "room_type": "",
        "_idx": 1,
        "_centroid": [
          126.9744975,
          37.2961045
        ],
        "_area_m2": 114.3
      },
      "geometry": {
        "type": "Polygon",
        "coordinates": [
          [
            [
              126.97458200064625,
              37.296053981742794
            ],
            [
              126.97448700171266,
              37.29606569482419
            ],
            [
              126.97447533433589,
              37.29606713337649
            ],
            [
              126.97443470559716,
              37.29607254416816
            ],
            [
              126.97445114311661,
              37.29615065393656
            ],
            [
              126.97445114311661,
              37.29615065393657
            ],
            [
              126.97450181203197,
              37.29614397169405
            ],
            [
              126.97459666042718,
              37.29613146303908
            ],
            [
              126.97458200064625,
              37.296053981742794
            ]
          ]
        ]
      }
    },
    {
      "type": "Feature",
      "properties": {
        "indoor": "room",
        "level": [
          3
        ],
        "ref": "",
        "name": "",
        "room_type": "",
        "_idx": 2,
        "_centroid": [
          126.9743537,
          37.2960976
        ],
        "_area_m2": 85.4
      },
      "geometry": {
        "type": "Polygon",
        "coordinates": [
          [
            [
              126.97433297419903,
              37.29604182282299
            ],
            [
              126.97427514030299,
              37.29610652561563
            ],
            [
              126.97437730232303,
              37.296160392098265
            ],
            [
              126.97440651692617,
              37.29615640114058
            ],
            [
              126.97438973369334,
              37.2960739294551
            ],
            [
              126.97434042952213,
              37.296046388830355
            ],
            [
              126.97433297419903,
              37.29604182282299
            ]
          ]
        ]
      }
    },
    {
      "type": "Feature",
      "properties": {
        "indoor": "room",
        "level": [
          3
        ],
        "ref": "62353",
        "name": "",
        "room_type": "",
        "_idx": 3,
        "_centroid": [
          126.9746789,
          37.2960813
        ],
        "_area_m2": 137.3
      },
      "geometry": {
        "type": "Polygon",
        "coordinates": [
          [
            [
              126.97458200064625,
              37.296053981742794
            ],
            [
              126.97459666042718,
              37.29613146303908
            ],
            [
              126.97463820580884,
              37.29612598401286
            ],
            [
              126.97473503310795,
              37.29611321437904
            ],
            [
              126.97477614030645,
              37.296107788116394
            ],
            [
              126.97476035997143,
              37.29603199057705
            ],
            [
              126.97472059293038,
              37.296036893733024
            ],
            [
              126.97462218412548,
              37.29604902724125
            ],
            [
              126.97458200064625,
              37.296053981742794
            ]
          ]
        ]
      }
    },
    {
      "type": "Feature",
      "properties": {
        "indoor": "room",
        "level": [
          3
        ],
        "ref": "61352",
        "name": "소재부품융합공학과 강의실",
        "room_type": "classroom",
        "_idx": 4,
        "_centroid": [
          126.9748259,
          37.2960625
        ],
        "_area_m2": 100.4
      },
      "geometry": {
        "type": "Polygon",
        "coordinates": [
          [
            [
              126.97489374906536,
              37.296015544104904
            ],
            [
              126.97480097115468,
              37.296026983340894
            ],
            [
              126.97476035997143,
              37.29603199057705
            ],
            [
              126.97477614030645,
              37.296107788116394
            ],
            [
              126.97481528397084,
              37.29610263085412
            ],
            [
              126.97490907564197,
              37.296090143559326
            ],
            [
              126.97489374906536,
              37.296015544104904
            ]
          ]
        ]
      }
    },
    {
      "type": "Feature",
      "properties": {
        "indoor": "room",
        "level": [
          3
        ],
        "ref": "62351",
        "name": "첨단 바이오의약품 전달 연구실",
        "room_type": "lab",
        "_idx": 5,
        "_centroid": [
          126.9749334,
          37.2960488
        ],
        "_area_m2": 47.7
      },
      "geometry": {
        "type": "Polygon",
        "coordinates": [
          [
            [
              126.97490907564197,
              37.296090143559326
            ],
            [
              126.97497246068299,
              37.29608190230876
            ],
            [
              126.97495839731117,
              37.29600757317158
            ],
            [
              126.97489374906536,
              37.296015544104904
            ],
            [
              126.97490907564197,
              37.296090143559326
            ]
          ]
        ]
      }
    },
    {
      "type": "Feature",
      "properties": {
        "indoor": "room",
        "level": [
          3
        ],
        "ref": "",
        "name": "",
        "room_type": "",
        "_idx": 6,
        "_centroid": [
          126.974988,
          37.2960419
        ],
        "_area_m2": 33.5
      },
      "geometry": {
        "type": "Polygon",
        "coordinates": [
          [
            [
              126.97495839731117,
              37.29600757317158
            ],
            [
              126.97497246068299,
              37.29608190230878
            ],
            [
              126.9750171872333,
              37.296076003748404
            ],
            [
              126.97500391458419,
              37.29600196102938
            ],
            [
              126.97495839731117,
              37.29600757317158
            ]
          ]
        ]
      }
    },
    {
      "type": "Feature",
      "properties": {
        "indoor": "room",
        "level": [
          3
        ],
        "ref": "62355",
        "name": "첨단e+강의실",
        "room_type": "classroom",
        "_idx": 7,
        "_centroid": [
          126.9742322,
          37.2960341
        ],
        "_area_m2": 142.9
      },
      "geometry": {
        "type": "Polygon",
        "coordinates": [
          [
            [
              126.97415783816656,
              37.29604467627581
            ],
            [
              126.97424457020438,
              37.296090407065066
            ],
            [
              126.97427514030299,
              37.29610652561563
            ],
            [
              126.97433297419903,
              37.29604182282299
            ],
            [
              126.97430533080086,
              37.29602566990278
            ],
            [
              126.97422190087092,
              37.29597642085288
            ],
            [
              126.97419235588907,
              37.29595898032181
            ],
            [
              126.9741271238129,
              37.29602848166457
            ],
            [
              126.97415783816656,
              37.29604467627581
            ]
          ]
        ]
      }
    },
    {
      "type": "Feature",
      "properties": {
        "indoor": "room",
        "level": [
          3
        ],
        "ref": "62305",
        "name": "여학생휴게실",
        "room_type": "lounge",
        "_idx": 8,
        "_centroid": [
          126.9744601,
          37.2960149
        ],
        "_area_m2": 47.1
      },
      "geometry": {
        "type": "Polygon",
        "coordinates": [
          [
            [
              126.97450586012461,
              37.29604278863642
            ],
            [
              126.97449446857755,
              37.295982580893906
            ],
            [
              126.97444045445273,
              37.295989301704864
            ],
            [
              126.9744158000881,
              37.29597570789596
            ],
            [
              126.97443069697461,
              37.29605208617742
            ],
            [
              126.97447331342282,
              37.29604682600306
            ],
            [
              126.97450586012461,
              37.29604278863642
            ]
          ]
        ]
      }
    },
    {
      "type": "Feature",
      "properties": {
        "indoor": "room",
        "level": [
          3
        ],
        "ref": "62304",
        "name": "퓨쳐이노베이션 연구실Ⅱ Ⅱ",
        "room_type": "lab",
        "_idx": 9,
        "_centroid": [
          126.9745463,
          37.2960069
        ],
        "_area_m2": 50.5
      },
      "geometry": {
        "type": "Polygon",
        "coordinates": [
          [
            [
              126.97452277309542,
              37.29597911537722
            ],
            [
              126.97449446857755,
              37.295982580893906
            ],
            [
              126.97450586012461,
              37.29604278863642
            ],
            [
              126.97453440687511,
              37.29603924745738
            ],
            [
              126.97457818535706,
              37.29603381680626
            ],
            [
              126.97459053907153,
              37.29603228434761
            ],
            [
              126.97457767959314,
              37.29597210943867
            ],
            [
              126.97456678874349,
              37.29597358231871
            ],
            [
              126.97452277309542,
              37.29597911537722
            ]
          ]
        ]
      }
    },
    {
      "type": "Feature",
      "properties": {
        "indoor": "room",
        "level": [
          3
        ],
        "ref": "62303",
        "name": "바이오에너지공학연구실",
        "room_type": "lab",
        "_idx": 10,
        "_centroid": [
          126.9746294,
          37.2959966
        ],
        "_area_m2": 54.6
      },
      "geometry": {
        "type": "Polygon",
        "coordinates": [
          [
            [
              126.97457767959314,
              37.29597210943867
            ],
            [
              126.97459053907153,
              37.29603228434761
            ],
            [
              126.9746805029801,
              37.29602112446771
            ],
            [
              126.97466884811543,
              37.29596088338583
            ],
            [
              126.97457767959314,
              37.29597210943867
            ]
          ]
        ]
      }
    },
    {
      "type": "Feature",
      "properties": {
        "indoor": "room",
        "level": [
          3
        ],
        "ref": "",
        "name": "",
        "room_type": "",
        "_idx": 11,
        "_centroid": [
          126.9741488,
          37.2959876
        ],
        "_area_m2": 22.9
      },
      "geometry": {
        "type": "Polygon",
        "coordinates": [
          [
            [
              126.97417083115177,
              37.29594627417592
            ],
            [
              126.97410474713763,
              37.296016683221374
            ],
            [
              126.9741271238129,
              37.29602848166457
            ],
            [
              126.97419235588907,
              37.29595898032181
            ],
            [
              126.97417083115177,
              37.29594627417592
            ]
          ]
        ]
      }
    },
    {
      "type": "Feature",
      "properties": {
        "indoor": "room",
        "level": [
          3
        ],
        "ref": "",
        "name": "",
        "room_type": "",
        "_idx": 12,
        "_centroid": [
          126.9747257,
          37.2959847
        ],
        "_area_m2": 70.4
      },
      "geometry": {
        "type": "Polygon",
        "coordinates": [
          [
            [
              126.97478571352086,
              37.295946342183875
            ],
            [
              126.97470535208329,
              37.2959563413097
            ],
            [
              126.97466884811543,
              37.29596088338583
            ],
            [
              126.9746805029801,
              37.29602112446771
            ],
            [
              126.97471675838972,
              37.29601662704176
            ],
            [
              126.97479712544887,
              37.29600665763578
            ],
            [
              126.97478571352086,
              37.295946342183875
            ]
          ]
        ]
      }
    },
    {
      "type": "Feature",
      "properties": {
        "indoor": "room",
        "level": [
          3
        ],
        "ref": "62302",
        "name": "나노바이오환경센서연구실",
        "room_type": "lab",
        "_idx": 13,
        "_centroid": [
          126.9748513,
          37.2959691
        ],
        "_area_m2": 72.3
      },
      "geometry": {
        "type": "Polygon",
        "coordinates": [
          [
            [
              126.9749170858335,
              37.295991776740685
            ],
            [
              126.97490541405617,
              37.295931448215455
            ],
            [
              126.97478571352086,
              37.295946342183875
            ],
            [
              126.97479712544887,
              37.29600665763578
            ],
            [
              126.9749170858335,
              37.295991776740685
            ]
          ]
        ]
      }
    },
    {
      "type": "Feature",
      "properties": {
        "indoor": "room",
        "level": [
          3
        ],
        "ref": "61351A",
        "name": "소재부품융합공학과강의실Ⅲ",
        "room_type": "classroom",
        "_idx": 14,
        "_centroid": [
          126.9741058,
          37.2959636
        ],
        "_area_m2": 68.3
      },
      "geometry": {
        "type": "Polygon",
        "coordinates": [
          [
            [
              126.97410559824236,
              37.29590776690625
            ],
            [
              126.97404216909233,
              37.29598352652342
            ],
            [
              126.97410474713763,
              37.296016683221374
            ],
            [
              126.97417083115177,
              37.29594627417592
            ],
            [
              126.97410559824236,
              37.29590776690625
            ]
          ]
        ]
      }
    },
    {
      "type": "Feature",
      "properties": {
        "indoor": "room",
        "level": [
          3
        ],
        "ref": "62301",
        "name": "",
        "room_type": "",
        "_idx": 15,
        "_centroid": [
          126.9749516,
          37.2959566
        ],
        "_area_m2": 50.4
      },
      "geometry": {
        "type": "Polygon",
        "coordinates": [
          [
            [
              126.97494310679791,
              37.29592675822385
            ],
            [
              126.97490541405617,
              37.295931448215455
            ],
            [
              126.9749170858335,
              37.295991776740685
            ],
            [
              126.9749545297373,
              37.29598713188392
            ],
            [
              126.9750002399267,
              37.29598146160756
            ],
            [
              126.97498939081434,
              37.295921216315136
            ],
            [
              126.97494310679791,
              37.29592675822385
            ]
          ]
        ]
      }
    },
    {
      "type": "Feature",
      "properties": {
        "indoor": "room",
        "level": [
          3
        ],
        "ref": "62306",
        "name": "첨단강의실",
        "room_type": "classroom",
        "_idx": 16,
        "_centroid": [
          126.9743055,
          37.2959564
        ],
        "_area_m2": 122.9
      },
      "geometry": {
        "type": "Polygon",
        "coordinates": [
          [
            [
              126.97429232015521,
              37.295991077104006
            ],
            [
              126.97432165495131,
              37.29600827739451
            ],
            [
              126.97435677231064,
              37.29602886825802
            ],
            [
              126.97440956556038,
              37.29597227033107
            ],
            [
              126.97437389901796,
              37.29595261413875
            ],
            [
              126.97434392481932,
              37.295936095054664
            ],
            [
              126.97431303548892,
              37.295919071632206
            ],
            [
              126.97428844626079,
              37.29590552025984
            ],
            [
              126.9742581849363,
              37.2958888429378
            ],
            [
              126.97420840918218,
              37.29594187638318
            ],
            [
              126.9742380249982,
              37.295959241448124
            ],
            [
              126.97426208972942,
              37.29597335166613
            ],
            [
              126.97429232015521,
              37.295991077104006
            ]
          ]
        ]
      }
    },
    {
      "type": "Feature",
      "properties": {
        "indoor": "room",
        "level": [
          3
        ],
        "ref": "61351B",
        "name": "소재부품융합공학과사물함실",
        "room_type": "lab",
        "_idx": 17,
        "_centroid": [
          126.974038,
          37.2959257
        ],
        "_area_m2": 79.5
      },
      "geometry": {
        "type": "Polygon",
        "coordinates": [
          [
            [
              126.97404216909233,
              37.29598352652342
            ],
            [
              126.97410559824236,
              37.29590776690625
            ],
            [
              126.97403774824795,
              37.29586771475994
            ],
            [
              126.9739663968796,
              37.295943735938536
            ],
            [
              126.97404216909233,
              37.29598352652342
            ]
          ]
        ]
      }
    },
    {
      "type": "Feature",
      "properties": {
        "indoor": "room",
        "level": [
          3
        ],
        "ref": "",
        "name": "",
        "room_type": "",
        "_idx": 18,
        "_centroid": [
          126.9742224,
          37.2959092
        ],
        "_area_m2": 17.2
      },
      "geometry": {
        "type": "Polygon",
        "coordinates": [
          [
            [
              126.97423613831656,
              37.29587669282263
            ],
            [
              126.97418683283989,
              37.29592922521785
            ],
            [
              126.97420840918218,
              37.29594187638318
            ],
            [
              126.9742581849363,
              37.2958888429378
            ],
            [
              126.97423613831656,
              37.29587669282263
            ]
          ]
        ]
      }
    },
    {
      "type": "Feature",
      "properties": {
        "indoor": "room",
        "level": [
          3
        ],
        "ref": "",
        "name": "",
        "room_type": "",
        "_idx": 19,
        "_centroid": [
          126.9739996,
          37.2958927
        ],
        "_area_m2": 27.5
      },
      "geometry": {
        "type": "MultiPolygon",
        "coordinates": [
          [
            [
              [
                126.9739663968796,
                37.295943735938536
              ],
              [
                126.97403774824792,
                37.295867714759936
              ],
              [
                126.97403774824792,
                37.29586771475993
              ],
              [
                126.97401411015633,
                37.29585376109181
              ],
              [
                126.97394182321044,
                37.29593077909682
              ],
              [
                126.9739663968796,
                37.295943735938536
              ]
            ]
          ],
          [
            [
              [
                126.97403774824792,
                37.29586771475993
              ],
              [
                126.97403774824792,
                37.295867714759936
              ],
              [
                126.9739663968796,
                37.295943735938536
              ],
              [
                126.97403774824795,
                37.29586771475994
              ],
              [
                126.97403774824792,
                37.29586771475993
              ]
            ]
          ]
        ]
      }
    },
    {
      "type": "Feature",
      "properties": {
        "indoor": "room",
        "level": [
          3
        ],
        "ref": "61301A",
        "name": "대학원세미나실",
        "room_type": "classroom",
        "_idx": 20,
        "_centroid": [
          126.9741769,
          37.2958834
        ],
        "_area_m2": 53.4
      },
      "geometry": {
        "type": "Polygon",
        "coordinates": [
          [
            [
              126.97416447810734,
              37.29583744094368
            ],
            [
              126.97412029612384,
              37.29589021179359
            ],
            [
              126.97418683283989,
              37.29592922521785
            ],
            [
              126.97423613831656,
              37.29587669282263
            ],
            [
              126.97416447810734,
              37.29583744094368
            ]
          ]
        ]
      }
    },
    {
      "type": "Feature",
      "properties": {
        "indoor": "room",
        "level": [
          3
        ],
        "ref": "61352",
        "name": "소재부품융합공학과 강의실",
        "room_type": "classroom",
        "_idx": 21,
        "_centroid": [
          126.9739236,
          37.2958633
        ],
        "_area_m2": 123.3
      },
      "geometry": {
        "type": "Polygon",
        "coordinates": [
          [
            [
              126.97390310887377,
              37.29579400197169
            ],
            [
              126.97383554122531,
              37.29587483003959
            ],
            [
              126.97394182321044,
              37.29593077909682
            ],
            [
              126.97401411015633,
              37.29585376109181
            ],
            [
              126.97390310887377,
              37.29579400197169
            ]
          ]
        ]
      }
    },
    {
      "type": "Feature",
      "properties": {
        "indoor": "room",
        "level": [
          3
        ],
        "ref": "",
        "name": "",
        "room_type": "",
        "_idx": 22,
        "_centroid": [
          126.9737744,
          37.2958243
        ],
        "_area_m2": 183.4
      },
      "geometry": {
        "type": "MultiPolygon",
        "coordinates": [
          [
            [
              [
                126.9737631952259,
                37.2958365947686
              ],
              [
                126.97377828311038,
                37.295844550085725
              ],
              [
                126.9738007196746,
                37.29582049650897
              ],
              [
                126.97375535221012,
                37.2957957142789
              ],
              [
                126.9737631952259,
                37.2958365947686
              ]
            ]
          ],
          [
            [
              [
                126.97386618857792,
                37.29566833222475
              ],
              [
                126.97376028869283,
                37.2953925926524
              ],
              [
                126.97373005768105,
                37.295391994121616
              ],
              [
                126.97378476922748,
                37.295675457601405
              ],
              [
                126.97378476922746,
                37.295675457601405
              ],
              [
                126.97381628281005,
                37.29571195531965
              ],
              [
                126.97382191355825,
                37.295715256876775
              ],
              [
                126.97386618857792,
                37.29566833222475
              ]
            ]
          ]
        ]
      }
    },
    {
      "type": "Feature",
      "properties": {
        "indoor": "room",
        "level": [
          3
        ],
        "ref": "61354",
        "name": "소재부품융합공학과 사무실",
        "room_type": "office",
        "_idx": 23,
        "_centroid": [
          126.9738414,
          37.2958197
        ],
        "_area_m2": 63.7
      },
      "geometry": {
        "type": "Polygon",
        "coordinates": [
          [
            [
              126.97383554122531,
              37.29587483003959
            ],
            [
              126.97390310887377,
              37.29579400197169
            ],
            [
              126.97384842022345,
              37.29576507029812
            ],
            [
              126.97377839741783,
              37.29584474834557
            ],
            [
              126.97383554122531,
              37.29587483003959
            ]
          ]
        ]
      }
    },
    {
      "type": "Feature",
      "properties": {
        "indoor": "room",
        "level": [
          3
        ],
        "ref": "61302B",
        "name": "",
        "room_type": "",
        "_idx": 24,
        "_centroid": [
          126.9740646,
          37.2958195
        ],
        "_area_m2": 66.9
      },
      "geometry": {
        "type": "MultiPolygon",
        "coordinates": [
          [
            [
              [
                126.97405343086417,
                37.29585100572965
              ],
              [
                126.97409969124082,
                37.29580171765027
              ],
              [
                126.97407549802612,
                37.29578835542354
              ],
              [
                126.9740297361,
                37.29583711243971
              ],
              [
                126.97405343086417,
                37.29585100572965
              ]
            ]
          ],
          [
            [
              [
                126.97409969124082,
                37.29580171765027
              ],
              [
                126.97405343086417,
                37.29585100572965
              ],
              [
                126.97410659056035,
                37.29588217561455
              ],
              [
                126.97412029612384,
                37.29589021179359
              ],
              [
                126.97416447810734,
                37.29583744094368
              ],
              [
                126.97415147470065,
                37.29583031832778
              ],
              [
                126.97409969124082,
                37.29580171765027
              ]
            ]
          ]
        ]
      }
    },
    {
      "type": "Feature",
      "properties": {
        "indoor": "room",
        "level": [
          3
        ],
        "ref": "61357",
        "name": "대학원설계실습실",
        "room_type": "classroom",
        "_idx": 25,
        "_centroid": [
          126.9734346,
          37.2958194
        ],
        "_area_m2": 58.9
      },
      "geometry": {
        "type": "Polygon",
        "coordinates": [
          [
            [
              126.97350440696356,
              37.29585159148328
            ],
            [
              126.97349125577901,
              37.295788870037065
            ],
            [
              126.97339921298243,
              37.2958010834886
            ],
            [
              126.973394869141,
              37.295786339578555
            ],
            [
              126.97339338354556,
              37.295786538578895
            ],
            [
              126.97341103771502,
              37.295863013653154
            ],
            [
              126.97344807229068,
              37.29585851716024
            ],
            [
              126.97350440696356,
              37.29585159148328
            ]
          ]
        ]
      }
    },
    {
      "type": "Feature",
      "properties": {
        "indoor": "room",
        "level": [
          3
        ],
        "ref": "61356",
        "name": "학부실습실/세미나실",
        "room_type": "classroom",
        "_idx": 26,
        "_centroid": [
          126.973579,
          37.2958099
        ],
        "_area_m2": 94.9
      },
      "geometry": {
        "type": "Polygon",
        "coordinates": [
          [
            [
              126.97364314809326,
              37.295768827730335
            ],
            [
              126.97364314809091,
              37.29576882773065
            ],
            [
              126.97351952890037,
              37.29578517400697
            ],
            [
              126.97349125577901,
              37.295788870037065
            ],
            [
              126.97350440696356,
              37.29585159148328
            ],
            [
              126.97352755105248,
              37.29584874619324
            ],
            [
              126.9736513129862,
              37.29583353113777
            ],
            [
              126.9736513129969,
              37.29583353113645
            ],
            [
              126.97364314809326,
              37.295768827730335
            ]
          ]
        ]
      }
    },
    {
      "type": "Feature",
      "properties": {
        "indoor": "room",
        "level": [
          3
        ],
        "ref": "61303",
        "name": "",
        "room_type": "",
        "_idx": 27,
        "_centroid": [
          126.9740401,
          37.2958055
        ],
        "_area_m2": 112.2
      },
      "geometry": {
        "type": "MultiPolygon",
        "coordinates": [
          [
            [
              [
                126.9740492000234,
                37.295773636405976
              ],
              [
                126.97400576699341,
                37.29582305829067
              ],
              [
                126.9740297361,
                37.29583711243971
              ],
              [
                126.97407549802612,
                37.29578835542354
              ],
              [
                126.9740492000234,
                37.295773636405976
              ]
            ]
          ],
          [
            [
              [
                126.97402948442291,
                37.295762565262635
              ],
              [
                126.9739861139565,
                37.29581153484448
              ],
              [
                126.97400576699341,
                37.29582305829067
              ],
              [
                126.9740492000234,
                37.295773636405976
              ],
              [
                126.97402948442291,
                37.295762565262635
              ]
            ]
          ],
          [
            [
              [
                126.9739861139565,
                37.29581153484448
              ],
              [
                126.97402948442291,
                37.295762565262635
              ],
              [
                126.97391497412954,
                37.29569969599032
              ],
              [
                126.97387251943563,
                37.29574492934456
              ],
              [
                126.9739861139565,
                37.29581153484448
              ]
            ]
          ]
        ]
      }
    },
    {
      "type": "Feature",
      "properties": {
        "indoor": "room",
        "level": [
          3
        ],
        "ref": "61355",
        "name": "조경문헌자료실",
        "room_type": "lab",
        "_idx": 28,
        "_centroid": [
          126.9736677,
          37.2957985
        ],
        "_area_m2": 26.3
      },
      "geometry": {
        "type": "Polygon",
        "coordinates": [
          [
            [
              126.9736911661691,
              37.29582819563967
            ],
            [
              126.97368511173933,
              37.29576327883982
            ],
            [
              126.97364314809326,
              37.295768827730335
            ],
            [
              126.9736513129969,
              37.29583353113645
            ],
            [
              126.9736911661691,
              37.29582819563967
            ]
          ]
        ]
      }
    },
    {
      "type": "Feature",
      "properties": {
        "indoor": "room",
        "level": [
          3
        ],
        "ref": "",
        "name": "",
        "room_type": "",
        "_idx": 29,
        "_centroid": [
          126.9737364,
          37.2957901
        ],
        "_area_m2": 44
      },
      "geometry": {
        "type": "Polygon",
        "coordinates": [
          [
            [
              126.97368511173933,
              37.29576327883982
            ],
            [
              126.9736911661691,
              37.29582819563967
            ],
            [
              126.9737373291336,
              37.29582295647708
            ],
            [
              126.9737631952259,
              37.2958365947686
            ],
            [
              126.97375535221012,
              37.2957957142789
            ],
            [
              126.97375430406802,
              37.29579514172545
            ],
            [
              126.97374727536317,
              37.29575913270789
            ],
            [
              126.97374652380758,
              37.29575528238571
            ],
            [
              126.97374745743888,
              37.29575503481211
            ],
            [
              126.97368511173933,
              37.29576327883982
            ]
          ]
        ]
      }
    },
    {
      "type": "Feature",
      "properties": {
        "indoor": "room",
        "level": [
          3
        ],
        "ref": "",
        "name": "",
        "room_type": "",
        "_idx": 30,
        "_centroid": [
          126.9733491,
          37.2957877
        ],
        "_area_m2": 137
      },
      "geometry": {
        "type": "Polygon",
        "coordinates": [
          [
            [
              126.97341103771502,
              37.295863013653154
            ],
            [
              126.97339338354556,
              37.295786538578895
            ],
            [
              126.97337693260373,
              37.295720652168185
            ],
            [
              126.97336360166808,
              37.295720652168185
            ],
            [
              126.97322743821563,
              37.295733485356415
            ],
            [
              126.97333012786186,
              37.295818092576
            ],
            [
              126.97334113330162,
              37.29587159547062
            ],
            [
              126.97341103771502,
              37.295863013653154
            ]
          ]
        ]
      }
    },
    {
      "type": "Feature",
      "properties": {
        "indoor": "room",
        "level": [
          3
        ],
        "ref": "61316",
        "name": "플로팅 및 모델링실",
        "room_type": "lab",
        "_idx": 31,
        "_centroid": [
          126.9733922,
          37.295752
        ],
        "_area_m2": 22.2
      },
      "geometry": {
        "type": "Polygon",
        "coordinates": [
          [
            [
              126.97341445916574,
              37.29571603184543
            ],
            [
              126.97337691254427,
              37.29571903028209
            ],
            [
              126.97336360166808,
              37.295720652168185
            ],
            [
              126.97337693260373,
              37.295720652168185
            ],
            [
              126.97339338354556,
              37.295786538578895
            ],
            [
              126.973394869141,
              37.295786339578555
            ],
            [
              126.97339454482616,
              37.29578523878588
            ],
            [
              126.97342269276362,
              37.29578127970881
            ],
            [
              126.97341445916574,
              37.29571603184543
            ]
          ]
        ]
      }
    },
    {
      "type": "Feature",
      "properties": {
        "indoor": "room",
        "level": [
          3
        ],
        "ref": "61315",
        "name": "최혜영교수실",
        "room_type": "office",
        "_idx": 32,
        "_centroid": [
          126.9734359,
          37.2957466
        ],
        "_area_m2": 22.2
      },
      "geometry": {
        "type": "Polygon",
        "coordinates": [
          [
            [
              126.97341445916574,
              37.29571603184543
            ],
            [
              126.97342269276362,
              37.29578127970881
            ],
            [
              126.97345729951498,
              37.29577641218358
            ],
            [
              126.97344927388572,
              37.29571281238203
            ],
            [
              126.97341445916574,
              37.29571603184543
            ]
          ]
        ]
      }
    },
    {
      "type": "Feature",
      "properties": {
        "indoor": "room",
        "level": [
          3
        ],
        "ref": "61314",
        "name": "조경·도시공간연구실",
        "room_type": "lab",
        "_idx": 33,
        "_centroid": [
          126.9734695,
          37.2957427
        ],
        "_area_m2": 20.2
      },
      "geometry": {
        "type": "Polygon",
        "coordinates": [
          [
            [
              126.97344927388572,
              37.29571281238203
            ],
            [
              126.97345729951498,
              37.29577641218358
            ],
            [
              126.97348970092843,
              37.29577185484458
            ],
            [
              126.97348187001498,
              37.295709798081035
            ],
            [
              126.97344927388572,
              37.29571281238203
            ]
          ]
        ]
      }
    },
    {
      "type": "Feature",
      "properties": {
        "indoor": "room",
        "level": [
          3
        ],
        "ref": "61313",
        "name": "조경·도시공간연구실",
        "room_type": "lab",
        "_idx": 34,
        "_centroid": [
          126.9735006,
          37.2957392
        ],
        "_area_m2": 17.9
      },
      "geometry": {
        "type": "Polygon",
        "coordinates": [
          [
            [
              126.97351944380478,
              37.29576767143541
            ],
            [
              126.97351126131468,
              37.29570727799543
            ],
            [
              126.97348187001498,
              37.295709798081035
            ],
            [
              126.97348970092843,
              37.29577185484458
            ],
            [
              126.97351944380478,
              37.29576767143541
            ]
          ]
        ]
      }
    },
    {
      "type": "Feature",
      "properties": {
        "indoor": "room",
        "level": [
          3
        ],
        "ref": "61312",
        "name": "스마트팩토리융합연구실",
        "room_type": "lab",
        "_idx": 35,
        "_centroid": [
          126.9735291,
          37.2957358
        ],
        "_area_m2": 16.4
      },
      "geometry": {
        "type": "Polygon",
        "coordinates": [
          [
            [
              126.97351126131468,
              37.29570727799543
            ],
            [
              126.97351944380478,
              37.29576767143541
            ],
            [
              126.97354730412725,
              37.2957637528121
            ],
            [
              126.97353855147455,
              37.29570449939558
            ],
            [
              126.97351126131468,
              37.29570727799543
            ]
          ]
        ]
      }
    },
    {
      "type": "Feature",
      "properties": {
        "indoor": "room",
        "level": [
          3
        ],
        "ref": "61311",
        "name": "나다니엘가르얀토교수실",
        "room_type": "office",
        "_idx": 36,
        "_centroid": [
          126.9735597,
          37.2957322
        ],
        "_area_m2": 19.5
      },
      "geometry": {
        "type": "Polygon",
        "coordinates": [
          [
            [
              126.97358067205853,
              37.29575905952998
            ],
            [
              126.9735722926955,
              37.29570139644553
            ],
            [
              126.97353855147455,
              37.29570449939558
            ],
            [
              126.97354730412725,
              37.2957637528121
            ],
            [
              126.97358067205853,
              37.29575905952998
            ]
          ]
        ]
      }
    },
    {
      "type": "Feature",
      "properties": {
        "indoor": "room",
        "level": [
          3
        ],
        "ref": "61310",
        "name": "MCCE Lab",
        "room_type": "lab",
        "_idx": 37,
        "_centroid": [
          126.973592,
          37.2957284
        ],
        "_area_m2": 17.5
      },
      "geometry": {
        "type": "Polygon",
        "coordinates": [
          [
            [
              126.9735722926955,
              37.29570139644553
            ],
            [
              126.97358067205853,
              37.29575905952998
            ],
            [
              126.97361151596868,
              37.29575472125767
            ],
            [
              126.97360335256474,
              37.295698544301885
            ],
            [
              126.9735722926955,
              37.29570139644553
            ]
          ]
        ]
      }
    },
    {
      "type": "Feature",
      "properties": {
        "indoor": "room",
        "level": [
          3
        ],
        "ref": "61309",
        "name": "예비",
        "room_type": "reserved",
        "_idx": 38,
        "_centroid": [
          126.9736256,
          37.2957263
        ],
        "_area_m2": 16.5
      },
      "geometry": {
        "type": "Polygon",
        "coordinates": [
          [
            [
              126.97363849029196,
              37.295731916606805
            ],
            [
              126.97363392479483,
              37.29569573693682
            ],
            [
              126.97360335256474,
              37.295698544301885
            ],
            [
              126.97361151596868,
              37.29575472125767
            ],
            [
              126.97364084740116,
              37.2957505957191
            ],
            [
              126.97363849029196,
              37.295731916606805
            ]
          ]
        ]
      }
    },
    {
      "type": "Feature",
      "properties": {
        "indoor": "room",
        "level": [
          3
        ],
        "ref": "61308",
        "name": "강의컨설팅룸",
        "room_type": "lab",
        "_idx": 39,
        "_centroid": [
          126.973675,
          37.2957056
        ],
        "_area_m2": 43.7
      },
      "geometry": {
        "type": "Polygon",
        "coordinates": [
          [
            [
              126.97363849029196,
              37.295731916606805
            ],
            [
              126.97364084740117,
              37.2957505957191
            ],
            [
              126.97372193818467,
              37.295739190099695
            ],
            [
              126.97370824492634,
              37.295683238432325
            ],
            [
              126.97371097397713,
              37.29568296094815
            ],
            [
              126.97371089269083,
              37.295682576918495
            ],
            [
              126.9736544267794,
              37.29569014071839
            ],
            [
              126.97365516270352,
              37.2956937729782
            ],
            [
              126.97363392479485,
              37.29569573693682
            ],
            [
              126.97363849029196,
              37.295731916606805
            ]
          ]
        ]
      }
    },
    {
      "type": "Feature",
      "properties": {
        "indoor": "room",
        "level": [
          3
        ],
        "ref": "",
        "name": "",
        "room_type": "",
        "_idx": 40,
        "_centroid": [
          126.9738684,
          37.2957002
        ],
        "_area_m2": 33.7
      },
      "geometry": {
        "type": "Polygon",
        "coordinates": [
          [
            [
              126.97391393594478,
              37.29569912063303
            ],
            [
              126.97386845767362,
              37.29567391678122
            ],
            [
              126.97386618857792,
              37.29566833222475
            ],
            [
              126.97382191355825,
              37.295715256876775
            ],
            [
              126.9738716708833,
              37.295744431800735
            ],
            [
              126.97391393594478,
              37.29569912063303
            ]
          ]
        ]
      }
    },
    {
      "type": "Feature",
      "properties": {
        "indoor": "room",
        "level": [
          3
        ],
        "ref": "61305",
        "name": "생명공학대학 열람실",
        "room_type": "lounge",
        "_idx": 41,
        "_centroid": [
          126.973698,
          37.2956474
        ],
        "_area_m2": 104.9
      },
      "geometry": {
        "type": "Polygon",
        "coordinates": [
          [
            [
              126.97372877070434,
              37.295568844021524
            ],
            [
              126.97363249051202,
              37.2955811020716
            ],
            [
              126.9736544267794,
              37.29569014071839
            ],
            [
              126.97371089269083,
              37.295682576918495
            ],
            [
              126.97371097397713,
              37.29568296094815
            ],
            [
              126.97375024919721,
              37.295678967525895
            ],
            [
              126.97372877070434,
              37.295568844021524
            ]
          ]
        ]
      }
    },
    {
      "type": "Feature",
      "properties": {
        "indoor": "room",
        "level": [
          3
        ],
        "ref": "61306",
        "name": "오뚜기함태호 첨단e+강의실",
        "room_type": "classroom",
        "_idx": 42,
        "_centroid": [
          126.973674,
          37.2955419
        ],
        "_area_m2": 64
      },
      "geometry": {
        "type": "Polygon",
        "coordinates": [
          [
            [
              126.97363249051202,
              37.2955811020716
            ],
            [
              126.97372877070434,
              37.295568844021524
            ],
            [
              126.97371584832486,
              37.29550258901367
            ],
            [
              126.97361902599236,
              37.2955149160978
            ],
            [
              126.97363249051202,
              37.2955811020716
            ]
          ]
        ]
      }
    },
    {
      "type": "Feature",
      "properties": {
        "indoor": "room",
        "level": [
          3
        ],
        "ref": "51352A",
        "name": "성균어학원강의실",
        "room_type": "classroom",
        "_idx": 43,
        "_centroid": [
          126.9745742,
          37.2955404
        ],
        "_area_m2": 40
      },
      "geometry": {
        "type": "Polygon",
        "coordinates": [
          [
            [
              126.97460346541936,
              37.2954857837098
            ],
            [
              126.97451599924652,
              37.29557994281835
            ],
            [
              126.97454348534843,
              37.29559623843643
            ],
            [
              126.97463376503543,
              37.29549970015225
            ],
            [
              126.97460346541936,
              37.2954857837098
            ]
          ]
        ]
      }
    },
    {
      "type": "Feature",
      "properties": {
        "indoor": "room",
        "level": [
          3
        ],
        "ref": "51351",
        "name": "성균어학원강의실",
        "room_type": "classroom",
        "_idx": 44,
        "_centroid": [
          126.9746221,
          37.2955376
        ],
        "_area_m2": 55.5
      },
      "geometry": {
        "type": "Polygon",
        "coordinates": [
          [
            [
              126.97466752284062,
              37.29551520493784
            ],
            [
              126.97463376502486,
              37.295499700166836
            ],
            [
              126.97463376503545,
              37.295499700152256
            ],
            [
              126.97463376503543,
              37.29549970015225
            ],
            [
              126.97454348534843,
              37.29559623843643
            ],
            [
              126.97458692028717,
              37.29562194429743
            ],
            [
              126.9746555860838,
              37.29553101239956
            ],
            [
              126.97466752284062,
              37.29551520493784
            ]
          ]
        ]
      }
    },
    {
      "type": "Feature",
      "properties": {
        "indoor": "room",
        "level": [
          3
        ],
        "ref": "51352B",
        "name": "성균어학원강의실",
        "room_type": "classroom",
        "_idx": 45,
        "_centroid": [
          126.9745009,
          37.2955079
        ],
        "_area_m2": 153.4
      },
      "geometry": {
        "type": "Polygon",
        "coordinates": [
          [
            [
              126.97460346541936,
              37.2954857837098
            ],
            [
              126.97457178348039,
              37.29547123234411
            ],
            [
              126.97456369282693,
              37.295467516348765
            ],
            [
              126.97452370578246,
              37.29544915050574
            ],
            [
              126.97447962255173,
              37.29542890330552
            ],
            [
              126.97440181729444,
              37.29551210248531
            ],
            [
              126.97444233296866,
              37.295536164542284
            ],
            [
              126.97444233297496,
              37.29553616454602
            ],
            [
              126.97447908393183,
              37.295557990756116
            ],
            [
              126.97448616876414,
              37.29556225729315
            ],
            [
              126.97451599924652,
              37.29557994281835
            ],
            [
              126.97460346541936,
              37.2954857837098
            ]
          ]
        ]
      }
    },
    {
      "type": "Feature",
      "properties": {
        "indoor": "room",
        "level": [
          3
        ],
        "ref": "61307",
        "name": "",
        "room_type": "",
        "_idx": 46,
        "_centroid": [
          126.9736617,
          37.2954799
        ],
        "_area_m2": 56.1
      },
      "geometry": {
        "type": "Polygon",
        "coordinates": [
          [
            [
              126.97361902599236,
              37.2955149160978
            ],
            [
              126.97371584832486,
              37.29550258901367
            ],
            [
              126.97370458558137,
              37.295444843212316
            ],
            [
              126.97360729073647,
              37.295457230464784
            ],
            [
              126.97361902599236,
              37.2955149160978
            ]
          ]
        ]
      }
    },
    {
      "type": "Feature",
      "properties": {
        "indoor": "room",
        "level": [
          3
        ],
        "ref": "51301",
        "name": "자동화사육실",
        "room_type": "lab",
        "_idx": 47,
        "_centroid": [
          126.9746743,
          37.2954751
        ],
        "_area_m2": 13.6
      },
      "geometry": {
        "type": "Polygon",
        "coordinates": [
          [
            [
              126.97466904540323,
              37.29545108791926
            ],
            [
              126.97464613849371,
              37.29548265096956
            ],
            [
              126.9746801064916,
              37.29549824058517
            ],
            [
              126.97470181034527,
              37.295468335209385
            ],
            [
              126.97466904540323,
              37.29545108791926
            ]
          ]
        ]
      }
    },
    {
      "type": "Feature",
      "properties": {
        "indoor": "room",
        "level": [
          3
        ],
        "ref": "51353",
        "name": "수학과 박사후연구원실",
        "room_type": "lab",
        "_idx": 48,
        "_centroid": [
          126.974426,
          37.2954629
        ],
        "_area_m2": 34.9
      },
      "geometry": {
        "type": "Polygon",
        "coordinates": [
          [
            [
              126.97444607897029,
              37.2954134969118
            ],
            [
              126.97437650494976,
              37.29549706960998
            ],
            [
              126.97440181729444,
              37.29551210248531
            ],
            [
              126.97447962255173,
              37.29542890330552
            ],
            [
              126.97444607897029,
              37.2954134969118
            ]
          ]
        ]
      }
    },
    {
      "type": "Feature",
      "properties": {
        "indoor": "room",
        "level": [
          3
        ],
        "ref": "51302A",
        "name": "",
        "room_type": "",
        "_idx": 49,
        "_centroid": [
          126.9746456,
          37.295461
        ],
        "_area_m2": 10.7
      },
      "geometry": {
        "type": "Polygon",
        "coordinates": [
          [
            [
              126.97464613849371,
              37.29548265096956
            ],
            [
              126.97466904540323,
              37.29545108791926
            ],
            [
              126.97466027491232,
              37.29544647117978
            ],
            [
              126.97464417817565,
              37.295438420117414
            ],
            [
              126.97462058803664,
              37.29547092458506
            ],
            [
              126.97463314434724,
              37.295476687304905
            ],
            [
              126.97464613849371,
              37.29548265096956
            ]
          ]
        ]
      }
    },
    {
      "type": "Feature",
      "properties": {
        "indoor": "room",
        "level": [
          3
        ],
        "ref": "51354",
        "name": "임선혁교수실(수학과)",
        "room_type": "office",
        "_idx": 50,
        "_centroid": [
          126.9743987,
          37.2954486
        ],
        "_area_m2": 34.6
      },
      "geometry": {
        "type": "Polygon",
        "coordinates": [
          [
            [
              126.97441488317374,
              37.29539916884678
            ],
            [
              126.97434764828466,
              37.29547993178041
            ],
            [
              126.97436626871875,
              37.295490990363405
            ],
            [
              126.97437650494976,
              37.29549706960998
            ],
            [
              126.97444607897029,
              37.2954134969118
            ],
            [
              126.97444094379127,
              37.295411138350595
            ],
            [
              126.97441488317374,
              37.29539916884678
            ]
          ]
        ]
      }
    },
    {
      "type": "Feature",
      "properties": {
        "indoor": "room",
        "level": [
          3
        ],
        "ref": "51302B",
        "name": "비선형에르고딕이론창의연구단단장･회의실",
        "room_type": "lounge",
        "_idx": 51,
        "_centroid": [
          126.9746159,
          37.2954468
        ],
        "_area_m2": 14
      },
      "geometry": {
        "type": "Polygon",
        "coordinates": [
          [
            [
              126.97462058803664,
              37.29547092458506
            ],
            [
              126.97464417817565,
              37.295438420117414
            ],
            [
              126.97462861309772,
              37.2954306349734
            ],
            [
              126.97461251488501,
              37.295422343590346
            ],
            [
              126.97458807857514,
              37.29545601399052
            ],
            [
              126.97460172016109,
              37.29546226517192
            ],
            [
              126.97462058803664,
              37.29547092458506
            ]
          ]
        ]
      }
    },
    {
      "type": "Feature",
      "properties": {
        "indoor": "room",
        "level": [
          3
        ],
        "ref": "51303A",
        "name": "연구교수실2",
        "room_type": "office",
        "_idx": 52,
        "_centroid": [
          126.9745843,
          37.295436
        ],
        "_area_m2": 13.7
      },
      "geometry": {
        "type": "Polygon",
        "coordinates": [
          [
            [
              126.97458807857514,
              37.29545601399052
            ],
            [
              126.97461251488501,
              37.295422343590346
            ],
            [
              126.97458273387481,
              37.295407004883636
            ],
            [
              126.9745573897152,
              37.295441926200525
            ],
            [
              126.97458099471783,
              37.29545276785203
            ],
            [
              126.97458807857514,
              37.29545601399052
            ]
          ]
        ]
      }
    },
    {
      "type": "Feature",
      "properties": {
        "indoor": "room",
        "level": [
          3
        ],
        "ref": "51355",
        "name": "BSM 헬프룸",
        "room_type": "lab",
        "_idx": 53,
        "_centroid": [
          126.9743673,
          37.2954321
        ],
        "_area_m2": 31.3
      },
      "geometry": {
        "type": "Polygon",
        "coordinates": [
          [
            [
              126.97441488317374,
              37.29539916884678
            ],
            [
              126.97438848525121,
              37.295387044414056
            ],
            [
              126.97431805552768,
              37.29546235678954
            ],
            [
              126.97434764828466,
              37.29547993178041
            ],
            [
              126.97441488317374,
              37.29539916884678
            ]
          ]
        ]
      }
    },
    {
      "type": "Feature",
      "properties": {
        "indoor": "room",
        "level": [
          3
        ],
        "ref": "51303B",
        "name": "예비",
        "room_type": "reserved",
        "_idx": 54,
        "_centroid": [
          126.9745546,
          37.2954169
        ],
        "_area_m2": 14.3
      },
      "geometry": {
        "type": "Polygon",
        "coordinates": [
          [
            [
              126.9745573897152,
              37.295441926200525
            ],
            [
              126.97458273387481,
              37.295407004883636
            ],
            [
              126.97456949545374,
              37.29540018643601
            ],
            [
              126.97455269887033,
              37.29539153535719
            ],
            [
              126.97452644093228,
              37.29542771576327
            ],
            [
              126.97453855260575,
              37.295433274416865
            ],
            [
              126.9745573897152,
              37.295441926200525
            ]
          ]
        ]
      }
    },
    {
      "type": "Feature",
      "properties": {
        "indoor": "room",
        "level": [
          3
        ],
        "ref": "51304",
        "name": "연구교수실1",
        "room_type": "office",
        "_idx": 55,
        "_centroid": [
          126.9745253,
          37.2953977
        ],
        "_area_m2": 14.2
      },
      "geometry": {
        "type": "Polygon",
        "coordinates": [
          [
            [
              126.97452644093228,
              37.29542771576327
            ],
            [
              126.97455269887033,
              37.29539153535719
            ],
            [
              126.97452696352816,
              37.29537828037145
            ],
            [
              126.97452388795145,
              37.29537669629593
            ],
            [
              126.97449675008697,
              37.29541408914722
            ],
            [
              126.97452644093228,
              37.29542771576327
            ]
          ]
        ]
      }
    },
    {
      "type": "Feature",
      "properties": {
        "indoor": "room",
        "level": [
          3
        ],
        "ref": "51356",
        "name": "강의실",
        "room_type": "classroom",
        "_idx": 56,
        "_centroid": [
          126.9742688,
          37.2953857
        ],
        "_area_m2": 164.9
      },
      "geometry": {
        "type": "Polygon",
        "coordinates": [
          [
            [
              126.97420793256232,
              37.29530411749648
            ],
            [
              126.97416342191846,
              37.29537052494494
            ],
            [
              126.97418268312514,
              37.29538195979445
            ],
            [
              126.97423673380008,
              37.29541379458212
            ],
            [
              126.97427720112567,
              37.29543809356384
            ],
            [
              126.97431805552768,
              37.29546235678954
            ],
            [
              126.97438848525121,
              37.295387044414056
            ],
            [
              126.97434403346884,
              37.29536662793998
            ],
            [
              126.97430047013694,
              37.295346619526605
            ],
            [
              126.97420793256232,
              37.29530411749648
            ]
          ]
        ]
      }
    },
    {
      "type": "Feature",
      "properties": {
        "indoor": "room",
        "level": [
          3
        ],
        "ref": "",
        "name": "",
        "room_type": "",
        "_idx": 57,
        "_centroid": [
          126.9744856,
          37.2953834
        ],
        "_area_m2": 30.6
      },
      "geometry": {
        "type": "Polygon",
        "coordinates": [
          [
            [
              126.97448956971061,
              37.29535914138021
            ],
            [
              126.97446572832538,
              37.2953469457228
            ],
            [
              126.9744345360626,
              37.29538553601529
            ],
            [
              126.97445577193956,
              37.29539528222288
            ],
            [
              126.97449445942786,
              37.29541303784902
            ],
            [
              126.97449675008697,
              37.29541408914722
            ],
            [
              126.97452388795145,
              37.29537669629593
            ],
            [
              126.97452388794947,
              37.295376696294916
            ],
            [
              126.97448956971061,
              37.29535914138021
            ]
          ]
        ]
      }
    },
    {
      "type": "Feature",
      "properties": {
        "indoor": "room",
        "level": [
          3
        ],
        "ref": "",
        "name": "",
        "room_type": "",
        "_idx": 58,
        "_centroid": [
          126.9736224,
          37.2953688
        ],
        "_area_m2": 191.6
      },
      "geometry": {
        "type": "Polygon",
        "coordinates": [
          [
            [
              126.97368464262473,
              37.295343255320965
            ],
            [
              126.97368071197822,
              37.29532243961272
            ],
            [
              126.97367382884318,
              37.295285988256076
            ],
            [
              126.97349305107875,
              37.295312421664256
            ],
            [
              126.9735694377096,
              37.295370851755614
            ],
            [
              126.97359345919672,
              37.29538922640667
            ],
            [
              126.97359415539917,
              37.29539266261442
            ],
            [
              126.97360729073647,
              37.295457230464784
            ],
            [
              126.97370458558137,
              37.295444843212316
            ],
            [
              126.97368464262473,
              37.295343255320965
            ]
          ]
        ]
      }
    },
    {
      "type": "Feature",
      "properties": {
        "indoor": "room",
        "level": [
          3
        ],
        "ref": "",
        "name": "",
        "room_type": "",
        "_idx": 59,
        "_centroid": [
          126.9737416,
          37.2953685
        ],
        "_area_m2": 14.9
      },
      "geometry": {
        "type": "Polygon",
        "coordinates": [
          [
            [
              126.97376028869283,
              37.2953925926524
            ],
            [
              126.97375492749646,
              37.295343215418065
            ],
            [
              126.97372123206891,
              37.29534626814796
            ],
            [
              126.97373005768104,
              37.295391994121616
            ],
            [
              126.97376028869283,
              37.2953925926524
            ]
          ]
        ]
      }
    },
    {
      "type": "Feature",
      "properties": {
        "indoor": "room",
        "level": [
          3
        ],
        "ref": "",
        "name": "",
        "room_type": "",
        "_idx": 60,
        "_centroid": [
          126.973773,
          37.2953566
        ],
        "_area_m2": 24.9
      },
      "geometry": {
        "type": "Polygon",
        "coordinates": [
          [
            [
              126.97379380326552,
              37.295327513448484
            ],
            [
              126.97375321732979,
              37.295331269315405
            ],
            [
              126.97375492749646,
              37.295343215418065
            ],
            [
              126.97376028869283,
              37.2953925926524
            ],
            [
              126.97380267135861,
              37.295388159256156
            ],
            [
              126.97379380326552,
              37.295327513448484
            ]
          ]
        ]
      }
    },
    {
      "type": "Feature",
      "properties": {
        "indoor": "room",
        "level": [
          3
        ],
        "ref": "51363",
        "name": "이석찬교수실",
        "room_type": "office",
        "_idx": 61,
        "_centroid": [
          126.9738541,
          37.2953524
        ],
        "_area_m2": 79
      },
      "geometry": {
        "type": "Polygon",
        "coordinates": [
          [
            [
              126.97379380326552,
              37.295327513448484
            ],
            [
              126.97380267135861,
              37.295388159256156
            ],
            [
              126.9738256199583,
              37.295385758740906
            ],
            [
              126.97387070860367,
              37.29538104228839
            ],
            [
              126.97393621409184,
              37.29537405173683
            ],
            [
              126.97392764729065,
              37.29531546634667
            ],
            [
              126.97386067385926,
              37.295321533991455
            ],
            [
              126.97381548032305,
              37.2953256284259
            ],
            [
              126.97379380326552,
              37.295327513448484
            ]
          ]
        ]
      }
    },
    {
      "type": "Feature",
      "properties": {
        "indoor": "room",
        "level": [
          3
        ],
        "ref": "51359",
        "name": "이석찬교수연구실",
        "room_type": "lab",
        "_idx": 62,
        "_centroid": [
          126.9739604,
          37.2953419
        ],
        "_area_m2": 35
      },
      "geometry": {
        "type": "Polygon",
        "coordinates": [
          [
            [
              126.97393621409184,
              37.29537405173683
            ],
            [
              126.97396335743612,
              37.29537115507957
            ],
            [
              126.97399675409159,
              37.29536762945951
            ],
            [
              126.97398863978769,
              37.29530986870835
            ],
            [
              126.97394957630492,
              37.29531347962647
            ],
            [
              126.97392764729065,
              37.29531546634667
            ],
            [
              126.97393621409184,
              37.29537405173683
            ]
          ]
        ]
      }
    },
    {
      "type": "Feature",
      "properties": {
        "indoor": "room",
        "level": [
          3
        ],
        "ref": "51357",
        "name": "공동기기실",
        "room_type": "lab",
        "_idx": 63,
        "_centroid": [
          126.9740153,
          37.2953365
        ],
        "_area_m2": 25.6
      },
      "geometry": {
        "type": "Polygon",
        "coordinates": [
          [
            [
              126.97398863978769,
              37.29530986870835
            ],
            [
              126.97399675409159,
              37.29536762945951
            ],
            [
              126.97404457093819,
              37.29536258152789
            ],
            [
              126.9740310741567,
              37.29530609610133
            ],
            [
              126.97398863978769,
              37.29530986870835
            ]
          ]
        ]
      }
    },
    {
      "type": "Feature",
      "properties": {
        "indoor": "room",
        "level": [
          3
        ],
        "ref": "",
        "name": "",
        "room_type": "",
        "_idx": 64,
        "_centroid": [
          126.974127,
          37.2953315
        ],
        "_area_m2": 90.5
      },
      "geometry": {
        "type": "Polygon",
        "coordinates": [
          [
            [
              126.9740310741567,
              37.29530609610133
            ],
            [
              126.97404457093819,
              37.29536258152789
            ],
            [
              126.97413411829355,
              37.2953531281875
            ],
            [
              126.97416342191845,
              37.29537052494495
            ],
            [
              126.97420793256232,
              37.29530411749648
            ],
            [
              126.97418065028013,
              37.295292544835306
            ],
            [
              126.9740310741567,
              37.29530609610133
            ]
          ]
        ]
      }
    },
    {
      "type": "Feature",
      "properties": {
        "indoor": "room",
        "level": [
          3
        ],
        "ref": "51305A",
        "name": "전자구조제어연구실",
        "room_type": "lab",
        "_idx": 65,
        "_centroid": [
          126.9743772,
          37.2953307
        ],
        "_area_m2": 80.7
      },
      "geometry": {
        "type": "Polygon",
        "coordinates": [
          [
            [
              126.97439614586901,
              37.29531090274748
            ],
            [
              126.97434736223879,
              37.295285765756006
            ],
            [
              126.97432743432972,
              37.29527551287514
            ],
            [
              126.97428760598675,
              37.29531810244413
            ],
            [
              126.97431194032193,
              37.295329270689386
            ],
            [
              126.97435883974929,
              37.295350795185676
            ],
            [
              126.97440330156239,
              37.29537120093868
            ],
            [
              126.9744345360626,
              37.29538553601529
            ],
            [
              126.97446572832538,
              37.2953469457228
            ],
            [
              126.97443903338002,
              37.29533299195629
            ],
            [
              126.97439614586901,
              37.29531090274748
            ]
          ]
        ]
      }
    },
    {
      "type": "Feature",
      "properties": {
        "indoor": "room",
        "level": [
          3
        ],
        "ref": "",
        "name": "",
        "room_type": "",
        "_idx": 66,
        "_centroid": [
          126.9736897,
          37.2953026
        ],
        "_area_m2": 9.5
      },
      "geometry": {
        "type": "Polygon",
        "coordinates": [
          [
            [
              126.97367382884318,
              37.295285988256076
            ],
            [
              126.97368071197822,
              37.29532243961272
            ],
            [
              126.97369328083295,
              37.295321081080225
            ],
            [
              126.97370652426427,
              37.29531964963462
            ],
            [
              126.97369946025583,
              37.295282240419084
            ],
            [
              126.97368452205562,
              37.29528442468962
            ],
            [
              126.97367382884318,
              37.295285988256076
            ]
          ]
        ]
      }
    },
    {
      "type": "Feature",
      "properties": {
        "indoor": "room",
        "level": [
          3
        ],
        "ref": "",
        "name": "",
        "room_type": "",
        "_idx": 67,
        "_centroid": [
          126.973717,
          37.2952992
        ],
        "_area_m2": 10.6
      },
      "geometry": {
        "type": "Polygon",
        "coordinates": [
          [
            [
              126.97369946025583,
              37.295282240419084
            ],
            [
              126.97370652426427,
              37.29531964963462
            ],
            [
              126.97373465218043,
              37.29531660936652
            ],
            [
              126.97372739107307,
              37.295278156362095
            ],
            [
              126.97369946025583,
              37.295282240419084
            ]
          ]
        ]
      }
    },
    {
      "type": "Feature",
      "properties": {
        "indoor": "room",
        "level": [
          3
        ],
        "ref": "",
        "name": "",
        "room_type": "",
        "_idx": 68,
        "_centroid": [
          126.9737476,
          37.2952953
        ],
        "_area_m2": 13
      },
      "geometry": {
        "type": "Polygon",
        "coordinates": [
          [
            [
              126.97372739107307,
              37.295278156362095
            ],
            [
              126.97373465218043,
              37.29531660936652
            ],
            [
              126.97376801354352,
              37.29531300342972
            ],
            [
              126.97376051866507,
              37.29527331243029
            ],
            [
              126.97372739107307,
              37.295278156362095
            ]
          ]
        ]
      }
    },
    {
      "type": "Feature",
      "properties": {
        "indoor": "room",
        "level": [
          3
        ],
        "ref": "51317",
        "name": "성균어학원교사실",
        "room_type": "",
        "_idx": 69,
        "_centroid": [
          126.973777,
          37.2952915
        ],
        "_area_m2": 11.7
      },
      "geometry": {
        "type": "Polygon",
        "coordinates": [
          [
            [
              126.97376051866507,
              37.29527331243029
            ],
            [
              126.97376801354352,
              37.29531300342972
            ],
            [
              126.97377818849785,
              37.295311903647246
            ],
            [
              126.97379719263854,
              37.29530984954262
            ],
            [
              126.97378949329524,
              37.29526907574649
            ],
            [
              126.97376868218934,
              37.295272118756
            ],
            [
              126.97376051866507,
              37.29527331243029
            ]
          ]
        ]
      }
    },
    {
      "type": "Feature",
      "properties": {
        "indoor": "room",
        "level": [
          3
        ],
        "ref": "51316",
        "name": "퇴행성면역중개의학연구실",
        "room_type": "lab",
        "_idx": 70,
        "_centroid": [
          126.9738075,
          37.2952877
        ],
        "_area_m2": 11.7
      },
      "geometry": {
        "type": "Polygon",
        "coordinates": [
          [
            [
              126.97378949329524,
              37.29526907574649
            ],
            [
              126.97379719263854,
              37.29530984954262
            ],
            [
              126.97382566760923,
              37.295306771762355
            ],
            [
              126.9738177687351,
              37.29526494129862
            ],
            [
              126.97378949329524,
              37.29526907574649
            ]
          ]
        ]
      }
    },
    {
      "type": "Feature",
      "properties": {
        "indoor": "room",
        "level": [
          3
        ],
        "ref": "51315",
        "name": "이대한교수실",
        "room_type": "office",
        "_idx": 71,
        "_centroid": [
          126.9738351,
          37.2952842
        ],
        "_area_m2": 11.4
      },
      "geometry": {
        "type": "Polygon",
        "coordinates": [
          [
            [
              126.9738177687351,
              37.29526494129862
            ],
            [
              126.97382566760923,
              37.295306771762355
            ],
            [
              126.9738526162987,
              37.295303858953574
            ],
            [
              126.97384452858876,
              37.295261028460466
            ],
            [
              126.9738177687351,
              37.29526494129862
            ]
          ]
        ]
      }
    },
    {
      "type": "Feature",
      "properties": {
        "indoor": "room",
        "level": [
          3
        ],
        "ref": "51314",
        "name": "박배준교수실",
        "room_type": "office",
        "_idx": 72,
        "_centroid": [
          126.9738644,
          37.2952804
        ],
        "_area_m2": 13.7
      },
      "geometry": {
        "type": "Polygon",
        "coordinates": [
          [
            [
              126.97384452858876,
              37.295261028460466
            ],
            [
              126.9738526162987,
              37.295303858953574
            ],
            [
              126.97388438625096,
              37.29530042502793
            ],
            [
              126.97387607592142,
              37.29525641559491
            ],
            [
              126.97384452858876,
              37.295261028460466
            ]
          ]
        ]
      }
    },
    {
      "type": "Feature",
      "properties": {
        "indoor": "room",
        "level": [
          3
        ],
        "ref": "51313",
        "name": "이지항교수실",
        "room_type": "office",
        "_idx": 73,
        "_centroid": [
          126.9738969,
          37.2952763
        ],
        "_area_m2": 14.9
      },
      "geometry": {
        "type": "Polygon",
        "coordinates": [
          [
            [
              126.97387607592142,
              37.29525641559491
            ],
            [
              126.97388438625096,
              37.29530042502793
            ],
            [
              126.97391784078367,
              37.295296809020684
            ],
            [
              126.9739092960305,
              37.29525155813523
            ],
            [
              126.97387607592142,
              37.29525641559491
            ]
          ]
        ]
      }
    },
    {
      "type": "Feature",
      "properties": {
        "indoor": "room",
        "level": [
          3
        ],
        "ref": "51305C",
        "name": "식물배양실",
        "room_type": "lab",
        "_idx": 74,
        "_centroid": [
          126.9742738,
          37.2952739
        ],
        "_area_m2": 43.6
      },
      "geometry": {
        "type": "Polygon",
        "coordinates": [
          [
            [
              126.97428760598675,
              37.29531810244413
            ],
            [
              126.97432743432972,
              37.29527551287514
            ],
            [
              126.97427830230599,
              37.2952502074306
            ],
            [
              126.97425555907829,
              37.29523849353315
            ],
            [
              126.97422007683161,
              37.29528710993247
            ],
            [
              126.97428760598675,
              37.29531810244413
            ]
          ]
        ]
      }
    },
    {
      "type": "Feature",
      "properties": {
        "indoor": "room",
        "level": [
          3
        ],
        "ref": "51312",
        "name": "장경로교수실",
        "room_type": "office",
        "_idx": 75,
        "_centroid": [
          126.9739346,
          37.2952715
        ],
        "_area_m2": 17.1
      },
      "geometry": {
        "type": "Polygon",
        "coordinates": [
          [
            [
              126.9739092960305,
              37.29525155813523
            ],
            [
              126.97391784078367,
              37.295296809020684
            ],
            [
              126.97394489428315,
              37.295293884883286
            ],
            [
              126.97395513861429,
              37.29529277760207
            ],
            [
              126.97394633250649,
              37.295246142644615
            ],
            [
              126.9739339202837,
              37.29524795756556
            ],
            [
              126.9739092960305,
              37.29525155813523
            ]
          ]
        ]
      }
    },
    {
      "type": "Feature",
      "properties": {
        "indoor": "room",
        "level": [
          3
        ],
        "ref": "51311",
        "name": "강현식교수실",
        "room_type": "office",
        "_idx": 76,
        "_centroid": [
          126.973969,
          37.2952671
        ],
        "_area_m2": 17.3
      },
      "geometry": {
        "type": "Polygon",
        "coordinates": [
          [
            [
              126.97394633250649,
              37.295246142644615
            ],
            [
              126.97395513861429,
              37.29529277760207
            ],
            [
              126.97399187473141,
              37.295288806897496
            ],
            [
              126.9739828112052,
              37.29524080871244
            ],
            [
              126.97394633250649,
              37.295246142644615
            ]
          ]
        ]
      }
    },
    {
      "type": "Feature",
      "properties": {
        "indoor": "room",
        "level": [
          3
        ],
        "ref": "",
        "name": "",
        "room_type": "",
        "_idx": 77,
        "_centroid": [
          126.9741516,
          37.2952524
        ],
        "_area_m2": 61
      },
      "geometry": {
        "type": "Polygon",
        "coordinates": [
          [
            [
              126.97409333710407,
              37.295224253030725
            ],
            [
              126.97410591076007,
              37.295276481060824
            ],
            [
              126.97410980472085,
              37.29527606017345
            ],
            [
              126.97417758922649,
              37.295268663076754
            ],
            [
              126.97421904835406,
              37.295261214543345
            ],
            [
              126.97420388182123,
              37.29520760999361
            ],
            [
              126.97409333710407,
              37.295224253030725
            ]
          ]
        ]
      }
    },
    {
      "type": "Feature",
      "properties": {
        "indoor": "room",
        "level": [
          3
        ],
        "ref": "51310",
        "name": "엄길호교수실",
        "room_type": "office",
        "_idx": 78,
        "_centroid": [
          126.9740666,
          37.2952493
        ],
        "_area_m2": 56.4
      },
      "geometry": {
        "type": "MultiPolygon",
        "coordinates": [
          [
            [
              [
                126.97401437154528,
                37.295236193944945
              ],
              [
                126.97402614608008,
                37.29528510260289
              ],
              [
                126.97410591076007,
                37.295276481060824
              ],
              [
                126.97409333710407,
                37.295224253030725
              ],
              [
                126.97409333710083,
                37.295224253031215
              ],
              [
                126.97401437154528,
                37.295236193944945
              ]
            ]
          ],
          [
            [
              [
                126.97399187473141,
                37.295288806897496
              ],
              [
                126.9740260601328,
                37.29528511189269
              ],
              [
                126.97401437154528,
                37.295236193944945
              ],
              [
                126.9739828112052,
                37.29524080871244
              ],
              [
                126.97399187473141,
                37.295288806897496
              ]
            ]
          ]
        ]
      }
    },
    {
      "type": "Feature",
      "properties": {
        "indoor": "room",
        "level": [
          3
        ],
        "ref": "",
        "name": "",
        "room_type": "",
        "_idx": 79,
        "_centroid": [
          126.9751828,
          37.2952006
        ],
        "_area_m2": 251.4
      },
      "geometry": {
        "type": "Polygon",
        "coordinates": [
          [
            [
              126.97527084241402,
              37.29517326598888
            ],
            [
              126.97516617577035,
              37.295187566327414
            ],
            [
              126.97515554089442,
              37.29513830551103
            ],
            [
              126.97514639113824,
              37.29513945469883
            ],
            [
              126.97512360209313,
              37.295125967479784
            ],
            [
              126.9750702084448,
              37.29518678533907
            ],
            [
              126.97506654169342,
              37.295249986765775
            ],
            [
              126.97520716675724,
              37.295330728092814
            ],
            [
              126.97526586243605,
              37.29528500711104
            ],
            [
              126.97526341678272,
              37.29519551064074
            ],
            [
              126.9752746261727,
              37.29519405012553
            ],
            [
              126.97527084241402,
              37.29517326598888
            ]
          ]
        ]
      }
    },
    {
      "type": "Feature",
      "properties": {
        "indoor": "room",
        "level": [
          3
        ],
        "ref": "51306",
        "name": "배터리학과",
        "room_type": "office",
        "_idx": 80,
        "_centroid": [
          126.97411,
          37.2951933
        ],
        "_area_m2": 111.3
      },
      "geometry": {
        "type": "Polygon",
        "coordinates": [
          [
            [
              126.97404336480231,
              37.29523177660032
            ],
            [
              126.97409333710407,
              37.295224253030725
            ],
            [
              126.97420388182123,
              37.29520760999361
            ],
            [
              126.9741838946932,
              37.29513696754614
            ],
            [
              126.97402571733925,
              37.295165708293716
            ],
            [
              126.97404336480231,
              37.29523177660032
            ]
          ]
        ]
      }
    },
    {
      "type": "Feature",
      "properties": {
        "indoor": "room",
        "level": [
          3
        ],
        "ref": "32355",
        "name": "여학생휴게실",
        "room_type": "lounge",
        "_idx": 81,
        "_centroid": [
          126.975197,
          37.2951581
        ],
        "_area_m2": 35.4
      },
      "geometry": {
        "type": "Polygon",
        "coordinates": [
          [
            [
              126.97523894953085,
              37.29517741770035
            ],
            [
              126.97522725097069,
              37.29512929889456
            ],
            [
              126.97515554089442,
              37.29513830551103
            ],
            [
              126.97516617577035,
              37.295187566327414
            ],
            [
              126.97523894953085,
              37.29517741770035
            ]
          ]
        ]
      }
    },
    {
      "type": "Feature",
      "properties": {
        "indoor": "room",
        "level": [
          3
        ],
        "ref": "32354B",
        "name": "기초과학연구소연구원실",
        "room_type": "lab",
        "_idx": 82,
        "_centroid": [
          126.9753103,
          37.2951561
        ],
        "_area_m2": 75.7
      },
      "geometry": {
        "type": "Polygon",
        "coordinates": [
          [
            [
              126.97538448924801,
              37.29517973563627
            ],
            [
              126.97537094476431,
              37.29511125129292
            ],
            [
              126.97529816058776,
              37.295120392813864
            ],
            [
              126.97526023191692,
              37.29512515656548
            ],
            [
              126.97527084241402,
              37.29517326598888
            ],
            [
              126.9752746261727,
              37.29519405012553
            ],
            [
              126.97531251860747,
              37.295189112972174
            ],
            [
              126.97538448924801,
              37.29517973563627
            ]
          ]
        ]
      }
    },
    {
      "type": "Feature",
      "properties": {
        "indoor": "room",
        "level": [
          3
        ],
        "ref": "",
        "name": "",
        "room_type": "",
        "_idx": 83,
        "_centroid": [
          126.9752493,
          37.2951513
        ],
        "_area_m2": 15.7
      },
      "geometry": {
        "type": "Polygon",
        "coordinates": [
          [
            [
              126.97522725097069,
              37.29512929889456
            ],
            [
              126.97523894953085,
              37.29517741770035
            ],
            [
              126.97527084241402,
              37.29517326598888
            ],
            [
              126.97526023191692,
              37.29512515656548
            ],
            [
              126.97522725097069,
              37.29512929889456
            ]
          ]
        ]
      }
    },
    {
      "type": "Feature",
      "properties": {
        "indoor": "room",
        "level": [
          3
        ],
        "ref": "32354A",
        "name": "기초과학연구소사무실",
        "room_type": "lab",
        "_idx": 84,
        "_centroid": [
          126.9754409,
          37.2951374
        ],
        "_area_m2": 71.6
      },
      "geometry": {
        "type": "Polygon",
        "coordinates": [
          [
            [
              126.97548913573424,
              37.295166100836774
            ],
            [
              126.97547568170407,
              37.29509807384158
            ],
            [
              126.97545559206426,
              37.29510061979166
            ],
            [
              126.97537094476431,
              37.29511125129292
            ],
            [
              126.97538448924801,
              37.29517973563627
            ],
            [
              126.97546979969404,
              37.29516862020499
            ],
            [
              126.97548913573424,
              37.295166100836774
            ]
          ]
        ]
      }
    },
    {
      "type": "Feature",
      "properties": {
        "indoor": "room",
        "level": [
          3
        ],
        "ref": "32356A",
        "name": "수학과세미나실",
        "room_type": "classroom",
        "_idx": 85,
        "_centroid": [
          126.9750415,
          37.2951348
        ],
        "_area_m2": 31.9
      },
      "geometry": {
        "type": "Polygon",
        "coordinates": [
          [
            [
              126.97509201781207,
              37.295108505324
            ],
            [
              126.97505572854135,
              37.29508869283725
            ],
            [
              126.97500306887419,
              37.29514973434372
            ],
            [
              126.97501730126868,
              37.29515764162174
            ],
            [
              126.97503937954902,
              37.29516966690909
            ],
            [
              126.97509201781207,
              37.295108505324
            ]
          ]
        ]
      }
    },
    {
      "type": "Feature",
      "properties": {
        "indoor": "room",
        "level": [
          3
        ],
        "ref": "32353",
        "name": "기초물리학실험준비실",
        "room_type": "lab",
        "_idx": 86,
        "_centroid": [
          126.9755074,
          37.2951289
        ],
        "_area_m2": 35.9
      },
      "geometry": {
        "type": "Polygon",
        "coordinates": [
          [
            [
              126.97547568170407,
              37.29509807384158
            ],
            [
              126.97548913573424,
              37.295166100836774
            ],
            [
              126.97551158212157,
              37.295163176209286
            ],
            [
              126.97554223914133,
              37.29515918178642
            ],
            [
              126.97552810077471,
              37.295091512868616
            ],
            [
              126.97549741444253,
              37.295095366999576
            ],
            [
              126.97547568170407,
              37.29509807384158
            ]
          ]
        ]
      }
    },
    {
      "type": "Feature",
      "properties": {
        "indoor": "room",
        "level": [
          3
        ],
        "ref": "32352",
        "name": "기초물리학실험실",
        "room_type": "lab",
        "_idx": 87,
        "_centroid": [
          126.9755863,
          37.2951188
        ],
        "_area_m2": 74.3
      },
      "geometry": {
        "type": "Polygon",
        "coordinates": [
          [
            [
              126.97552810077471,
              37.295091512868616
            ],
            [
              126.97554223914133,
              37.29515918178642
            ],
            [
              126.97558580275522,
              37.29515350571298
            ],
            [
              126.97565173553014,
              37.29514478766433
            ],
            [
              126.97563833540785,
              37.295077488248246
            ],
            [
              126.97557170604254,
              37.295086036149804
            ],
            [
              126.97552810077471,
              37.295091512868616
            ]
          ]
        ]
      }
    },
    {
      "type": "Feature",
      "properties": {
        "indoor": "room",
        "level": [
          3
        ],
        "ref": "51307",
        "name": "배터리학과",
        "room_type": "office",
        "_idx": 88,
        "_centroid": [
          126.9740951,
          37.2951159
        ],
        "_area_m2": 114.6
      },
      "geometry": {
        "type": "Polygon",
        "coordinates": [
          [
            [
              126.97416386090637,
              37.29506616018797
            ],
            [
              126.97400675217416,
              37.2950947067942
            ],
            [
              126.97402571733925,
              37.295165708293716
            ],
            [
              126.9741838946932,
              37.29513696754614
            ],
            [
              126.97416386090637,
              37.29506616018797
            ]
          ]
        ]
      }
    },
    {
      "type": "Feature",
      "properties": {
        "indoor": "room",
        "level": [
          3
        ],
        "ref": "32356B",
        "name": "서이혁교수실",
        "room_type": "office",
        "_idx": 89,
        "_centroid": [
          126.9750149,
          37.2951112
        ],
        "_area_m2": 25.5
      },
      "geometry": {
        "type": "Polygon",
        "coordinates": [
          [
            [
              126.97500306887419,
              37.29514973434372
            ],
            [
              126.97505572854135,
              37.29508869283725
            ],
            [
              126.9750265573206,
              37.29507280728198
            ],
            [
              126.97497408514285,
              37.29513363147207
            ],
            [
              126.97500306887419,
              37.29514973434372
            ]
          ]
        ]
      }
    },
    {
      "type": "Feature",
      "properties": {
        "indoor": "room",
        "level": [
          3
        ],
        "ref": "32351B",
        "name": "진화유전체학연구실",
        "room_type": "lab",
        "_idx": 90,
        "_centroid": [
          126.9756865,
          37.2951058
        ],
        "_area_m2": 55.8
      },
      "geometry": {
        "type": "Polygon",
        "coordinates": [
          [
            [
              126.97572161932307,
              37.29506699362988
            ],
            [
              126.97563833540785,
              37.295077488248246
            ],
            [
              126.97565173553014,
              37.29514478766433
            ],
            [
              126.9757344347635,
              37.295133852648455
            ],
            [
              126.97572161932307,
              37.29506699362988
            ]
          ]
        ]
      }
    },
    {
      "type": "Feature",
      "properties": {
        "indoor": "room",
        "level": [
          3
        ],
        "ref": "32351A",
        "name": "윤환수교수실",
        "room_type": "office",
        "_idx": 91,
        "_centroid": [
          126.9757526,
          37.2950973
        ],
        "_area_m2": 32.8
      },
      "geometry": {
        "type": "Polygon",
        "coordinates": [
          [
            [
              126.97572161932307,
              37.29506699362988
            ],
            [
              126.9757344347635,
              37.295133852648455
            ],
            [
              126.97578311810553,
              37.29512741542895
            ],
            [
              126.97577142722344,
              37.29506095164046
            ],
            [
              126.97572161932307,
              37.29506699362988
            ]
          ]
        ]
      }
    },
    {
      "type": "Feature",
      "properties": {
        "indoor": "room",
        "level": [
          3
        ],
        "ref": "",
        "name": "",
        "room_type": "",
        "_idx": 92,
        "_centroid": [
          126.9751985,
          37.2950928
        ],
        "_area_m2": 39
      },
      "geometry": {
        "type": "Polygon",
        "coordinates": [
          [
            [
              126.97525554639641,
              37.29510273080115
            ],
            [
              126.9752522652804,
              37.29508702677543
            ],
            [
              126.97518895263435,
              37.29505241166232
            ],
            [
              126.97514028948044,
              37.295106609556534
            ],
            [
              126.97515545983252,
              37.29511522984024
            ],
            [
              126.97525554639641,
              37.29510273080115
            ]
          ]
        ]
      }
    },
    {
      "type": "Feature",
      "properties": {
        "indoor": "room",
        "level": [
          3
        ],
        "ref": "",
        "name": "",
        "room_type": "",
        "_idx": 93,
        "_centroid": [
          126.9753716,
          37.2950852
        ],
        "_area_m2": 9.3
      },
      "geometry": {
        "type": "Polygon",
        "coordinates": [
          [
            [
              126.97545093500555,
              37.2950783302246
            ],
            [
              126.97545054902257,
              37.295076482836734
            ],
            [
              126.97529140472584,
              37.29508805799962
            ],
            [
              126.97529348059405,
              37.29509799349176
            ],
            [
              126.97545093500555,
              37.2950783302246
            ]
          ]
        ]
      }
    },
    {
      "type": "Feature",
      "properties": {
        "indoor": "room",
        "level": [
          3
        ],
        "ref": "32356C",
        "name": "대수학연구실",
        "room_type": "lab",
        "_idx": 94,
        "_centroid": [
          126.9749563,
          37.2950789
        ],
        "_area_m2": 76.9
      },
      "geometry": {
        "type": "Polygon",
        "coordinates": [
          [
            [
              126.97493603962525,
              37.295023169932946
            ],
            [
              126.97488856366304,
              37.2950861171822
            ],
            [
              126.97497408514285,
              37.29513363147207
            ],
            [
              126.9750265573206,
              37.29507280728198
            ],
            [
              126.97493603962525,
              37.295023169932946
            ]
          ]
        ]
      }
    },
    {
      "type": "Feature",
      "properties": {
        "indoor": "room",
        "level": [
          3
        ],
        "ref": "32303",
        "name": "정윤모교수실",
        "room_type": "office",
        "_idx": 95,
        "_centroid": [
          126.9751196,
          37.295055
        ],
        "_area_m2": 25.8
      },
      "geometry": {
        "type": "Polygon",
        "coordinates": [
          [
            [
              126.97515957749958,
              37.29503644041036
            ],
            [
              126.9751271794724,
              37.29501861457352
            ],
            [
              126.9750795842241,
              37.29507335912987
            ],
            [
              126.97511215984116,
              37.295091634113554
            ],
            [
              126.97515957749958,
              37.29503644041036
            ]
          ]
        ]
      }
    },
    {
      "type": "Feature",
      "properties": {
        "indoor": "room",
        "level": [
          3
        ],
        "ref": "",
        "name": "",
        "room_type": "",
        "_idx": 96,
        "_centroid": [
          126.9754751,
          37.2950521
        ],
        "_area_m2": 27
      },
      "geometry": {
        "type": "Polygon",
        "coordinates": [
          [
            [
              126.97549025095299,
              37.294993069957904
            ],
            [
              126.97545906904541,
              37.29499803435676
            ],
            [
              126.9754725201385,
              37.295074884794886
            ],
            [
              126.97545054902257,
              37.295076482836734
            ],
            [
              126.97545093500555,
              37.2950783302246
            ],
            [
              126.97549276347628,
              37.29507310658948
            ],
            [
              126.97550984883081,
              37.29507097293131
            ],
            [
              126.97549025095299,
              37.294993069957904
            ]
          ]
        ]
      }
    },
    {
      "type": "Feature",
      "properties": {
        "indoor": "room",
        "level": [
          3
        ],
        "ref": "32357",
        "name": "노창동교수실",
        "room_type": "office",
        "_idx": 97,
        "_centroid": [
          126.9748929,
          37.2950441
        ],
        "_area_m2": 32.4
      },
      "geometry": {
        "type": "Polygon",
        "coordinates": [
          [
            [
              126.97490019637365,
              37.295004025888915
            ],
            [
              126.9748493173294,
              37.29506431258203
            ],
            [
              126.97486578630783,
              37.29507346246831
            ],
            [
              126.97488856366304,
              37.2950861171822
            ],
            [
              126.97493603962525,
              37.295023169932946
            ],
            [
              126.97491755793195,
              37.29501345029355
            ],
            [
              126.97490019637365,
              37.295004025888915
            ]
          ]
        ]
      }
    },
    {
      "type": "Feature",
      "properties": {
        "indoor": "room",
        "level": [
          3
        ],
        "ref": "51308",
        "name": "배터리학과",
        "room_type": "office",
        "_idx": 98,
        "_centroid": [
          126.9740751,
          37.2950432
        ],
        "_area_m2": 119.7
      },
      "geometry": {
        "type": "Polygon",
        "coordinates": [
          [
            [
              126.97414279476253,
              37.29499170407016
            ],
            [
              126.97398680971853,
              37.29502004652897
            ],
            [
              126.97400675217416,
              37.2950947067942
            ],
            [
              126.97416386090637,
              37.29506616018797
            ],
            [
              126.97414279476253,
              37.29499170407016
            ]
          ]
        ]
      }
    },
    {
      "type": "Feature",
      "properties": {
        "indoor": "room",
        "level": [
          3
        ],
        "ref": "32304",
        "name": "지홍창교수실",
        "room_type": "office",
        "_idx": 99,
        "_centroid": [
          126.9750897,
          37.2950384
        ],
        "_area_m2": 21.7
      },
      "geometry": {
        "type": "Polygon",
        "coordinates": [
          [
            [
              126.9750795842241,
              37.29507335912987
            ],
            [
              126.9751271794724,
              37.29501861457352
            ],
            [
              126.97509979870705,
              37.29500346728042
            ],
            [
              126.97505224865215,
              37.29505802382154
            ],
            [
              126.9750795842241,
              37.29507335912987
            ]
          ]
        ]
      }
    },
    {
      "type": "Feature",
      "properties": {
        "indoor": "room",
        "level": [
          3
        ],
        "ref": "32302B",
        "name": "배외식교수실",
        "room_type": "office",
        "_idx": 100,
        "_centroid": [
          126.975518,
          37.2950295
        ],
        "_area_m2": 30.8
      },
      "geometry": {
        "type": "Polygon",
        "coordinates": [
          [
            [
              126.97549025095299,
              37.294993069957904
            ],
            [
              126.97550984883081,
              37.29507097293131
            ],
            [
              126.97552345427847,
              37.29506927385188
            ],
            [
              126.97554874140003,
              37.29506611593828
            ],
            [
              126.97552881111184,
              37.2949868915944
            ],
            [
              126.97550697085296,
              37.294990381035234
            ],
            [
              126.97549025095299,
              37.294993069957904
            ]
          ]
        ]
      }
    },
    {
      "type": "Feature",
      "properties": {
        "indoor": "room",
        "level": [
          3
        ],
        "ref": "32358",
        "name": "초빙교수실",
        "room_type": "office",
        "_idx": 101,
        "_centroid": [
          126.9748563,
          37.295024
        ],
        "_area_m2": 31.8
      },
      "geometry": {
        "type": "Polygon",
        "coordinates": [
          [
            [
              126.9748493173294,
              37.29506431258203
            ],
            [
              126.97490019637365,
              37.295004025888915
            ],
            [
              126.97486350826067,
              37.29498401686505
            ],
            [
              126.97481208402158,
              37.295043626385
            ],
            [
              126.9748493173294,
              37.29506431258203
            ]
          ]
        ]
      }
    },
    {
      "type": "Feature",
      "properties": {
        "indoor": "room",
        "level": [
          3
        ],
        "ref": "32302A",
        "name": "감염및염증질환연구실Ⅱ",
        "room_type": "lab",
        "_idx": 102,
        "_centroid": [
          126.9755748,
          37.2950214
        ],
        "_area_m2": 72
      },
      "geometry": {
        "type": "Polygon",
        "coordinates": [
          [
            [
              126.97552881111184,
              37.2949868915944
            ],
            [
              126.97554874140003,
              37.29506611593828
            ],
            [
              126.97556706589852,
              37.295063827532985
            ],
            [
              126.97563725082281,
              37.29505506267906
            ],
            [
              126.97561657371764,
              37.294972869671746
            ],
            [
              126.97555027483939,
              37.29498346231236
            ],
            [
              126.97552881111184,
              37.2949868915944
            ]
          ]
        ]
      }
    },
    {
      "type": "Feature",
      "properties": {
        "indoor": "room",
        "level": [
          3
        ],
        "ref": "32305A",
        "name": "선형모델연구실",
        "room_type": "lab",
        "_idx": 103,
        "_centroid": [
          126.9750458,
          37.295014
        ],
        "_area_m2": 47.5
      },
      "geometry": {
        "type": "Polygon",
        "coordinates": [
          [
            [
              126.97509979870705,
              37.29500346728042
            ],
            [
              126.97506930260658,
              37.29498680805486
            ],
            [
              126.97503913370858,
              37.294970327571484
            ],
            [
              126.97499210667098,
              37.29502428405468
            ],
            [
              126.9750220154712,
              37.295041062949004
            ],
            [
              126.97505224865215,
              37.29505802382154
            ],
            [
              126.97509979870705,
              37.29500346728042
            ]
          ]
        ]
      }
    },
    {
      "type": "Feature",
      "properties": {
        "indoor": "room",
        "level": [
          3
        ],
        "ref": "32301",
        "name": "감염및염증질환연구실Ⅰ",
        "room_type": "lab",
        "_idx": 104,
        "_centroid": [
          126.975693,
          37.2950045
        ],
        "_area_m2": 113
      },
      "geometry": {
        "type": "Polygon",
        "coordinates": [
          [
            [
              126.97561657371764,
              37.294972869671746
            ],
            [
              126.97563725082281,
              37.29505506267906
            ],
            [
              126.97576704174182,
              37.29503885409214
            ],
            [
              126.97575132461283,
              37.29495134038131
            ],
            [
              126.97561657371764,
              37.294972869671746
            ]
          ]
        ]
      }
    },
    {
      "type": "Feature",
      "properties": {
        "indoor": "room",
        "level": [
          3
        ],
        "ref": "32359A",
        "name": "핵천체물리실험연구실",
        "room_type": "lab",
        "_idx": 105,
        "_centroid": [
          126.9748074,
          37.2949971
        ],
        "_area_m2": 47.4
      },
      "geometry": {
        "type": "Polygon",
        "coordinates": [
          [
            [
              126.974804970965,
              37.29495213964423
            ],
            [
              126.97475969764966,
              37.295014521401484
            ],
            [
              126.97477657304493,
              37.2950238970861
            ],
            [
              126.97481208402158,
              37.295043626385
            ],
            [
              126.97486350826067,
              37.29498401686505
            ],
            [
              126.97482776757457,
              37.29496455382478
            ],
            [
              126.974804970965,
              37.29495213964423
            ]
          ]
        ]
      }
    },
    {
      "type": "Feature",
      "properties": {
        "indoor": "room",
        "level": [
          3
        ],
        "ref": "32305B",
        "name": "임용도교수실",
        "room_type": "office",
        "_idx": 106,
        "_centroid": [
          126.9750019,
          37.2949897
        ],
        "_area_m2": 21.3
      },
      "geometry": {
        "type": "Polygon",
        "coordinates": [
          [
            [
              126.97499210667098,
              37.29502428405468
            ],
            [
              126.97503913370858,
              37.294970327571484
            ],
            [
              126.97501166251148,
              37.29495532077186
            ],
            [
              126.9749648723136,
              37.29500900552793
            ],
            [
              126.97499210667098,
              37.29502428405468
            ]
          ]
        ]
      }
    },
    {
      "type": "Feature",
      "properties": {
        "indoor": "room",
        "level": [
          3
        ],
        "ref": "32306",
        "name": "허석문교수실",
        "room_type": "office",
        "_idx": 107,
        "_centroid": [
          126.9749781,
          37.2949765
        ],
        "_area_m2": 110.9
      },
      "geometry": {
        "type": "MultiPolygon",
        "coordinates": [
          [
            [
              [
                126.97501166251148,
                37.29495532077186
              ],
              [
                126.97499098236477,
                37.29494405656281
              ],
              [
                126.97494478268011,
                37.29499773520498
              ],
              [
                126.9749648723136,
                37.29500900552793
              ],
              [
                126.97501166251148,
                37.29495532077186
              ]
            ]
          ],
          [
            [
              [
                126.97494478268011,
                37.29499773520498
              ],
              [
                126.97499098236477,
                37.29494405656281
              ],
              [
                126.9749456980492,
                37.29491928610384
              ],
              [
                126.9749263761194,
                37.29490873103674
              ],
              [
                126.97488070968474,
                37.29496179013161
              ],
              [
                126.97489947655592,
                37.29497231838236
              ],
              [
                126.97494478268011,
                37.29499773520498
              ]
            ]
          ],
          [
            [
              [
                126.97488070968474,
                37.29496179013161
              ],
              [
                126.9749263761194,
                37.29490873103674
              ],
              [
                126.97489387485594,
                37.29489097644286
              ],
              [
                126.97484848626193,
                37.29494371272957
              ],
              [
                126.97488070968474,
                37.29496179013161
              ]
            ]
          ],
          [
            [
              [
                126.97484848626193,
                37.29494371272957
              ],
              [
                126.97489387485594,
                37.29489097644286
              ],
              [
                126.97486649767234,
                37.29487602100036
              ],
              [
                126.97482095899475,
                37.29492826987986
              ],
              [
                126.97484848626193,
                37.29494371272957
              ]
            ]
          ]
        ]
      }
    },
    {
      "type": "Feature",
      "properties": {
        "indoor": "room",
        "level": [
          3
        ],
        "ref": "32359B",
        "name": "예비",
        "room_type": "reserved",
        "_idx": 108,
        "_centroid": [
          126.9747663,
          37.2949745
        ],
        "_area_m2": 27.2
      },
      "geometry": {
        "type": "Polygon",
        "coordinates": [
          [
            [
              126.97475969764966,
              37.295014521401484
            ],
            [
              126.974804970965,
              37.29495213964423
            ],
            [
              126.97477577181277,
              37.29493623887853
            ],
            [
              126.97472491146746,
              37.294995194786125
            ],
            [
              126.97475969764966,
              37.295014521401484
            ]
          ]
        ]
      }
    },
    {
      "type": "Feature",
      "properties": {
        "indoor": "room",
        "level": [
          3
        ],
        "ref": "32359C",
        "name": "예비",
        "room_type": "reserved",
        "_idx": 109,
        "_centroid": [
          126.9747333,
          37.2949564
        ],
        "_area_m2": 28.8
      },
      "geometry": {
        "type": "Polygon",
        "coordinates": [
          [
            [
              126.97472491146746,
              37.294995194786125
            ],
            [
              126.97477577181277,
              37.29493623887853
            ],
            [
              126.97474162848845,
              37.294917645701695
            ],
            [
              126.97469098758665,
              37.29497634725086
            ],
            [
              126.97472491146746,
              37.294995194786125
            ]
          ]
        ]
      }
    },
    {
      "type": "Feature",
      "properties": {
        "indoor": "room",
        "level": [
          3
        ],
        "ref": "",
        "name": "",
        "room_type": "",
        "_idx": 110,
        "_centroid": [
          126.9740717,
          37.2949371
        ],
        "_area_m2": 200.9
      },
      "geometry": {
        "type": "Polygon",
        "coordinates": [
          [
            [
              126.97411471949817,
              37.29491185553344
            ],
            [
              126.97410555619778,
              37.2948673072882
            ],
            [
              126.97395173034023,
              37.29488871688056
            ],
            [
              126.97398680971853,
              37.29502004652897
            ],
            [
              126.97414279476253,
              37.29499170407016
            ],
            [
              126.97412877355642,
              37.29494286806801
            ],
            [
              126.97411471949817,
              37.29491185553344
            ]
          ]
        ]
      }
    },
    {
      "type": "Feature",
      "properties": {
        "indoor": "room",
        "level": [
          3
        ],
        "ref": "32360A",
        "name": "강대준교수실",
        "room_type": "office",
        "_idx": 111,
        "_centroid": [
          126.9746944,
          37.2949349
        ],
        "_area_m2": 37
      },
      "geometry": {
        "type": "Polygon",
        "coordinates": [
          [
            [
              126.97474162848845,
              37.294917645701695
            ],
            [
              126.9746976040822,
              37.294893601563885
            ],
            [
              126.97464719318363,
              37.29495201582015
            ],
            [
              126.97469098758665,
              37.29497634725086
            ],
            [
              126.97474162848845,
              37.294917645701695
            ]
          ]
        ]
      }
    },
    {
      "type": "Feature",
      "properties": {
        "indoor": "room",
        "level": [
          3
        ],
        "ref": "32366",
        "name": "박석희교수실",
        "room_type": "office",
        "_idx": 112,
        "_centroid": [
          126.9742014,
          37.2949159
        ],
        "_area_m2": 21.9
      },
      "geometry": {
        "type": "MultiPolygon",
        "coordinates": [
          [
            [
              [
                126.97418108434361,
                37.29490300061197
              ],
              [
                126.97418775428571,
                37.294933593064926
              ],
              [
                126.97422213063881,
                37.294928943669674
              ],
              [
                126.97421478708627,
                37.294898236684105
              ],
              [
                126.97418108434361,
                37.29490300061197
              ]
            ]
          ],
          [
            [
              [
                126.97418775428571,
                37.294933593064926
              ],
              [
                126.97418108434361,
                37.29490300061197
              ],
              [
                126.97414415216446,
                37.29490809653484
              ],
              [
                126.9741503330804,
                37.29493865427587
              ],
              [
                126.97418775428571,
                37.294933593064926
              ]
            ]
          ]
        ]
      }
    },
    {
      "type": "Feature",
      "properties": {
        "indoor": "room",
        "level": [
          3
        ],
        "ref": "32360B",
        "name": "연구교수실",
        "room_type": "office",
        "_idx": 113,
        "_centroid": [
          126.974655,
          37.2949132
        ],
        "_area_m2": 29.3
      },
      "geometry": {
        "type": "Polygon",
        "coordinates": [
          [
            [
              126.97464719318363,
              37.29495201582015
            ],
            [
              126.9746976040822,
              37.294893601563885
            ],
            [
              126.97466256878346,
              37.29487459274469
            ],
            [
              126.97461243600976,
              37.29493270532134
            ],
            [
              126.97464719318363,
              37.29495201582015
            ]
          ]
        ]
      }
    },
    {
      "type": "Feature",
      "properties": {
        "indoor": "room",
        "level": [
          3
        ],
        "ref": "32365",
        "name": "(주)브릿지바이오",
        "room_type": "",
        "_idx": 114,
        "_centroid": [
          126.9742891,
          37.2949041
        ],
        "_area_m2": 32.3
      },
      "geometry": {
        "type": "MultiPolygon",
        "coordinates": [
          [
            [
              [
                126.97425298829819,
                37.294892851946514
              ],
              [
                126.97425991845044,
                37.29492396664397
              ],
              [
                126.97432542566466,
                37.29491533870086
              ],
              [
                126.97431797717044,
                37.29488419287395
              ],
              [
                126.97425298829819,
                37.294892851946514
              ]
            ]
          ],
          [
            [
              [
                126.97425991845044,
                37.29492396664397
              ],
              [
                126.97425298829819,
                37.294892851946514
              ],
              [
                126.97421478708627,
                37.294898236684105
              ],
              [
                126.97422213063881,
                37.294928943669674
              ],
              [
                126.97425991845044,
                37.29492396664397
              ]
            ]
          ]
        ]
      }
    },
    {
      "type": "Feature",
      "properties": {
        "indoor": "room",
        "level": [
          3
        ],
        "ref": "32307",
        "name": "",
        "room_type": "",
        "_idx": 115,
        "_centroid": [
          126.9748282,
          37.2948935
        ],
        "_area_m2": 23.5
      },
      "geometry": {
        "type": "Polygon",
        "coordinates": [
          [
            [
              126.97482095899475,
              37.29492826987986
            ],
            [
              126.97486649767234,
              37.29487602100036
            ],
            [
              126.97483524194199,
              37.29485894680878
            ],
            [
              126.97478997273114,
              37.2949108865265
            ],
            [
              126.97482095899475,
              37.29492826987986
            ]
          ]
        ]
      }
    },
    {
      "type": "Feature",
      "properties": {
        "indoor": "room",
        "level": [
          3
        ],
        "ref": "32363",
        "name": "식물배양실",
        "room_type": "lab",
        "_idx": 116,
        "_centroid": [
          126.9743626,
          37.294892
        ],
        "_area_m2": 23.6
      },
      "geometry": {
        "type": "Polygon",
        "coordinates": [
          [
            [
              126.97439302704854,
              37.29487399618377
            ],
            [
              126.97431797720121,
              37.294884192869766
            ],
            [
              126.97431797717044,
              37.29488419287395
            ],
            [
              126.97432542566466,
              37.29491533870086
            ],
            [
              126.97439125425888,
              37.294906668428844
            ],
            [
              126.97439979961702,
              37.2949055429213
            ],
            [
              126.97439302705577,
              37.29487399618278
            ],
            [
              126.97439302704854,
              37.29487399618377
            ]
          ]
        ]
      }
    },
    {
      "type": "Feature",
      "properties": {
        "indoor": "room",
        "level": [
          3
        ],
        "ref": "32362",
        "name": "김진섭교수실",
        "room_type": "office",
        "_idx": 117,
        "_centroid": [
          126.9744189,
          37.2948868
        ],
        "_area_m2": 13.5
      },
      "geometry": {
        "type": "Polygon",
        "coordinates": [
          [
            [
              126.97439302705577,
              37.29487399618278
            ],
            [
              126.97439979961702,
              37.2949055429213
            ],
            [
              126.97442495064125,
              37.294902230284535
            ],
            [
              126.97444240066537,
              37.294899931945075
            ],
            [
              126.97443558550809,
              37.29486818678985
            ],
            [
              126.97441740102586,
              37.294870661634384
            ],
            [
              126.97439302705577,
              37.29487399618278
            ]
          ]
        ]
      }
    },
    {
      "type": "Feature",
      "properties": {
        "indoor": "room",
        "level": [
          3
        ],
        "ref": "",
        "name": "",
        "room_type": "",
        "_idx": 118,
        "_centroid": [
          126.9744834,
          37.2948805
        ],
        "_area_m2": 29.2
      },
      "geometry": {
        "type": "Polygon",
        "coordinates": [
          [
            [
              126.97452637916565,
              37.294855735064836
            ],
            [
              126.97445331622103,
              37.29486577370172
            ],
            [
              126.97443558550809,
              37.29486818678985
            ],
            [
              126.97444240066537,
              37.294899931945075
            ],
            [
              126.9744609023625,
              37.294897495089955
            ],
            [
              126.97453216645086,
              37.294888108910015
            ],
            [
              126.97453337169013,
              37.29488794331368
            ],
            [
              126.97452637916565,
              37.294855735064836
            ]
          ]
        ]
      }
    },
    {
      "type": "Feature",
      "properties": {
        "indoor": "room",
        "level": [
          3
        ],
        "ref": "32361",
        "name": "물리학과신진연구원연구실",
        "room_type": "lab",
        "_idx": 119,
        "_centroid": [
          126.9745885,
          37.2948791
        ],
        "_area_m2": 69
      },
      "geometry": {
        "type": "Polygon",
        "coordinates": [
          [
            [
              126.97452637916565,
              37.294855735064836
            ],
            [
              126.97453337169013,
              37.29488794331368
            ],
            [
              126.97461243600976,
              37.29493270532134
            ],
            [
              126.97466256878346,
              37.29487459274469
            ],
            [
              126.97460777250343,
              37.294844752741
            ],
            [
              126.97452637916565,
              37.294855735064836
            ]
          ]
        ]
      }
    },
    {
      "type": "Feature",
      "properties": {
        "indoor": "room",
        "level": [
          3
        ],
        "ref": "32308",
        "name": "한정훈교수실",
        "room_type": "office",
        "_idx": 120,
        "_centroid": [
          126.9747995,
          37.2948777
        ],
        "_area_m2": 19.6
      },
      "geometry": {
        "type": "Polygon",
        "coordinates": [
          [
            [
              126.97478997273114,
              37.2949108865265
            ],
            [
              126.97483524194199,
              37.29485894680878
            ],
            [
              126.97480899642474,
              37.29484460956615
            ],
            [
              126.97476395348548,
              37.29489628967975
            ],
            [
              126.97478997273114,
              37.2949108865265
            ]
          ]
        ]
      }
    },
    {
      "type": "Feature",
      "properties": {
        "indoor": "room",
        "level": [
          3
        ],
        "ref": "32309",
        "name": "손병민교수실",
        "room_type": "office",
        "_idx": 121,
        "_centroid": [
          126.9747659,
          37.2948591
        ],
        "_area_m2": 30.6
      },
      "geometry": {
        "type": "Polygon",
        "coordinates": [
          [
            [
              126.97480899642474,
              37.29484460956615
            ],
            [
              126.97476747848972,
              37.29482198423879
            ],
            [
              126.97472318770943,
              37.294873420001146
            ],
            [
              126.97476395348548,
              37.29489628967975
            ],
            [
              126.97480899642474,
              37.29484460956615
            ]
          ]
        ]
      }
    },
    {
      "type": "Feature",
      "properties": {
        "indoor": "room",
        "level": [
          3
        ],
        "ref": "32316",
        "name": "세포성장조절연구실",
        "room_type": "lab",
        "_idx": 122,
        "_centroid": [
          126.9740227,
          37.2948537
        ],
        "_area_m2": 76.1
      },
      "geometry": {
        "type": "Polygon",
        "coordinates": [
          [
            [
              126.97395173034023,
              37.29488871688056
            ],
            [
              126.97410555619778,
              37.2948673072882
            ],
            [
              126.97409439648963,
              37.29481735120994
            ],
            [
              126.9739390955295,
              37.294841414866355
            ],
            [
              126.97395173034023,
              37.29488871688056
            ]
          ]
        ]
      }
    },
    {
      "type": "Feature",
      "properties": {
        "indoor": "room",
        "level": [
          3
        ],
        "ref": "32310A",
        "name": "전자 구조 제어 실험실",
        "room_type": "lab",
        "_idx": 123,
        "_centroid": [
          126.974723,
          37.2948353
        ],
        "_area_m2": 33
      },
      "geometry": {
        "type": "Polygon",
        "coordinates": [
          [
            [
              126.97472318770943,
              37.294873420001146
            ],
            [
              126.97476747848972,
              37.29482198423879
            ],
            [
              126.97472280590178,
              37.294797525927876
            ],
            [
              126.97467850604144,
              37.29484835349965
            ],
            [
              126.97472318770943,
              37.294873420001146
            ]
          ]
        ]
      }
    },
    {
      "type": "Feature",
      "properties": {
        "indoor": "room",
        "level": [
          3
        ],
        "ref": "32313",
        "name": "분자환경생물학연구실",
        "room_type": "lab",
        "_idx": 124,
        "_centroid": [
          126.9742631,
          37.2948294
        ],
        "_area_m2": 182.1
      },
      "geometry": {
        "type": "Polygon",
        "coordinates": [
          [
            [
              126.97429458808246,
              37.29478639156466
            ],
            [
              126.97422553061271,
              37.29479711781717
            ],
            [
              126.97412617853198,
              37.29481254953671
            ],
            [
              126.97414360482891,
              37.29488554660204
            ],
            [
              126.97424308458346,
              37.29487051965386
            ],
            [
              126.9743122100923,
              37.294860077876606
            ],
            [
              126.97438759437803,
              37.294848690677675
            ],
            [
              126.9743716423656,
              37.29477438583128
            ],
            [
              126.97429458808246,
              37.29478639156466
            ]
          ]
        ]
      }
    },
    {
      "type": "Feature",
      "properties": {
        "indoor": "room",
        "level": [
          3
        ],
        "ref": "32310B",
        "name": "전자 구조 제어 연구실",
        "room_type": "lab",
        "_idx": 125,
        "_centroid": [
          126.9746767,
          37.2948097
        ],
        "_area_m2": 35.1
      },
      "geometry": {
        "type": "Polygon",
        "coordinates": [
          [
            [
              126.9746745542258,
              37.29477118318019
            ],
            [
              126.97463098212094,
              37.29482169248905
            ],
            [
              126.97467850604144,
              37.29484835349965
            ],
            [
              126.97472280590178,
              37.294797525927876
            ],
            [
              126.9746745542258,
              37.29477118318019
            ]
          ]
        ]
      }
    },
    {
      "type": "Feature",
      "properties": {
        "indoor": "room",
        "level": [
          3
        ],
        "ref": "32312",
        "name": "이재성교수실",
        "room_type": "office",
        "_idx": 126,
        "_centroid": [
          126.9744008,
          37.2948083
        ],
        "_area_m2": 31.8
      },
      "geometry": {
        "type": "Polygon",
        "coordinates": [
          [
            [
              126.97437164236631,
              37.294774385831175
            ],
            [
              126.97438759438359,
              37.29484869067684
            ],
            [
              126.97443002406156,
              37.294842281447394
            ],
            [
              126.97441403014862,
              37.294767781442786
            ],
            [
              126.97437164236631,
              37.294774385831175
            ]
          ]
        ]
      }
    },
    {
      "type": "Feature",
      "properties": {
        "indoor": "room",
        "level": [
          3
        ],
        "ref": "32311",
        "name": "김승원교수실",
        "room_type": "office",
        "_idx": 127,
        "_centroid": [
          126.9744527,
          37.2948005
        ],
        "_area_m2": 57.8
      },
      "geometry": {
        "type": "Polygon",
        "coordinates": [
          [
            [
              126.97442983071045,
              37.29476531957662
            ],
            [
              126.97441403014862,
              37.294767781442786
            ],
            [
              126.97443002406156,
              37.294842281447394
            ],
            [
              126.97444708186083,
              37.29483970477572
            ],
            [
              126.9744477425095,
              37.294839604787214
            ],
            [
              126.97450804075787,
              37.29483047870851
            ],
            [
              126.97449059355894,
              37.294757265983684
            ],
            [
              126.97445390554573,
              37.29476164580802
            ],
            [
              126.97442983071045,
              37.29476531957662
            ]
          ]
        ]
      }
    },
    {
      "type": "Feature",
      "properties": {
        "indoor": "room",
        "level": [
          3
        ],
        "ref": "",
        "name": "",
        "room_type": "",
        "_idx": 128,
        "_centroid": [
          126.9745155,
          37.294792
        ],
        "_area_m2": 23.3
      },
      "geometry": {
        "type": "Polygon",
        "coordinates": [
          [
            [
              126.97450804075787,
              37.29483047870851
            ],
            [
              126.97454005789773,
              37.29482564997758
            ],
            [
              126.97452311779043,
              37.29475468945787
            ],
            [
              126.97449059355894,
              37.294757265983684
            ],
            [
              126.97450804075787,
              37.29483047870851
            ]
          ]
        ]
      }
    },
    {
      "type": "Feature",
      "properties": {
        "indoor": "room",
        "level": [
          3
        ],
        "ref": "",
        "name": "",
        "room_type": "",
        "_idx": 129,
        "_centroid": [
          126.9746198,
          37.2947907
        ],
        "_area_m2": 40.3
      },
      "geometry": {
        "type": "Polygon",
        "coordinates": [
          [
            [
              126.97463098212094,
              37.29482169248905
            ],
            [
              126.9746745542258,
              37.29477118318019
            ],
            [
              126.9746521393684,
              37.29475892264086
            ],
            [
              126.97457135641862,
              37.29476939548328
            ],
            [
              126.97458039512807,
              37.29481351932246
            ],
            [
              126.97460965223576,
              37.294809726382525
            ],
            [
              126.97463098212094,
              37.29482169248905
            ]
          ]
        ]
      }
    },
    {
      "type": "Feature",
      "properties": {
        "indoor": "room",
        "level": [
          3
        ],
        "ref": "",
        "name": "",
        "room_type": "",
        "_idx": 130,
        "_centroid": [
          126.974528,
          37.2947296
        ],
        "_area_m2": 102.8
      },
      "geometry": {
        "type": "Polygon",
        "coordinates": [
          [
            [
              126.97462020115995,
              37.294682841727216
            ],
            [
              126.97444490367522,
              37.29470355105399
            ],
            [
              126.97445390554573,
              37.29476164580802
            ],
            [
              126.97449059355894,
              37.294757265983684
            ],
            [
              126.97463062761815,
              37.294742583853065
            ],
            [
              126.97462020115995,
              37.294682841727216
            ]
          ]
        ]
      }
    },
    {
      "type": "Feature",
      "properties": {
        "indoor": "room",
        "level": [
          3
        ],
        "ref": "",
        "name": "",
        "room_type": "",
        "_idx": 131,
        "_centroid": [
          126.9754064,
          37.2946625
        ],
        "_area_m2": 60.6
      },
      "geometry": {
        "type": "Polygon",
        "coordinates": [
          [
            [
              126.97541215945509,
              37.29462197611498
            ],
            [
              126.9753445625964,
              37.2946775576259
            ],
            [
              126.97537838797804,
              37.294697601559385
            ],
            [
              126.97544378371248,
              37.29473635316211
            ],
            [
              126.97543747244828,
              37.29461430734013
            ],
            [
              126.97542186205173,
              37.29462749802216
            ],
            [
              126.97541215945509,
              37.29462197611498
            ]
          ]
        ]
      }
    },
    {
      "type": "Feature",
      "properties": {
        "indoor": "room",
        "level": [
          3
        ],
        "ref": "31317",
        "name": "기초과학연구소세미나실",
        "room_type": "classroom",
        "_idx": 132,
        "_centroid": [
          126.9745422,
          37.2946528
        ],
        "_area_m2": 153.2
      },
      "geometry": {
        "type": "Polygon",
        "coordinates": [
          [
            [
              126.97456154605882,
              37.294573666660796
            ],
            [
              126.97442723652357,
              37.29458953376952
            ],
            [
              126.97444490367522,
              37.29470355105399
            ],
            [
              126.97462020115995,
              37.294682841727216
            ],
            [
              126.97461991592566,
              37.29468120737521
            ],
            [
              126.97457924893955,
              37.29468588599756
            ],
            [
              126.97456154605882,
              37.294573666660796
            ]
          ]
        ]
      }
    },
    {
      "type": "Feature",
      "properties": {
        "indoor": "room",
        "level": [
          3
        ],
        "ref": "31315A",
        "name": "",
        "room_type": "",
        "_idx": 133,
        "_centroid": [
          126.975351,
          37.294634
        ],
        "_area_m2": 59.9
      },
      "geometry": {
        "type": "Polygon",
        "coordinates": [
          [
            [
              126.9753445625964,
              37.2946775576259
            ],
            [
              126.97541215945509,
              37.29462197611498
            ],
            [
              126.97538969351888,
              37.294609190381536
            ],
            [
              126.97534048551778,
              37.294581388031865
            ],
            [
              126.97528548483672,
              37.29464254987054
            ],
            [
              126.97533389681125,
              37.294671237393054
            ],
            [
              126.9753445625964,
              37.2946775576259
            ]
          ]
        ]
      }
    },
    {
      "type": "Feature",
      "properties": {
        "indoor": "room",
        "level": [
          3
        ],
        "ref": "31315B",
        "name": "",
        "room_type": "",
        "_idx": 134,
        "_centroid": [
          126.9752774,
          37.294598
        ],
        "_area_m2": 61.5
      },
      "geometry": {
        "type": "Polygon",
        "coordinates": [
          [
            [
              126.97527566258825,
              37.29454577829644
            ],
            [
              126.97521214250665,
              37.294599089347265
            ],
            [
              126.97522768354294,
              37.29460829851159
            ],
            [
              126.97525954822527,
              37.29462718059192
            ],
            [
              126.97528548483672,
              37.29464254987054
            ],
            [
              126.97534048551778,
              37.294581388031865
            ],
            [
              126.97534048551728,
              37.29458138803158
            ],
            [
              126.97527566258825,
              37.29454577829644
            ]
          ]
        ]
      }
    },
    {
      "type": "Feature",
      "properties": {
        "indoor": "room",
        "level": [
          3
        ],
        "ref": "",
        "name": "",
        "room_type": "",
        "_idx": 135,
        "_centroid": [
          126.9753605,
          37.2945474
        ],
        "_area_m2": 66.2
      },
      "geometry": {
        "type": "Polygon",
        "coordinates": [
          [
            [
              126.97523834883664,
              37.29447175266426
            ],
            [
              126.97521910907703,
              37.29449134414086
            ],
            [
              126.97543746584239,
              37.29461417959703
            ],
            [
              126.97543754711221,
              37.2946142442496
            ],
            [
              126.97543400109933,
              37.29455735880953
            ],
            [
              126.97539120216688,
              37.2945223381255
            ],
            [
              126.9753655228074,
              37.29456027719914
            ],
            [
              126.97523834883664,
              37.29447175266426
            ]
          ]
        ]
      }
    },
    {
      "type": "Feature",
      "properties": {
        "indoor": "room",
        "level": [
          3
        ],
        "ref": "31352",
        "name": "전자물리학실험실",
        "room_type": "lab",
        "_idx": 136,
        "_centroid": [
          126.9752007,
          37.2945471
        ],
        "_area_m2": 93
      },
      "geometry": {
        "type": "Polygon",
        "coordinates": [
          [
            [
              126.97511184208747,
              37.294539654247565
            ],
            [
              126.97519215594782,
              37.2945872458961
            ],
            [
              126.97521214250665,
              37.294599089347265
            ],
            [
              126.97527566258825,
              37.29454577829644
            ],
            [
              126.9752486485193,
              37.29452950044678
            ],
            [
              126.97516380192492,
              37.29448151269743
            ],
            [
              126.97511184208747,
              37.294539654247565
            ]
          ]
        ]
      }
    },
    {
      "type": "Feature",
      "properties": {
        "indoor": "room",
        "level": [
          3
        ],
        "ref": "31316",
        "name": "일반강의실",
        "room_type": "classroom",
        "_idx": 137,
        "_centroid": [
          126.9744856,
          37.2945252
        ],
        "_area_m2": 150.4
      },
      "geometry": {
        "type": "Polygon",
        "coordinates": [
          [
            [
              126.97454376923045,
              37.29446097856671
            ],
            [
              126.97440976966146,
              37.29447680908006
            ],
            [
              126.97442723652357,
              37.29458953376952
            ],
            [
              126.97456154605882,
              37.294573666660796
            ],
            [
              126.97454376923045,
              37.29446097856671
            ]
          ]
        ]
      }
    },
    {
      "type": "Feature",
      "properties": {
        "indoor": "room",
        "level": [
          3
        ],
        "ref": "31353",
        "name": "전자물리학실험준비실",
        "room_type": "lab",
        "_idx": 138,
        "_centroid": [
          126.9751204,
          37.2945005
        ],
        "_area_m2": 29.8
      },
      "geometry": {
        "type": "Polygon",
        "coordinates": [
          [
            [
              126.97511184208747,
              37.294539654247565
            ],
            [
              126.97516380192492,
              37.29448151269743
            ],
            [
              126.97512865208293,
              37.294461716876036
            ],
            [
              126.97507731034311,
              37.29451919174416
            ],
            [
              126.97511184208747,
              37.294539654247565
            ]
          ]
        ]
      }
    },
    {
      "type": "Feature",
      "properties": {
        "indoor": "room",
        "level": [
          3
        ],
        "ref": "31354",
        "name": "물리학과서고",
        "room_type": "",
        "_idx": 139,
        "_centroid": [
          126.9750788,
          37.2944851
        ],
        "_area_m2": 35.7
      },
      "geometry": {
        "type": "Polygon",
        "coordinates": [
          [
            [
              126.97512865208293,
              37.294461716876036
            ],
            [
              126.97508760479057,
              37.294438511299546
            ],
            [
              126.97503386232636,
              37.29449344571807
            ],
            [
              126.97506650540878,
              37.29451278905557
            ],
            [
              126.97507731034311,
              37.29451919174416
            ],
            [
              126.97512865208293,
              37.294461716876036
            ]
          ]
        ]
      }
    },
    {
      "type": "Feature",
      "properties": {
        "indoor": "room",
        "level": [
          3
        ],
        "ref": "31301A",
        "name": "최기영교수실",
        "room_type": "office",
        "_idx": 140,
        "_centroid": [
          126.975233,
          37.294462
        ],
        "_area_m2": 18.2
      },
      "geometry": {
        "type": "Polygon",
        "coordinates": [
          [
            [
              126.97523834883664,
              37.29447175266426
            ],
            [
              126.97526891950267,
              37.29444062313275
            ],
            [
              126.97523978309476,
              37.2944265308246
            ],
            [
              126.97519892682794,
              37.2944799907222
            ],
            [
              126.97521910907703,
              37.29449134414086
            ],
            [
              126.97523834883664,
              37.29447175266426
            ]
          ]
        ]
      }
    },
    {
      "type": "Feature",
      "properties": {
        "indoor": "room",
        "level": [
          3
        ],
        "ref": "31301B",
        "name": "천체입자물리및우주론이론연구실",
        "room_type": "lab",
        "_idx": 141,
        "_centroid": [
          126.9752047,
          37.2944457
        ],
        "_area_m2": 21
      },
      "geometry": {
        "type": "Polygon",
        "coordinates": [
          [
            [
              126.97519892682794,
              37.2944799907222
            ],
            [
              126.97523978309476,
              37.2944265308246
            ],
            [
              126.97520988601914,
              37.29441221100648
            ],
            [
              126.97517036518607,
              37.29446392351997
            ],
            [
              126.97519892682794,
              37.2944799907222
            ]
          ]
        ]
      }
    },
    {
      "type": "Feature",
      "properties": {
        "indoor": "room",
        "level": [
          3
        ],
        "ref": "",
        "name": "",
        "room_type": "",
        "_idx": 142,
        "_centroid": [
          126.9746029,
          37.2944358
        ],
        "_area_m2": 21.7
      },
      "geometry": {
        "type": "Polygon",
        "coordinates": [
          [
            [
              126.97462034518362,
              37.294451931995454
            ],
            [
              126.97462034518632,
              37.294451931995134
            ],
            [
              126.97461948463913,
              37.294447322021085
            ],
            [
              126.97460918447823,
              37.294391772618205
            ],
            [
              126.97457295964243,
              37.2943960345692
            ],
            [
              126.97458413658319,
              37.2944561879001
            ],
            [
              126.97459351003315,
              37.29445508565459
            ],
            [
              126.97462034518362,
              37.294451931995454
            ]
          ]
        ]
      }
    },
    {
      "type": "Feature",
      "properties": {
        "indoor": "room",
        "level": [
          3
        ],
        "ref": "31355",
        "name": "물리학과세미나실",
        "room_type": "classroom",
        "_idx": 143,
        "_centroid": [
          126.9750077,
          37.2944353
        ],
        "_area_m2": 101.8
      },
      "geometry": {
        "type": "Polygon",
        "coordinates": [
          [
            [
              126.97508760479057,
              37.29443851129954
            ],
            [
              126.9750517328411,
              37.294418243772704
            ],
            [
              126.97496290745391,
              37.29436805773753
            ],
            [
              126.97491129441335,
              37.29442081555171
            ],
            [
              126.97499860295264,
              37.294472552042755
            ],
            [
              126.97503386232636,
              37.29449344571807
            ],
            [
              126.97508760479057,
              37.29443851129954
            ]
          ]
        ]
      }
    },
    {
      "type": "Feature",
      "properties": {
        "indoor": "room",
        "level": [
          3
        ],
        "ref": "31302A",
        "name": "예비",
        "room_type": "reserved",
        "_idx": 144,
        "_centroid": [
          126.9751777,
          37.2944316
        ],
        "_area_m2": 17.3
      },
      "geometry": {
        "type": "Polygon",
        "coordinates": [
          [
            [
              126.97518427860558,
              37.29439993365358
            ],
            [
              126.97514613000502,
              37.29445029014563
            ],
            [
              126.97517036518607,
              37.29446392351997
            ],
            [
              126.97520988601914,
              37.29441221100648
            ],
            [
              126.97518427860558,
              37.29439993365358
            ]
          ]
        ]
      }
    },
    {
      "type": "Feature",
      "properties": {
        "indoor": "room",
        "level": [
          3
        ],
        "ref": "31359",
        "name": "김창헌교수실",
        "room_type": "office",
        "_idx": 145,
        "_centroid": [
          126.9746285,
          37.2944255
        ],
        "_area_m2": 19.1
      },
      "geometry": {
        "type": "Polygon",
        "coordinates": [
          [
            [
              126.97465206497822,
              37.294448204294355
            ],
            [
              126.97464128414985,
              37.29438812710148
            ],
            [
              126.97460918447823,
              37.294391772618205
            ],
            [
              126.97461948463913,
              37.294447322021085
            ],
            [
              126.97462034518634,
              37.294451931995134
            ],
            [
              126.97465206497822,
              37.294448204294355
            ]
          ]
        ]
      }
    },
    {
      "type": "Feature",
      "properties": {
        "indoor": "room",
        "level": [
          3
        ],
        "ref": "",
        "name": "",
        "room_type": "",
        "_idx": 146,
        "_centroid": [
          126.9744671,
          37.2944204
        ],
        "_area_m2": 102.7
      },
      "geometry": {
        "type": "Polygon",
        "coordinates": [
          [
            [
              126.97440976966146,
              37.29447680908006
            ],
            [
              126.97454376923045,
              37.29446097856671
            ],
            [
              126.97453226566272,
              37.294388056946715
            ],
            [
              126.97453184533964,
              37.29438546242522
            ],
            [
              126.97438531478986,
              37.29440048589764
            ],
            [
              126.97439948976023,
              37.29441046638679
            ],
            [
              126.97440976966146,
              37.29447680908006
            ]
          ]
        ]
      }
    },
    {
      "type": "Feature",
      "properties": {
        "indoor": "room",
        "level": [
          3
        ],
        "ref": "31302B",
        "name": "예비",
        "room_type": "reserved",
        "_idx": 147,
        "_centroid": [
          126.9751556,
          37.2944201
        ],
        "_area_m2": 17.6
      },
      "geometry": {
        "type": "Polygon",
        "coordinates": [
          [
            [
              126.97514613000502,
              37.29445029014563
            ],
            [
              126.97518427860558,
              37.29439993365358
            ],
            [
              126.97518380342046,
              37.29439971821039
            ],
            [
              126.97515757836733,
              37.29438711502502
            ],
            [
              126.97512059916914,
              37.29443592790746
            ],
            [
              126.97514125589143,
              37.29444754823853
            ],
            [
              126.97514613000502,
              37.29445029014563
            ]
          ]
        ]
      }
    },
    {
      "type": "Feature",
      "properties": {
        "indoor": "room",
        "level": [
          3
        ],
        "ref": "31358",
        "name": "권순학교수실",
        "room_type": "office",
        "_idx": 148,
        "_centroid": [
          126.9746634,
          37.2944162
        ],
        "_area_m2": 20.1
      },
      "geometry": {
        "type": "Polygon",
        "coordinates": [
          [
            [
              126.97467440925807,
              37.294384148336235
            ],
            [
              126.97464128414985,
              37.29438812710148
            ],
            [
              126.97465206497822,
              37.294448204294355
            ],
            [
              126.97468581374635,
              37.29444423814887
            ],
            [
              126.97467440925807,
              37.294384148336235
            ]
          ]
        ]
      }
    },
    {
      "type": "Feature",
      "properties": {
        "indoor": "room",
        "level": [
          3
        ],
        "ref": "31357",
        "name": "수학과회의실",
        "room_type": "lounge",
        "_idx": 149,
        "_centroid": [
          126.9747148,
          37.2944101
        ],
        "_area_m2": 42.9
      },
      "geometry": {
        "type": "Polygon",
        "coordinates": [
          [
            [
              126.97467440925807,
              37.294384148336235
            ],
            [
              126.97468581374635,
              37.29444423814887
            ],
            [
              126.97470031329435,
              37.29444253416617
            ],
            [
              126.97473815921826,
              37.294438086524124
            ],
            [
              126.97475733658814,
              37.294435832805156
            ],
            [
              126.97474592306565,
              37.29437569538161
            ],
            [
              126.97472753230039,
              37.29437785799621
            ],
            [
              126.97468915065573,
              37.29438236437873
            ],
            [
              126.97467440925807,
              37.294384148336235
            ]
          ]
        ]
      }
    },
    {
      "type": "Feature",
      "properties": {
        "indoor": "room",
        "level": [
          3
        ],
        "ref": "31303",
        "name": "예비",
        "room_type": "reserved",
        "_idx": 150,
        "_centroid": [
          126.97513,
          37.2944067
        ],
        "_area_m2": 12
      },
      "geometry": {
        "type": "Polygon",
        "coordinates": [
          [
            [
              126.97512059916914,
              37.29443592790746
            ],
            [
              126.97515757836733,
              37.29438711502502
            ],
            [
              126.97514115507344,
              37.29437922235017
            ],
            [
              126.97510068008825,
              37.29442472253269
            ],
            [
              126.97512059916914,
              37.29443592790746
            ]
          ]
        ]
      }
    },
    {
      "type": "Feature",
      "properties": {
        "indoor": "room",
        "level": [
          3
        ],
        "ref": "31356",
        "name": "수학과사무실",
        "room_type": "office",
        "_idx": 151,
        "_centroid": [
          126.9747699,
          37.2944036
        ],
        "_area_m2": 20.7
      },
      "geometry": {
        "type": "Polygon",
        "coordinates": [
          [
            [
              126.97474592306565,
              37.29437569538161
            ],
            [
              126.97475733658814,
              37.294435832805156
            ],
            [
              126.97477747047525,
              37.29443346667656
            ],
            [
              126.97479176443905,
              37.294431786854055
            ],
            [
              126.9747803504522,
              37.294371646981894
            ],
            [
              126.97476684306339,
              37.29437323534844
            ],
            [
              126.97474592306565,
              37.29437569538161
            ]
          ]
        ]
      }
    },
    {
      "type": "Feature",
      "properties": {
        "indoor": "room",
        "level": [
          3
        ],
        "ref": "",
        "name": "",
        "room_type": "",
        "_idx": 152,
        "_centroid": [
          126.9748176,
          37.2943936
        ],
        "_area_m2": 44.6
      },
      "geometry": {
        "type": "Polygon",
        "coordinates": [
          [
            [
              126.97480660590132,
              37.29436855954008
            ],
            [
              126.97480660590132,
              37.294368559540075
            ],
            [
              126.9747803504522,
              37.294371646981894
            ],
            [
              126.97479176443905,
              37.294431786854055
            ],
            [
              126.97481723381173,
              37.29442879370073
            ],
            [
              126.97486593377319,
              37.29442307049533
            ],
            [
              126.97485467653145,
              37.29436287058817
            ],
            [
              126.97480660590132,
              37.29436855954008
            ]
          ]
        ]
      }
    },
    {
      "type": "Feature",
      "properties": {
        "indoor": "room",
        "level": [
          3
        ],
        "ref": "31304",
        "name": "예비",
        "room_type": "reserved",
        "_idx": 153,
        "_centroid": [
          126.9751012,
          37.2943917
        ],
        "_area_m2": 25
      },
      "geometry": {
        "type": "Polygon",
        "coordinates": [
          [
            [
              126.97510068008825,
              37.29442472253269
            ],
            [
              126.97514115507344,
              37.29437922235017
            ],
            [
              126.97510078594479,
              37.29435982183231
            ],
            [
              126.97506227274013,
              37.29440311667991
            ],
            [
              126.97510068008825,
              37.29442472253269
            ]
          ]
        ]
      }
    },
    {
      "type": "Feature",
      "properties": {
        "indoor": "room",
        "level": [
          3
        ],
        "ref": "",
        "name": "",
        "room_type": "",
        "_idx": 154,
        "_centroid": [
          126.9748759,
          37.2943911
        ],
        "_area_m2": 18.8
      },
      "geometry": {
        "type": "Polygon",
        "coordinates": [
          [
            [
              126.97485467653145,
              37.29436287058817
            ],
            [
              126.97486593377319,
              37.29442307049533
            ],
            [
              126.97489687431907,
              37.29441943437131
            ],
            [
              126.97488624540826,
              37.294359194537684
            ],
            [
              126.97485467653145,
              37.29436287058817
            ]
          ]
        ]
      }
    },
    {
      "type": "Feature",
      "properties": {
        "indoor": "room",
        "level": [
          3
        ],
        "ref": "",
        "name": "",
        "room_type": "",
        "_idx": 155,
        "_centroid": [
          126.9749178,
          37.2943792
        ],
        "_area_m2": 23.8
      },
      "geometry": {
        "type": "Polygon",
        "coordinates": [
          [
            [
              126.97488624540826,
              37.294359194537684
            ],
            [
              126.97489687431907,
              37.29441943437131
            ],
            [
              126.97490696281665,
              37.29441824877399
            ],
            [
              126.97491129441335,
              37.29442081555171
            ],
            [
              126.97496290745391,
              37.29436805773753
            ],
            [
              126.97496126649385,
              37.2943671306008
            ],
            [
              126.97494239244617,
              37.29436829842859
            ],
            [
              126.9749062454335,
              37.29437167361275
            ],
            [
              126.97490067985433,
              37.29434209027442
            ],
            [
              126.97490348135435,
              37.29435716772107
            ],
            [
              126.97488624540826,
              37.294359194537684
            ]
          ]
        ]
      }
    },
    {
      "type": "Feature",
      "properties": {
        "indoor": "room",
        "level": [
          3
        ],
        "ref": "31305",
        "name": "김윤배교수실",
        "room_type": "office",
        "_idx": 156,
        "_centroid": [
          126.9750669,
          37.2943738
        ],
        "_area_m2": 17.8
      },
      "geometry": {
        "type": "Polygon",
        "coordinates": [
          [
            [
              126.97506227274013,
              37.29440311667991
            ],
            [
              126.97510078594479,
              37.29435982183231
            ],
            [
              126.97507073073803,
              37.294345377959104
            ],
            [
              126.97503367809792,
              37.2943870309135
            ],
            [
              126.97506227274013,
              37.29440311667991
            ]
          ]
        ]
      }
    },
    {
      "type": "Feature",
      "properties": {
        "indoor": "room",
        "level": [
          3
        ],
        "ref": "31315",
        "name": "수학과열람실",
        "room_type": "lounge",
        "_idx": 157,
        "_centroid": [
          126.9744674,
          37.2943619
        ],
        "_area_m2": 164.9
      },
      "geometry": {
        "type": "Polygon",
        "coordinates": [
          [
            [
              126.97456994197957,
              37.2943809767684
            ],
            [
              126.97455687923517,
              37.29430694305676
            ],
            [
              126.9742931038424,
              37.29433556086874
            ],
            [
              126.97438531478986,
              37.29440048589764
            ],
            [
              126.97453184533964,
              37.29438546242522
            ],
            [
              126.97456994197957,
              37.2943809767684
            ]
          ]
        ]
      }
    },
    {
      "type": "Feature",
      "properties": {
        "indoor": "room",
        "level": [
          3
        ],
        "ref": "31306A",
        "name": "김범준교수실",
        "room_type": "office",
        "_idx": 158,
        "_centroid": [
          126.975032,
          37.2943557
        ],
        "_area_m2": 23.3
      },
      "geometry": {
        "type": "Polygon",
        "coordinates": [
          [
            [
              126.97503367809792,
              37.2943870309135
            ],
            [
              126.97507073073803,
              37.294345377959104
            ],
            [
              126.97502941807173,
              37.29432552399774
            ],
            [
              126.97499437306523,
              37.29436492007296
            ],
            [
              126.97503367809792,
              37.2943870309135
            ]
          ]
        ]
      }
    },
    {
      "type": "Feature",
      "properties": {
        "indoor": "room",
        "level": [
          3
        ],
        "ref": "31314",
        "name": "이종락교수실",
        "room_type": "office",
        "_idx": 159,
        "_centroid": [
          126.9745798,
          37.2943421
        ],
        "_area_m2": 24.2
      },
      "geometry": {
        "type": "Polygon",
        "coordinates": [
          [
            [
              126.97458989311777,
              37.29430336205756
            ],
            [
              126.97455687923517,
              37.29430694305676
            ],
            [
              126.97456994197957,
              37.2943809767684
            ],
            [
              126.97460253786363,
              37.294377138793465
            ],
            [
              126.97458989311777,
              37.29430336205756
            ]
          ]
        ]
      }
    },
    {
      "type": "Feature",
      "properties": {
        "indoor": "room",
        "level": [
          3
        ],
        "ref": "31313",
        "name": "허정규교수실",
        "room_type": "office",
        "_idx": 160,
        "_centroid": [
          126.9746182,
          37.2943378
        ],
        "_area_m2": 32.2
      },
      "geometry": {
        "type": "Polygon",
        "coordinates": [
          [
            [
              126.97458989311777,
              37.29430336205756
            ],
            [
              126.97460253786363,
              37.294377138793465
            ],
            [
              126.97464660333014,
              37.29437195034219
            ],
            [
              126.97463366336912,
              37.294298612507475
            ],
            [
              126.97458989311777,
              37.29430336205756
            ]
          ]
        ]
      }
    },
    {
      "type": "Feature",
      "properties": {
        "indoor": "room",
        "level": [
          3
        ],
        "ref": "31312",
        "name": "황인성교수실",
        "room_type": "office",
        "_idx": 161,
        "_centroid": [
          126.9746593,
          37.2943331
        ],
        "_area_m2": 28
      },
      "geometry": {
        "type": "Polygon",
        "coordinates": [
          [
            [
              126.97468476990777,
              37.29436745645062
            ],
            [
              126.974672253036,
              37.294294425794604
            ],
            [
              126.97463366336912,
              37.294298612507475
            ],
            [
              126.97464660333014,
              37.29437195034219
            ],
            [
              126.97468476990777,
              37.29436745645062
            ]
          ]
        ]
      }
    },
    {
      "type": "Feature",
      "properties": {
        "indoor": "room",
        "level": [
          3
        ],
        "ref": "31311",
        "name": "최우철교수실",
        "room_type": "office",
        "_idx": 162,
        "_centroid": [
          126.9746985,
          37.2943287
        ],
        "_area_m2": 29
      },
      "geometry": {
        "type": "Polygon",
        "coordinates": [
          [
            [
              126.974672253036,
              37.294294425794604
            ],
            [
              126.97468476990777,
              37.29436745645062
            ],
            [
              126.9747248640553,
              37.29436273559895
            ],
            [
              126.97471204943311,
              37.29429010815983
            ],
            [
              126.974672253036,
              37.294294425794604
            ]
          ]
        ]
      }
    },
    {
      "type": "Feature",
      "properties": {
        "indoor": "room",
        "level": [
          3
        ],
        "ref": "",
        "name": "",
        "room_type": "",
        "_idx": 163,
        "_centroid": [
          126.9749322,
          37.2943287
        ],
        "_area_m2": 74.3
      },
      "geometry": {
        "type": "Polygon",
        "coordinates": [
          [
            [
              126.9748710125732,
              37.29427286175482
            ],
            [
              126.97488357300087,
              37.2943440485477
            ],
            [
              126.9748936620529,
              37.29434286062076
            ],
            [
              126.97490067985433,
              37.29434209027442
            ],
            [
              126.97489830712735,
              37.29432841047917
            ],
            [
              126.9749484667944,
              37.294322904434985
            ],
            [
              126.97495357009112,
              37.2943523271429
            ],
            [
              126.97497016481772,
              37.29435130184995
            ],
            [
              126.97499437306523,
              37.29436492007296
            ],
            [
              126.97502941807173,
              37.29432552399774
            ],
            [
              126.97491063129658,
              37.29426843767882
            ],
            [
              126.9748710125732,
              37.29427286175482
            ]
          ]
        ]
      }
    },
    {
      "type": "Feature",
      "properties": {
        "indoor": "room",
        "level": [
          3
        ],
        "ref": "31310",
        "name": "오세진교수실",
        "room_type": "office",
        "_idx": 164,
        "_centroid": [
          126.9747381,
          37.2943242
        ],
        "_area_m2": 28.4
      },
      "geometry": {
        "type": "Polygon",
        "coordinates": [
          [
            [
              126.97476417378728,
              37.29435810710764
            ],
            [
              126.97475142212468,
              37.29428583649418
            ],
            [
              126.97471204943311,
              37.29429010815983
            ],
            [
              126.9747248640553,
              37.29436273559895
            ],
            [
              126.97476417378728,
              37.29435810710764
            ]
          ]
        ]
      }
    },
    {
      "type": "Feature",
      "properties": {
        "indoor": "room",
        "level": [
          3
        ],
        "ref": "31309",
        "name": "오재성교수실",
        "room_type": "office",
        "_idx": 165,
        "_centroid": [
          126.9747777,
          37.2943197
        ],
        "_area_m2": 28.6
      },
      "geometry": {
        "type": "Polygon",
        "coordinates": [
          [
            [
              126.97480393558259,
              37.29435342538851
            ],
            [
              126.97479124760493,
              37.29428151570408
            ],
            [
              126.97475142212468,
              37.29428583649418
            ],
            [
              126.97476417378728,
              37.29435810710764
            ],
            [
              126.97480393558259,
              37.29435342538851
            ]
          ]
        ]
      }
    },
    {
      "type": "Feature",
      "properties": {
        "indoor": "room",
        "level": [
          3
        ],
        "ref": "31308",
        "name": "천창범교수실",
        "room_type": "office",
        "_idx": 166,
        "_centroid": [
          126.9748113,
          37.2943159
        ],
        "_area_m2": 19.7
      },
      "geometry": {
        "type": "Polygon",
        "coordinates": [
          [
            [
              126.97483136662976,
              37.29435019554294
            ],
            [
              126.97481872455403,
              37.2942784514959
            ],
            [
              126.97479124760493,
              37.29428151570408
            ],
            [
              126.97480393558259,
              37.29435342538851
            ],
            [
              126.97483136662976,
              37.29435019554294
            ]
          ]
        ]
      }
    },
    {
      "type": "Feature",
      "properties": {
        "indoor": "room",
        "level": [
          3
        ],
        "ref": "31307",
        "name": "배종식교수실",
        "room_type": "office",
        "_idx": 167,
        "_centroid": [
          126.9748512,
          37.2943114
        ],
        "_area_m2": 37.2
      },
      "geometry": {
        "type": "Polygon",
        "coordinates": [
          [
            [
              126.97481872455403,
              37.2942784514959
            ],
            [
              126.97483136662976,
              37.29435019554294
            ],
            [
              126.97488357300087,
              37.2943440485477
            ],
            [
              126.9748710125732,
              37.29427286175482
            ],
            [
              126.97481872455403,
              37.2942784514959
            ]
          ]
        ]
      }
    }
  ]
}